timestamp,n_seen,event_type,ensemble_ids,shadow_id,promoted_id,evicted_id,district
2008-01-01 08:00:00,1594,warning,[0],1.0,,,Global
2008-01-01 11:00:00,3498,drift,[0],,,,Global
2008-01-01 11:00:00,3498,promotion,"[0, 1]",,1.0,,Global
2008-01-01 12:00:00,3626,warning,"[0, 1]",2.0,,,Global
2008-01-01 12:00:00,1722,warning,[0],1.0,,,West
2008-01-01 12:00:00,1658,warning,[0],1.0,,,South
2008-01-01 15:00:00,5498,drift,"[0, 1]",,,,Global
2008-01-01 15:00:00,5498,promotion,"[0, 1, 2]",,2.0,,Global
2008-01-01 15:00:00,5626,warning,"[0, 1, 2]",3.0,,,Global
2008-01-01 18:00:00,7498,drift,"[0, 1, 2]",,,,Global
2008-01-01 18:00:00,7498,promotion,"[0, 1, 2, 3]",,3.0,,Global
2008-01-01 19:00:00,7626,warning,"[0, 1, 2, 3]",4.0,,,Global
2008-01-02 06:00:00,9498,drift,"[0, 1, 2, 3]",,,,Global
2008-01-02 06:00:00,9498,promotion,"[0, 2, 3, 4]",,4.0,1.0,Global
2008-01-02 06:00:00,9594,warning,"[0, 2, 3, 4]",5.0,,,Global
2008-01-02 09:00:00,11498,drift,"[0, 2, 3, 4]",,,,Global
2008-01-02 09:00:00,11498,promotion,"[0, 2, 3, 5]",,5.0,4.0,Global
2008-01-02 09:00:00,11594,warning,"[0, 2, 3, 5]",6.0,,,Global
2008-01-02 10:00:00,5498,drift,[0],,,,West
2008-01-02 10:00:00,5498,promotion,"[0, 1]",,1.0,,West
2008-01-02 10:00:00,5626,warning,"[0, 1]",2.0,,,West
2008-01-02 11:00:00,5498,drift,[0],,,,South
2008-01-02 11:00:00,5498,promotion,"[0, 1]",,1.0,,South
2008-01-02 11:00:00,5626,warning,"[0, 1]",2.0,,,South
2008-01-02 12:00:00,1594,warning,[0],1.0,,,Midwest
2008-01-02 12:00:00,13498,drift,"[0, 2, 3, 5]",,,,Global
2008-01-02 12:00:00,13498,promotion,"[0, 2, 5, 6]",,6.0,3.0,Global
2008-01-02 12:00:00,13658,warning,"[0, 2, 5, 6]",7.0,,,Global
2008-01-02 15:00:00,15498,drift,"[0, 2, 5, 6]",,,,Global
2008-01-02 15:00:00,15498,promotion,"[0, 5, 6, 7]",,7.0,2.0,Global
2008-01-02 16:00:00,15626,warning,"[0, 5, 6, 7]",8.0,,,Global
2008-01-02 18:00:00,2098,drift,[0],,,,Midwest
2008-01-02 18:00:00,2098,promotion,"[0, 1]",,1.0,,Midwest
2008-01-02 19:00:00,17498,drift,"[0, 5, 6, 7]",,,,Global
2008-01-02 19:00:00,17498,promotion,"[0, 5, 6, 8]",,8.0,7.0,Global
2008-01-02 19:00:00,17594,warning,"[0, 5, 6, 8]",9.0,,,Global
2008-01-02 19:00:00,2194,warning,"[0, 1]",2.0,,,Midwest
2008-01-03 06:00:00,19498,drift,"[0, 5, 6, 8]",,,,Global
2008-01-03 06:00:00,19498,promotion,"[0, 5, 6, 9]",,9.0,8.0,Global
2008-01-03 06:00:00,19562,warning,"[0, 5, 6, 9]",10.0,,,Global
2008-01-03 08:00:00,9498,drift,"[0, 1]",,,,West
2008-01-03 08:00:00,9498,promotion,"[0, 1, 2]",,2.0,,West
2008-01-03 08:00:00,9594,warning,"[0, 1, 2]",3.0,,,West
2008-01-03 09:00:00,21498,drift,"[0, 5, 6, 9]",,,,Global
2008-01-03 09:00:00,21498,promotion,"[0, 5, 6, 10]",,10.0,9.0,Global
2008-01-03 09:00:00,9498,drift,"[0, 1]",,,,South
2008-01-03 09:00:00,9498,promotion,"[0, 1, 2]",,2.0,,South
2008-01-03 09:00:00,2698,drift,"[0, 1]",,,,Midwest
2008-01-03 09:00:00,2698,promotion,"[0, 1, 2]",,2.0,,Midwest
2008-01-03 09:00:00,21690,warning,"[0, 5, 6, 10]",11.0,,,Global
2008-01-03 10:00:00,9690,warning,"[0, 1, 2]",3.0,,,South
2008-01-03 10:00:00,2794,warning,"[0, 1, 2]",3.0,,,Midwest
2008-01-03 12:00:00,23498,drift,"[0, 5, 6, 10]",,,,Global
2008-01-03 12:00:00,23498,promotion,"[0, 6, 10, 11]",,11.0,5.0,Global
2008-01-03 13:00:00,23626,warning,"[0, 6, 10, 11]",12.0,,,Global
2008-01-03 16:00:00,25498,drift,"[0, 6, 10, 11]",,,,Global
2008-01-03 16:00:00,25498,promotion,"[0, 6, 10, 12]",,12.0,11.0,Global
2008-01-03 16:00:00,25626,warning,"[0, 6, 10, 12]",13.0,,,Global
2008-01-03 16:00:00,3298,drift,"[0, 1, 2]",,,,Midwest
2008-01-03 16:00:00,3298,promotion,"[0, 1, 2, 3]",,3.0,,Midwest
2008-01-03 18:00:00,3426,warning,"[0, 1, 2, 3]",4.0,,,Midwest
2008-01-03 19:00:00,27498,drift,"[0, 6, 10, 12]",,,,Global
2008-01-03 19:00:00,27498,promotion,"[0, 6, 10, 13]",,13.0,12.0,Global
2008-01-03 19:00:00,27594,warning,"[0, 6, 10, 13]",14.0,,,Global
2008-01-04 06:00:00,13498,drift,"[0, 1, 2]",,,,West
2008-01-04 06:00:00,13498,promotion,"[0, 1, 2, 3]",,3.0,,West
2008-01-04 06:00:00,29498,drift,"[0, 6, 10, 13]",,,,Global
2008-01-04 06:00:00,29498,promotion,"[0, 6, 13, 14]",,14.0,10.0,Global
2008-01-04 07:00:00,29626,warning,"[0, 6, 13, 14]",15.0,,,Global
2008-01-04 07:00:00,13626,warning,"[0, 1, 2, 3]",4.0,,,West
2008-01-04 08:00:00,13498,drift,"[0, 1, 2]",,,,South
2008-01-04 08:00:00,13498,promotion,"[0, 1, 2, 3]",,3.0,,South
2008-01-04 08:00:00,3898,drift,"[0, 1, 2, 3]",,,,Midwest
2008-01-04 08:00:00,3898,promotion,"[0, 1, 3, 4]",,4.0,2.0,Midwest
2008-01-04 08:00:00,13658,warning,"[0, 1, 2, 3]",4.0,,,South
2008-01-04 09:00:00,3994,warning,"[0, 1, 3, 4]",5.0,,,Midwest
2008-01-04 09:00:00,31498,drift,"[0, 6, 13, 14]",,,,Global
2008-01-04 09:00:00,31498,promotion,"[0, 6, 13, 15]",,15.0,14.0,Global
2008-01-04 10:00:00,31594,warning,"[0, 6, 13, 15]",16.0,,,Global
2008-01-04 13:00:00,33498,drift,"[0, 6, 13, 15]",,,,Global
2008-01-04 13:00:00,33498,promotion,"[0, 6, 13, 16]",,16.0,15.0,Global
2008-01-04 13:00:00,33658,warning,"[0, 6, 13, 16]",17.0,,,Global
2008-01-04 15:00:00,4498,drift,"[0, 1, 3, 4]",,,,Midwest
2008-01-04 15:00:00,4498,promotion,"[0, 3, 4, 5]",,5.0,1.0,Midwest
2008-01-04 16:00:00,35498,drift,"[0, 6, 13, 16]",,,,Global
2008-01-04 16:00:00,35498,promotion,"[0, 13, 16, 17]",,17.0,6.0,Global
2008-01-04 16:00:00,35626,warning,"[0, 13, 16, 17]",18.0,,,Global
2008-01-04 17:00:00,4658,warning,"[0, 3, 4, 5]",6.0,,,Midwest
2008-01-04 19:00:00,37498,drift,"[0, 13, 16, 17]",,,,Global
2008-01-04 19:00:00,37498,promotion,"[0, 16, 17, 18]",,18.0,13.0,Global
2008-01-04 20:00:00,37722,warning,"[0, 16, 17, 18]",19.0,,,Global
2008-01-05 06:00:00,5098,drift,"[0, 3, 4, 5]",,,,Midwest
2008-01-05 06:00:00,5098,promotion,"[0, 4, 5, 6]",,6.0,3.0,Midwest
2008-01-05 06:00:00,17498,drift,"[0, 1, 2, 3]",,,,South
2008-01-05 06:00:00,17498,promotion,"[0, 2, 3, 4]",,4.0,1.0,South
2008-01-05 06:00:00,17498,drift,"[0, 1, 2, 3]",,,,West
2008-01-05 06:00:00,17498,promotion,"[0, 1, 2, 4]",,4.0,3.0,West
2008-01-05 07:00:00,17562,warning,"[0, 1, 2, 4]",5.0,,,West
2008-01-05 07:00:00,39498,drift,"[0, 16, 17, 18]",,,,Global
2008-01-05 07:00:00,39498,promotion,"[0, 17, 18, 19]",,19.0,16.0,Global
2008-01-05 07:00:00,17690,warning,"[0, 2, 3, 4]",5.0,,,South
2008-01-05 07:00:00,39626,warning,"[0, 17, 18, 19]",20.0,,,Global
2008-01-05 08:00:00,1562,warning,[0],1.0,,,Northeast
2008-01-05 08:00:00,5258,warning,"[0, 4, 5, 6]",7.0,,,Midwest
2008-01-05 10:00:00,41498,drift,"[0, 17, 18, 19]",,,,Global
2008-01-05 10:00:00,41498,promotion,"[0, 17, 18, 20]",,20.0,19.0,Global
2008-01-05 10:00:00,41594,warning,"[0, 17, 18, 20]",21.0,,,Global
2008-01-05 14:00:00,43498,drift,"[0, 17, 18, 20]",,,,Global
2008-01-05 14:00:00,43498,promotion,"[0, 17, 18, 21]",,21.0,20.0,Global
2008-01-05 14:00:00,5698,drift,"[0, 4, 5, 6]",,,,Midwest
2008-01-05 14:00:00,5698,promotion,"[0, 5, 6, 7]",,7.0,4.0,Midwest
2008-01-05 14:00:00,43722,warning,"[0, 17, 18, 21]",22.0,,,Global
2008-01-05 16:00:00,5826,warning,"[0, 5, 6, 7]",8.0,,,Midwest
2008-01-05 18:00:00,45498,drift,"[0, 17, 18, 21]",,,,Global
2008-01-05 18:00:00,45498,promotion,"[0, 17, 21, 22]",,22.0,18.0,Global
2008-01-05 18:00:00,45658,warning,"[0, 17, 21, 22]",23.0,,,Global
2008-01-06 06:00:00,47498,drift,"[0, 17, 21, 22]",,,,Global
2008-01-06 06:00:00,47498,promotion,"[0, 17, 21, 23]",,23.0,22.0,Global
2008-01-06 06:00:00,47626,warning,"[0, 17, 21, 23]",24.0,,,Global
2008-01-06 07:00:00,21498,drift,"[0, 1, 2, 4]",,,,West
2008-01-06 07:00:00,21498,promotion,"[0, 2, 4, 5]",,5.0,1.0,West
2008-01-06 07:00:00,21562,warning,"[0, 2, 4, 5]",6.0,,,West
2008-01-06 07:00:00,21498,drift,"[0, 2, 3, 4]",,,,South
2008-01-06 07:00:00,21498,promotion,"[0, 3, 4, 5]",,5.0,2.0,South
2008-01-06 08:00:00,6298,drift,"[0, 5, 6, 7]",,,,Midwest
2008-01-06 08:00:00,6298,promotion,"[0, 5, 6, 8]",,8.0,7.0,Midwest
2008-01-06 08:00:00,21690,warning,"[0, 3, 4, 5]",6.0,,,South
2008-01-06 09:00:00,6362,warning,"[0, 5, 6, 8]",9.0,,,Midwest
2008-01-06 09:00:00,49498,drift,"[0, 17, 21, 23]",,,,Global
2008-01-06 09:00:00,49498,promotion,"[0, 17, 21, 24]",,24.0,23.0,Global
2008-01-06 09:00:00,49594,warning,"[0, 17, 21, 24]",25.0,,,Global
2008-01-06 10:00:00,1898,drift,[0],,,,Northeast
2008-01-06 10:00:00,1898,promotion,"[0, 1]",,1.0,,Northeast
2008-01-06 13:00:00,51498,drift,"[0, 17, 21, 24]",,,,Global
2008-01-06 13:00:00,51498,promotion,"[0, 21, 24, 25]",,25.0,17.0,Global
2008-01-06 13:00:00,51626,warning,"[0, 21, 24, 25]",26.0,,,Global
2008-01-06 16:00:00,2026,warning,"[0, 1]",2.0,,,Northeast
2008-01-06 16:00:00,53498,drift,"[0, 21, 24, 25]",,,,Global
2008-01-06 16:00:00,53498,promotion,"[0, 21, 25, 26]",,26.0,24.0,Global
2008-01-06 16:00:00,53594,warning,"[0, 21, 25, 26]",27.0,,,Global
2008-01-06 17:00:00,6898,drift,"[0, 5, 6, 8]",,,,Midwest
2008-01-06 17:00:00,6898,promotion,"[0, 5, 6, 9]",,9.0,8.0,Midwest
2008-01-06 18:00:00,6962,warning,"[0, 5, 6, 9]",10.0,,,Midwest
2008-01-06 20:00:00,55498,drift,"[0, 21, 25, 26]",,,,Global
2008-01-06 20:00:00,55498,promotion,"[0, 21, 25, 27]",,27.0,26.0,Global
2008-01-06 20:00:00,55594,warning,"[0, 21, 25, 27]",28.0,,,Global
2008-01-07 06:00:00,25498,drift,"[0, 2, 4, 5]",,,,West
2008-01-07 06:00:00,25498,promotion,"[0, 2, 5, 6]",,6.0,4.0,West
2008-01-07 06:00:00,25594,warning,"[0, 2, 5, 6]",7.0,,,West
2008-01-07 06:00:00,25498,drift,"[0, 3, 4, 5]",,,,South
2008-01-07 06:00:00,25498,promotion,"[0, 3, 4, 6]",,6.0,5.0,South
2008-01-07 06:00:00,25562,warning,"[0, 3, 4, 6]",7.0,,,South
2008-01-07 07:00:00,57498,drift,"[0, 21, 25, 27]",,,,Global
2008-01-07 07:00:00,57498,promotion,"[0, 25, 27, 28]",,28.0,21.0,Global
2008-01-07 07:00:00,57562,warning,"[0, 25, 27, 28]",29.0,,,Global
2008-01-07 09:00:00,7498,drift,"[0, 5, 6, 9]",,,,Midwest
2008-01-07 09:00:00,7498,promotion,"[0, 6, 9, 10]",,10.0,5.0,Midwest
2008-01-07 10:00:00,59498,drift,"[0, 25, 27, 28]",,,,Global
2008-01-07 10:00:00,59498,promotion,"[0, 27, 28, 29]",,29.0,25.0,Global
2008-01-07 10:00:00,59626,warning,"[0, 27, 28, 29]",30.0,,,Global
2008-01-07 10:00:00,2298,drift,"[0, 1]",,,,Northeast
2008-01-07 10:00:00,2298,promotion,"[0, 1, 2]",,2.0,,Northeast
2008-01-07 11:00:00,7658,warning,"[0, 6, 9, 10]",11.0,,,Midwest
2008-01-07 13:00:00,61498,drift,"[0, 27, 28, 29]",,,,Global
2008-01-07 13:00:00,61498,promotion,"[0, 27, 28, 30]",,30.0,29.0,Global
2008-01-07 14:00:00,61594,warning,"[0, 27, 28, 30]",31.0,,,Global
2008-01-07 16:00:00,2458,warning,"[0, 1, 2]",3.0,,,Northeast
2008-01-07 17:00:00,63498,drift,"[0, 27, 28, 30]",,,,Global
2008-01-07 17:00:00,63498,promotion,"[0, 27, 28, 31]",,31.0,30.0,Global
2008-01-07 17:00:00,63626,warning,"[0, 27, 28, 31]",32.0,,,Global
2008-01-07 18:00:00,8098,drift,"[0, 6, 9, 10]",,,,Midwest
2008-01-07 18:00:00,8098,promotion,"[0, 6, 9, 11]",,11.0,10.0,Midwest
2008-01-07 19:00:00,8162,warning,"[0, 6, 9, 11]",12.0,,,Midwest
2008-01-07 21:00:00,29498,drift,"[0, 3, 4, 6]",,,,South
2008-01-07 21:00:00,29498,promotion,"[0, 3, 4, 7]",,7.0,6.0,South
2008-01-07 21:00:00,29498,drift,"[0, 2, 5, 6]",,,,West
2008-01-07 21:00:00,29498,promotion,"[0, 2, 6, 7]",,7.0,5.0,West
2008-01-07 21:00:00,65498,drift,"[0, 27, 28, 31]",,,,Global
2008-01-07 21:00:00,65498,promotion,"[0, 27, 28, 32]",,32.0,31.0,Global
2008-01-07 22:00:00,29626,warning,"[0, 3, 4, 7]",8.0,,,South
2008-01-07 22:00:00,65562,warning,"[0, 27, 28, 32]",33.0,,,Global
2008-01-07 23:00:00,29722,warning,"[0, 2, 6, 7]",8.0,,,West
2008-01-08 08:00:00,67498,drift,"[0, 27, 28, 32]",,,,Global
2008-01-08 08:00:00,67498,promotion,"[0, 27, 28, 33]",,33.0,32.0,Global
2008-01-08 08:00:00,67626,warning,"[0, 27, 28, 33]",34.0,,,Global
2008-01-08 09:00:00,2698,drift,"[0, 1, 2]",,,,Northeast
2008-01-08 09:00:00,2698,promotion,"[0, 1, 2, 3]",,3.0,,Northeast
2008-01-08 10:00:00,8698,drift,"[0, 6, 9, 11]",,,,Midwest
2008-01-08 10:00:00,8698,promotion,"[0, 6, 9, 12]",,12.0,11.0,Midwest
2008-01-08 11:00:00,8762,warning,"[0, 6, 9, 12]",13.0,,,Midwest
2008-01-08 12:00:00,69498,drift,"[0, 27, 28, 33]",,,,Global
2008-01-08 12:00:00,69498,promotion,"[0, 27, 33, 34]",,34.0,28.0,Global
2008-01-08 12:00:00,69626,warning,"[0, 27, 33, 34]",35.0,,,Global
2008-01-08 15:00:00,2858,warning,"[0, 1, 2, 3]",4.0,,,Northeast
2008-01-08 15:00:00,71498,drift,"[0, 27, 33, 34]",,,,Global
2008-01-08 15:00:00,71498,promotion,"[0, 33, 34, 35]",,35.0,27.0,Global
2008-01-08 15:00:00,71626,warning,"[0, 33, 34, 35]",36.0,,,Global
2008-01-08 17:00:00,9298,drift,"[0, 6, 9, 12]",,,,Midwest
2008-01-08 17:00:00,9298,promotion,"[0, 6, 9, 13]",,13.0,12.0,Midwest
2008-01-08 18:00:00,9362,warning,"[0, 6, 9, 13]",14.0,,,Midwest
2008-01-08 19:00:00,73498,drift,"[0, 33, 34, 35]",,,,Global
2008-01-08 19:00:00,73498,promotion,"[0, 33, 34, 36]",,36.0,35.0,Global
2008-01-08 19:00:00,73626,warning,"[0, 33, 34, 36]",37.0,,,Global
2008-01-08 19:00:00,33498,drift,"[0, 3, 4, 7]",,,,South
2008-01-08 19:00:00,33498,promotion,"[0, 4, 7, 8]",,8.0,3.0,South
2008-01-08 19:00:00,33498,drift,"[0, 2, 6, 7]",,,,West
2008-01-08 19:00:00,33498,promotion,"[0, 6, 7, 8]",,8.0,2.0,West
2008-01-08 20:00:00,33626,warning,"[0, 4, 7, 8]",9.0,,,South
2008-01-08 20:00:00,33658,warning,"[0, 6, 7, 8]",9.0,,,West
2008-01-09 07:00:00,75498,drift,"[0, 33, 34, 36]",,,,Global
2008-01-09 07:00:00,75498,promotion,"[0, 33, 34, 37]",,37.0,36.0,Global
2008-01-09 07:00:00,75626,warning,"[0, 33, 34, 37]",38.0,,,Global
2008-01-09 08:00:00,3098,drift,"[0, 1, 2, 3]",,,,Northeast
2008-01-09 08:00:00,3098,promotion,"[0, 1, 2, 4]",,4.0,3.0,Northeast
2008-01-09 09:00:00,9898,drift,"[0, 6, 9, 13]",,,,Midwest
2008-01-09 09:00:00,9898,promotion,"[0, 6, 13, 14]",,14.0,9.0,Midwest
2008-01-09 10:00:00,77498,drift,"[0, 33, 34, 37]",,,,Global
2008-01-09 10:00:00,77498,promotion,"[0, 33, 34, 38]",,38.0,37.0,Global
2008-01-09 10:00:00,9994,warning,"[0, 6, 13, 14]",15.0,,,Midwest
2008-01-09 10:00:00,77594,warning,"[0, 33, 34, 38]",39.0,,,Global
2008-01-09 12:00:00,3194,warning,"[0, 1, 2, 4]",5.0,,,Northeast
2008-01-09 13:00:00,79498,drift,"[0, 33, 34, 38]",,,,Global
2008-01-09 13:00:00,79498,promotion,"[0, 33, 38, 39]",,39.0,34.0,Global
2008-01-09 14:00:00,79786,warning,"[0, 33, 38, 39]",40.0,,,Global
2008-01-09 16:00:00,10498,drift,"[0, 6, 13, 14]",,,,Midwest
2008-01-09 16:00:00,10498,promotion,"[0, 13, 14, 15]",,15.0,6.0,Midwest
2008-01-09 17:00:00,81498,drift,"[0, 33, 38, 39]",,,,Global
2008-01-09 17:00:00,81498,promotion,"[0, 38, 39, 40]",,40.0,33.0,Global
2008-01-09 17:00:00,10626,warning,"[0, 13, 14, 15]",16.0,,,Midwest
2008-01-09 17:00:00,81658,warning,"[0, 38, 39, 40]",41.0,,,Global
2008-01-09 18:00:00,37498,drift,"[0, 6, 7, 8]",,,,West
2008-01-09 18:00:00,37498,promotion,"[0, 7, 8, 9]",,9.0,6.0,West
2008-01-09 18:00:00,37498,drift,"[0, 4, 7, 8]",,,,South
2008-01-09 18:00:00,37498,promotion,"[0, 4, 7, 9]",,9.0,8.0,South
2008-01-09 19:00:00,37690,warning,"[0, 4, 7, 9]",10.0,,,South
2008-01-09 19:00:00,37690,warning,"[0, 7, 8, 9]",10.0,,,West
2008-01-09 22:00:00,83498,drift,"[0, 38, 39, 40]",,,,Global
2008-01-09 22:00:00,83498,promotion,"[0, 38, 39, 41]",,41.0,40.0,Global
2008-01-10 05:00:00,83690,warning,"[0, 38, 39, 41]",42.0,,,Global
2008-01-10 07:00:00,11098,drift,"[0, 13, 14, 15]",,,,Midwest
2008-01-10 07:00:00,11098,promotion,"[0, 14, 15, 16]",,16.0,13.0,Midwest
2008-01-10 07:00:00,3498,drift,"[0, 1, 2, 4]",,,,Northeast
2008-01-10 07:00:00,3498,promotion,"[0, 1, 2, 5]",,5.0,4.0,Northeast
2008-01-10 08:00:00,85498,drift,"[0, 38, 39, 41]",,,,Global
2008-01-10 08:00:00,85498,promotion,"[0, 39, 41, 42]",,42.0,38.0,Global
2008-01-10 08:00:00,85626,warning,"[0, 39, 41, 42]",43.0,,,Global
2008-01-10 08:00:00,11226,warning,"[0, 14, 15, 16]",17.0,,,Midwest
2008-01-10 09:00:00,3562,warning,"[0, 1, 2, 5]",6.0,,,Northeast
2008-01-10 11:00:00,87498,drift,"[0, 39, 41, 42]",,,,Global
2008-01-10 11:00:00,87498,promotion,"[0, 39, 41, 43]",,43.0,42.0,Global
2008-01-10 12:00:00,87626,warning,"[0, 39, 41, 43]",44.0,,,Global
2008-01-10 14:00:00,11698,drift,"[0, 14, 15, 16]",,,,Midwest
2008-01-10 14:00:00,11698,promotion,"[0, 15, 16, 17]",,17.0,14.0,Midwest
2008-01-10 15:00:00,89498,drift,"[0, 39, 41, 43]",,,,Global
2008-01-10 15:00:00,89498,promotion,"[0, 39, 41, 44]",,44.0,43.0,Global
2008-01-10 15:00:00,89594,warning,"[0, 39, 41, 44]",45.0,,,Global
2008-01-10 16:00:00,11826,warning,"[0, 15, 16, 17]",18.0,,,Midwest
2008-01-10 17:00:00,41498,drift,"[0, 4, 7, 9]",,,,South
2008-01-10 17:00:00,41498,promotion,"[0, 7, 9, 10]",,10.0,4.0,South
2008-01-10 17:00:00,41498,drift,"[0, 7, 8, 9]",,,,West
2008-01-10 17:00:00,41498,promotion,"[0, 7, 9, 10]",,10.0,8.0,West
2008-01-10 17:00:00,41594,warning,"[0, 7, 9, 10]",11.0,,,West
2008-01-10 18:00:00,41786,warning,"[0, 7, 9, 10]",11.0,,,South
2008-01-10 18:00:00,91498,drift,"[0, 39, 41, 44]",,,,Global
2008-01-10 18:00:00,91498,promotion,"[0, 39, 41, 45]",,45.0,44.0,Global
2008-01-10 18:00:00,91626,warning,"[0, 39, 41, 45]",46.0,,,Global
2008-01-11 05:00:00,12298,drift,"[0, 15, 16, 17]",,,,Midwest
2008-01-11 05:00:00,12298,promotion,"[0, 15, 16, 18]",,18.0,17.0,Midwest
2008-01-11 06:00:00,3898,drift,"[0, 1, 2, 5]",,,,Northeast
2008-01-11 06:00:00,3898,promotion,"[0, 1, 2, 6]",,6.0,5.0,Northeast
2008-01-11 06:00:00,93498,drift,"[0, 39, 41, 45]",,,,Global
2008-01-11 06:00:00,93498,promotion,"[0, 39, 41, 46]",,46.0,45.0,Global
2008-01-11 06:00:00,93658,warning,"[0, 39, 41, 46]",47.0,,,Global
2008-01-11 08:00:00,12490,warning,"[0, 15, 16, 18]",19.0,,,Midwest
2008-01-11 08:00:00,3962,warning,"[0, 1, 2, 6]",7.0,,,Northeast
2008-01-11 09:00:00,95498,drift,"[0, 39, 41, 46]",,,,Global
2008-01-11 09:00:00,95498,promotion,"[0, 39, 41, 47]",,47.0,46.0,Global
2008-01-11 09:00:00,95690,warning,"[0, 39, 41, 47]",48.0,,,Global
2008-01-11 12:00:00,97498,drift,"[0, 39, 41, 47]",,,,Global
2008-01-11 12:00:00,97498,promotion,"[0, 39, 41, 48]",,48.0,47.0,Global
2008-01-11 12:00:00,12898,drift,"[0, 15, 16, 18]",,,,Midwest
2008-01-11 12:00:00,12898,promotion,"[0, 15, 16, 19]",,19.0,18.0,Midwest
2008-01-11 13:00:00,97754,warning,"[0, 39, 41, 48]",49.0,,,Global
2008-01-11 13:00:00,12994,warning,"[0, 15, 16, 19]",20.0,,,Midwest
2008-01-11 15:00:00,45498,drift,"[0, 7, 9, 10]",,,,West
2008-01-11 15:00:00,45498,promotion,"[0, 7, 9, 11]",,11.0,10.0,West
2008-01-11 16:00:00,45498,drift,"[0, 7, 9, 10]",,,,South
2008-01-11 16:00:00,45498,promotion,"[0, 9, 10, 11]",,11.0,7.0,South
2008-01-11 16:00:00,45626,warning,"[0, 7, 9, 11]",12.0,,,West
2008-01-11 16:00:00,45658,warning,"[0, 9, 10, 11]",12.0,,,South
2008-01-11 16:00:00,99498,drift,"[0, 39, 41, 48]",,,,Global
2008-01-11 16:00:00,99498,promotion,"[0, 39, 41, 49]",,49.0,48.0,Global
2008-01-11 16:00:00,99594,warning,"[0, 39, 41, 49]",50.0,,,Global
2008-01-11 19:00:00,13498,drift,"[0, 15, 16, 19]",,,,Midwest
2008-01-11 19:00:00,13498,promotion,"[0, 15, 19, 20]",,20.0,16.0,Midwest
2008-01-11 20:00:00,101498,drift,"[0, 39, 41, 49]",,,,Global
2008-01-11 20:00:00,101498,promotion,"[0, 39, 41, 50]",,50.0,49.0,Global
2008-01-11 20:00:00,101594,warning,"[0, 39, 41, 50]",51.0,,,Global
2008-01-11 21:00:00,13594,warning,"[0, 15, 19, 20]",21.0,,,Midwest
2008-01-12 08:00:00,103498,drift,"[0, 39, 41, 50]",,,,Global
2008-01-12 08:00:00,103498,promotion,"[0, 39, 50, 51]",,51.0,41.0,Global
2008-01-12 08:00:00,4298,drift,"[0, 1, 2, 6]",,,,Northeast
2008-01-12 08:00:00,4298,promotion,"[0, 1, 2, 7]",,7.0,6.0,Northeast
2008-01-12 08:00:00,103722,warning,"[0, 39, 50, 51]",52.0,,,Global
2008-01-12 11:00:00,105498,drift,"[0, 39, 50, 51]",,,,Global
2008-01-12 11:00:00,105498,promotion,"[0, 50, 51, 52]",,52.0,39.0,Global
2008-01-12 11:00:00,14098,drift,"[0, 15, 19, 20]",,,,Midwest
2008-01-12 11:00:00,14098,promotion,"[0, 19, 20, 21]",,21.0,15.0,Midwest
2008-01-12 12:00:00,105754,warning,"[0, 50, 51, 52]",53.0,,,Global
2008-01-12 13:00:00,14226,warning,"[0, 19, 20, 21]",22.0,,,Midwest
2008-01-12 14:00:00,4426,warning,"[0, 1, 2, 7]",8.0,,,Northeast
2008-01-12 15:00:00,49498,drift,"[0, 7, 9, 11]",,,,West
2008-01-12 15:00:00,49498,promotion,"[0, 9, 11, 12]",,12.0,7.0,West
2008-01-12 15:00:00,49562,warning,"[0, 9, 11, 12]",13.0,,,West
2008-01-12 15:00:00,107498,drift,"[0, 50, 51, 52]",,,,Global
2008-01-12 15:00:00,107498,promotion,"[0, 51, 52, 53]",,53.0,50.0,Global
2008-01-12 16:00:00,49498,drift,"[0, 9, 10, 11]",,,,South
2008-01-12 16:00:00,49498,promotion,"[0, 9, 11, 12]",,12.0,10.0,South
2008-01-12 16:00:00,107818,warning,"[0, 51, 52, 53]",54.0,,,Global
2008-01-12 16:00:00,49690,warning,"[0, 9, 11, 12]",13.0,,,South
2008-01-12 20:00:00,109498,drift,"[0, 51, 52, 53]",,,,Global
2008-01-12 20:00:00,109498,promotion,"[0, 51, 52, 54]",,54.0,53.0,Global
2008-01-12 21:00:00,109594,warning,"[0, 51, 52, 54]",55.0,,,Global
2008-01-12 22:00:00,14698,drift,"[0, 19, 20, 21]",,,,Midwest
2008-01-12 22:00:00,14698,promotion,"[0, 19, 21, 22]",,22.0,20.0,Midwest
2008-01-13 06:00:00,14762,warning,"[0, 19, 21, 22]",23.0,,,Midwest
2008-01-13 08:00:00,111498,drift,"[0, 51, 52, 54]",,,,Global
2008-01-13 08:00:00,111498,promotion,"[0, 51, 52, 55]",,55.0,54.0,Global
2008-01-13 09:00:00,111690,warning,"[0, 51, 52, 55]",56.0,,,Global
2008-01-13 12:00:00,113498,drift,"[0, 51, 52, 55]",,,,Global
2008-01-13 12:00:00,113498,promotion,"[0, 51, 55, 56]",,56.0,52.0,Global
2008-01-13 12:00:00,113626,warning,"[0, 51, 55, 56]",57.0,,,Global
2008-01-13 13:00:00,4698,drift,"[0, 1, 2, 7]",,,,Northeast
2008-01-13 13:00:00,4698,promotion,"[0, 1, 2, 8]",,8.0,7.0,Northeast
2008-01-13 14:00:00,15298,drift,"[0, 19, 21, 22]",,,,Midwest
2008-01-13 14:00:00,15298,promotion,"[0, 19, 21, 23]",,23.0,22.0,Midwest
2008-01-13 15:00:00,15426,warning,"[0, 19, 21, 23]",24.0,,,Midwest
2008-01-13 15:00:00,115498,drift,"[0, 51, 55, 56]",,,,Global
2008-01-13 15:00:00,115498,promotion,"[0, 51, 55, 57]",,57.0,56.0,Global
2008-01-13 16:00:00,115594,warning,"[0, 51, 55, 57]",58.0,,,Global
2008-01-13 16:00:00,53498,drift,"[0, 9, 11, 12]",,,,West
2008-01-13 16:00:00,53498,promotion,"[0, 11, 12, 13]",,13.0,9.0,West
2008-01-13 16:00:00,4762,warning,"[0, 1, 2, 8]",9.0,,,Northeast
2008-01-13 16:00:00,53658,warning,"[0, 11, 12, 13]",14.0,,,West
2008-01-13 16:00:00,53498,drift,"[0, 9, 11, 12]",,,,South
2008-01-13 16:00:00,53498,promotion,"[0, 11, 12, 13]",,13.0,9.0,South
2008-01-13 17:00:00,53626,warning,"[0, 11, 12, 13]",14.0,,,South
2008-01-13 19:00:00,117498,drift,"[0, 51, 55, 57]",,,,Global
2008-01-13 19:00:00,117498,promotion,"[0, 51, 55, 58]",,58.0,57.0,Global
2008-01-13 19:00:00,117754,warning,"[0, 51, 55, 58]",59.0,,,Global
2008-01-13 21:00:00,15898,drift,"[0, 19, 21, 23]",,,,Midwest
2008-01-13 21:00:00,15898,promotion,"[0, 19, 23, 24]",,24.0,21.0,Midwest
2008-01-13 22:00:00,15930,warning,"[0, 19, 23, 24]",25.0,,,Midwest
2008-01-14 07:00:00,119498,drift,"[0, 51, 55, 58]",,,,Global
2008-01-14 07:00:00,119498,promotion,"[0, 51, 55, 59]",,59.0,58.0,Global
2008-01-14 07:00:00,119626,warning,"[0, 51, 55, 59]",60.0,,,Global
2008-01-14 10:00:00,121498,drift,"[0, 51, 55, 59]",,,,Global
2008-01-14 10:00:00,121498,promotion,"[0, 51, 55, 60]",,60.0,59.0,Global
2008-01-14 11:00:00,121594,warning,"[0, 51, 55, 60]",61.0,,,Global
2008-01-14 12:00:00,16498,drift,"[0, 19, 23, 24]",,,,Midwest
2008-01-14 12:00:00,16498,promotion,"[0, 23, 24, 25]",,25.0,19.0,Midwest
2008-01-14 14:00:00,123498,drift,"[0, 51, 55, 60]",,,,Global
2008-01-14 14:00:00,123498,promotion,"[0, 51, 60, 61]",,61.0,55.0,Global
2008-01-14 14:00:00,16690,warning,"[0, 23, 24, 25]",26.0,,,Midwest
2008-01-14 14:00:00,57498,drift,"[0, 11, 12, 13]",,,,West
2008-01-14 14:00:00,57498,promotion,"[0, 12, 13, 14]",,14.0,11.0,West
2008-01-14 14:00:00,123626,warning,"[0, 51, 60, 61]",62.0,,,Global
2008-01-14 15:00:00,57658,warning,"[0, 12, 13, 14]",15.0,,,West
2008-01-14 15:00:00,57498,drift,"[0, 11, 12, 13]",,,,South
2008-01-14 15:00:00,57498,promotion,"[0, 11, 12, 14]",,14.0,13.0,South
2008-01-14 16:00:00,57658,warning,"[0, 11, 12, 14]",15.0,,,South
2008-01-14 17:00:00,125498,drift,"[0, 51, 60, 61]",,,,Global
2008-01-14 17:00:00,125498,promotion,"[0, 51, 60, 62]",,62.0,61.0,Global
2008-01-14 18:00:00,125626,warning,"[0, 51, 60, 62]",63.0,,,Global
2008-01-14 19:00:00,17098,drift,"[0, 23, 24, 25]",,,,Midwest
2008-01-14 19:00:00,17098,promotion,"[0, 23, 24, 26]",,26.0,25.0,Midwest
2008-01-14 19:00:00,5098,drift,"[0, 1, 2, 8]",,,,Northeast
2008-01-14 19:00:00,5098,promotion,"[0, 1, 8, 9]",,9.0,2.0,Northeast
2008-01-14 19:00:00,17162,warning,"[0, 23, 24, 26]",27.0,,,Midwest
2008-01-15 06:00:00,127498,drift,"[0, 51, 60, 62]",,,,Global
2008-01-15 06:00:00,127498,promotion,"[0, 51, 60, 63]",,63.0,62.0,Global
2008-01-15 06:00:00,127658,warning,"[0, 51, 60, 63]",64.0,,,Global
2008-01-15 06:00:00,5194,warning,"[0, 1, 8, 9]",10.0,,,Northeast
2008-01-15 09:00:00,129498,drift,"[0, 51, 60, 63]",,,,Global
2008-01-15 09:00:00,129498,promotion,"[0, 51, 63, 64]",,64.0,60.0,Global
2008-01-15 09:00:00,129722,warning,"[0, 51, 63, 64]",65.0,,,Global
2008-01-15 10:00:00,17698,drift,"[0, 23, 24, 26]",,,,Midwest
2008-01-15 10:00:00,17698,promotion,"[0, 23, 24, 27]",,27.0,26.0,Midwest
2008-01-15 10:00:00,17762,warning,"[0, 23, 24, 27]",28.0,,,Midwest
2008-01-15 12:00:00,131498,drift,"[0, 51, 63, 64]",,,,Global
2008-01-15 12:00:00,131498,promotion,"[0, 63, 64, 65]",,65.0,51.0,Global
2008-01-15 12:00:00,131594,warning,"[0, 63, 64, 65]",66.0,,,Global
2008-01-15 13:00:00,61498,drift,"[0, 12, 13, 14]",,,,West
2008-01-15 13:00:00,61498,promotion,"[0, 12, 13, 15]",,15.0,14.0,West
2008-01-15 14:00:00,61594,warning,"[0, 12, 13, 15]",16.0,,,West
2008-01-15 14:00:00,61498,drift,"[0, 11, 12, 14]",,,,South
2008-01-15 14:00:00,61498,promotion,"[0, 11, 12, 15]",,15.0,14.0,South
2008-01-15 15:00:00,61786,warning,"[0, 11, 12, 15]",16.0,,,South
2008-01-15 16:00:00,133498,drift,"[0, 63, 64, 65]",,,,Global
2008-01-15 16:00:00,133498,promotion,"[0, 64, 65, 66]",,66.0,63.0,Global
2008-01-15 16:00:00,133754,warning,"[0, 64, 65, 66]",67.0,,,Global
2008-01-15 17:00:00,18298,drift,"[0, 23, 24, 27]",,,,Midwest
2008-01-15 17:00:00,18298,promotion,"[0, 23, 24, 28]",,28.0,27.0,Midwest
2008-01-15 17:00:00,5498,drift,"[0, 1, 8, 9]",,,,Northeast
2008-01-15 17:00:00,5498,promotion,"[0, 8, 9, 10]",,10.0,1.0,Northeast
2008-01-15 18:00:00,18426,warning,"[0, 23, 24, 28]",29.0,,,Midwest
2008-01-15 19:00:00,135498,drift,"[0, 64, 65, 66]",,,,Global
2008-01-15 19:00:00,135498,promotion,"[0, 65, 66, 67]",,67.0,64.0,Global
2008-01-15 20:00:00,135658,warning,"[0, 65, 66, 67]",68.0,,,Global
2008-01-16 06:00:00,5626,warning,"[0, 8, 9, 10]",11.0,,,Northeast
2008-01-16 07:00:00,137498,drift,"[0, 65, 66, 67]",,,,Global
2008-01-16 07:00:00,137498,promotion,"[0, 66, 67, 68]",,68.0,65.0,Global
2008-01-16 07:00:00,137626,warning,"[0, 66, 67, 68]",69.0,,,Global
2008-01-16 08:00:00,18898,drift,"[0, 23, 24, 28]",,,,Midwest
2008-01-16 08:00:00,18898,promotion,"[0, 23, 28, 29]",,29.0,24.0,Midwest
2008-01-16 09:00:00,18994,warning,"[0, 23, 28, 29]",30.0,,,Midwest
2008-01-16 10:00:00,139498,drift,"[0, 66, 67, 68]",,,,Global
2008-01-16 10:00:00,139498,promotion,"[0, 66, 67, 69]",,69.0,68.0,Global
2008-01-16 11:00:00,139658,warning,"[0, 66, 67, 69]",70.0,,,Global
2008-01-16 12:00:00,65498,drift,"[0, 12, 13, 15]",,,,West
2008-01-16 12:00:00,65498,promotion,"[0, 12, 13, 16]",,16.0,15.0,West
2008-01-16 12:00:00,65562,warning,"[0, 12, 13, 16]",17.0,,,West
2008-01-16 13:00:00,65498,drift,"[0, 11, 12, 15]",,,,South
2008-01-16 13:00:00,65498,promotion,"[0, 12, 15, 16]",,16.0,11.0,South
2008-01-16 14:00:00,141498,drift,"[0, 66, 67, 69]",,,,Global
2008-01-16 14:00:00,141498,promotion,"[0, 67, 69, 70]",,70.0,66.0,Global
2008-01-16 14:00:00,65690,warning,"[0, 12, 15, 16]",17.0,,,South
2008-01-16 14:00:00,141722,warning,"[0, 67, 69, 70]",71.0,,,Global
2008-01-16 15:00:00,19498,drift,"[0, 23, 28, 29]",,,,Midwest
2008-01-16 15:00:00,19498,promotion,"[0, 28, 29, 30]",,30.0,23.0,Midwest
2008-01-16 16:00:00,5898,drift,"[0, 8, 9, 10]",,,,Northeast
2008-01-16 16:00:00,5898,promotion,"[0, 8, 10, 11]",,11.0,9.0,Northeast
2008-01-16 17:00:00,143498,drift,"[0, 67, 69, 70]",,,,Global
2008-01-16 17:00:00,143498,promotion,"[0, 67, 69, 71]",,71.0,70.0,Global
2008-01-16 17:00:00,19722,warning,"[0, 28, 29, 30]",31.0,,,Midwest
2008-01-16 18:00:00,143626,warning,"[0, 67, 69, 71]",72.0,,,Global
2008-01-17 06:00:00,6026,warning,"[0, 8, 10, 11]",12.0,,,Northeast
2008-01-17 06:00:00,145498,drift,"[0, 67, 69, 71]",,,,Global
2008-01-17 06:00:00,145498,promotion,"[0, 67, 69, 72]",,72.0,71.0,Global
2008-01-17 06:00:00,145562,warning,"[0, 67, 69, 72]",73.0,,,Global
2008-01-17 06:00:00,20098,drift,"[0, 28, 29, 30]",,,,Midwest
2008-01-17 06:00:00,20098,promotion,"[0, 29, 30, 31]",,31.0,28.0,Midwest
2008-01-17 07:00:00,20194,warning,"[0, 29, 30, 31]",32.0,,,Midwest
2008-01-17 09:00:00,147498,drift,"[0, 67, 69, 72]",,,,Global
2008-01-17 09:00:00,147498,promotion,"[0, 67, 69, 73]",,73.0,72.0,Global
2008-01-17 09:00:00,147658,warning,"[0, 67, 69, 73]",74.0,,,Global
2008-01-17 11:00:00,69498,drift,"[0, 12, 13, 16]",,,,West
2008-01-17 11:00:00,69498,promotion,"[0, 12, 16, 17]",,17.0,13.0,West
2008-01-17 11:00:00,69594,warning,"[0, 12, 16, 17]",18.0,,,West
2008-01-17 12:00:00,149498,drift,"[0, 67, 69, 73]",,,,Global
2008-01-17 12:00:00,149498,promotion,"[0, 67, 73, 74]",,74.0,69.0,Global
2008-01-17 12:00:00,149562,warning,"[0, 67, 73, 74]",75.0,,,Global
2008-01-17 13:00:00,69498,drift,"[0, 12, 15, 16]",,,,South
2008-01-17 13:00:00,69498,promotion,"[0, 12, 15, 17]",,17.0,16.0,South
2008-01-17 13:00:00,20698,drift,"[0, 29, 30, 31]",,,,Midwest
2008-01-17 13:00:00,20698,promotion,"[0, 29, 30, 32]",,32.0,31.0,Midwest
2008-01-17 14:00:00,69594,warning,"[0, 12, 15, 17]",18.0,,,South
2008-01-17 15:00:00,20762,warning,"[0, 29, 30, 32]",33.0,,,Midwest
2008-01-17 15:00:00,6298,drift,"[0, 8, 10, 11]",,,,Northeast
2008-01-17 15:00:00,6298,promotion,"[0, 10, 11, 12]",,12.0,8.0,Northeast
2008-01-17 16:00:00,151498,drift,"[0, 67, 73, 74]",,,,Global
2008-01-17 16:00:00,151498,promotion,"[0, 67, 73, 75]",,75.0,74.0,Global
2008-01-17 16:00:00,151626,warning,"[0, 67, 73, 75]",76.0,,,Global
2008-01-17 17:00:00,6362,warning,"[0, 10, 11, 12]",13.0,,,Northeast
2008-01-17 19:00:00,153498,drift,"[0, 67, 73, 75]",,,,Global
2008-01-17 19:00:00,153498,promotion,"[0, 67, 73, 76]",,76.0,75.0,Global
2008-01-17 20:00:00,153658,warning,"[0, 67, 73, 76]",77.0,,,Global
2008-01-18 06:00:00,21298,drift,"[0, 29, 30, 32]",,,,Midwest
2008-01-18 06:00:00,21298,promotion,"[0, 29, 30, 33]",,33.0,32.0,Midwest
2008-01-18 07:00:00,21394,warning,"[0, 29, 30, 33]",34.0,,,Midwest
2008-01-18 07:00:00,155498,drift,"[0, 67, 73, 76]",,,,Global
2008-01-18 07:00:00,155498,promotion,"[0, 67, 73, 77]",,77.0,76.0,Global
2008-01-18 07:00:00,155594,warning,"[0, 67, 73, 77]",78.0,,,Global
2008-01-18 09:00:00,73498,drift,"[0, 12, 16, 17]",,,,West
2008-01-18 09:00:00,73498,promotion,"[0, 16, 17, 18]",,18.0,12.0,West
2008-01-18 10:00:00,73594,warning,"[0, 16, 17, 18]",19.0,,,West
2008-01-18 10:00:00,157498,drift,"[0, 67, 73, 77]",,,,Global
2008-01-18 10:00:00,157498,promotion,"[0, 67, 77, 78]",,78.0,73.0,Global
2008-01-18 10:00:00,157626,warning,"[0, 67, 77, 78]",79.0,,,Global
2008-01-18 12:00:00,73498,drift,"[0, 12, 15, 17]",,,,South
2008-01-18 12:00:00,73498,promotion,"[0, 12, 17, 18]",,18.0,15.0,South
2008-01-18 12:00:00,73594,warning,"[0, 12, 17, 18]",19.0,,,South
2008-01-18 13:00:00,21898,drift,"[0, 29, 30, 33]",,,,Midwest
2008-01-18 13:00:00,21898,promotion,"[0, 29, 30, 34]",,34.0,33.0,Midwest
2008-01-18 13:00:00,159498,drift,"[0, 67, 77, 78]",,,,Global
2008-01-18 13:00:00,159498,promotion,"[0, 77, 78, 79]",,79.0,67.0,Global
2008-01-18 14:00:00,159658,warning,"[0, 77, 78, 79]",80.0,,,Global
2008-01-18 14:00:00,6698,drift,"[0, 10, 11, 12]",,,,Northeast
2008-01-18 14:00:00,6698,promotion,"[0, 10, 11, 13]",,13.0,12.0,Northeast
2008-01-18 14:00:00,21962,warning,"[0, 29, 30, 34]",35.0,,,Midwest
2008-01-18 17:00:00,6794,warning,"[0, 10, 11, 13]",14.0,,,Northeast
2008-01-18 17:00:00,161498,drift,"[0, 77, 78, 79]",,,,Global
2008-01-18 17:00:00,161498,promotion,"[0, 78, 79, 80]",,80.0,77.0,Global
2008-01-18 17:00:00,161754,warning,"[0, 78, 79, 80]",81.0,,,Global
2008-01-18 21:00:00,22498,drift,"[0, 29, 30, 34]",,,,Midwest
2008-01-18 21:00:00,22498,promotion,"[0, 29, 34, 35]",,35.0,30.0,Midwest
2008-01-18 21:00:00,163498,drift,"[0, 78, 79, 80]",,,,Global
2008-01-18 21:00:00,163498,promotion,"[0, 79, 80, 81]",,81.0,78.0,Global
2008-01-18 22:00:00,163658,warning,"[0, 79, 80, 81]",82.0,,,Global
2008-01-19 07:00:00,22658,warning,"[0, 29, 34, 35]",36.0,,,Midwest
2008-01-19 08:00:00,77498,drift,"[0, 16, 17, 18]",,,,West
2008-01-19 08:00:00,77498,promotion,"[0, 16, 17, 19]",,19.0,18.0,West
2008-01-19 08:00:00,77626,warning,"[0, 16, 17, 19]",20.0,,,West
2008-01-19 08:00:00,165498,drift,"[0, 79, 80, 81]",,,,Global
2008-01-19 08:00:00,165498,promotion,"[0, 79, 80, 82]",,82.0,81.0,Global
2008-01-19 09:00:00,165786,warning,"[0, 79, 80, 82]",83.0,,,Global
2008-01-19 12:00:00,167498,drift,"[0, 79, 80, 82]",,,,Global
2008-01-19 12:00:00,167498,promotion,"[0, 79, 82, 83]",,83.0,80.0,Global
2008-01-19 13:00:00,77498,drift,"[0, 12, 17, 18]",,,,South
2008-01-19 13:00:00,77498,promotion,"[0, 12, 18, 19]",,19.0,17.0,South
2008-01-19 13:00:00,167626,warning,"[0, 79, 82, 83]",84.0,,,Global
2008-01-19 13:00:00,77594,warning,"[0, 12, 18, 19]",20.0,,,South
2008-01-19 13:00:00,23098,drift,"[0, 29, 34, 35]",,,,Midwest
2008-01-19 13:00:00,23098,promotion,"[0, 34, 35, 36]",,36.0,29.0,Midwest
2008-01-19 15:00:00,23258,warning,"[0, 34, 35, 36]",37.0,,,Midwest
2008-01-19 15:00:00,7098,drift,"[0, 10, 11, 13]",,,,Northeast
2008-01-19 15:00:00,7098,promotion,"[0, 10, 11, 14]",,14.0,13.0,Northeast
2008-01-19 17:00:00,169498,drift,"[0, 79, 82, 83]",,,,Global
2008-01-19 17:00:00,169498,promotion,"[0, 79, 82, 84]",,84.0,83.0,Global
2008-01-19 17:00:00,169626,warning,"[0, 79, 82, 84]",85.0,,,Global
2008-01-20 06:00:00,7194,warning,"[0, 10, 11, 14]",15.0,,,Northeast
2008-01-20 06:00:00,171498,drift,"[0, 79, 82, 84]",,,,Global
2008-01-20 06:00:00,171498,promotion,"[0, 79, 82, 85]",,85.0,84.0,Global
2008-01-20 07:00:00,171658,warning,"[0, 79, 82, 85]",86.0,,,Global
2008-01-20 07:00:00,23698,drift,"[0, 34, 35, 36]",,,,Midwest
2008-01-20 07:00:00,23698,promotion,"[0, 35, 36, 37]",,37.0,34.0,Midwest
2008-01-20 09:00:00,81498,drift,"[0, 16, 17, 19]",,,,West
2008-01-20 09:00:00,81498,promotion,"[0, 16, 17, 20]",,20.0,19.0,West
2008-01-20 10:00:00,173498,drift,"[0, 79, 82, 85]",,,,Global
2008-01-20 10:00:00,173498,promotion,"[0, 79, 82, 86]",,86.0,85.0,Global
2008-01-20 10:00:00,23890,warning,"[0, 35, 36, 37]",38.0,,,Midwest
2008-01-20 10:00:00,81690,warning,"[0, 16, 17, 20]",21.0,,,West
2008-01-20 10:00:00,173786,warning,"[0, 79, 82, 86]",87.0,,,Global
2008-01-20 13:00:00,175498,drift,"[0, 79, 82, 86]",,,,Global
2008-01-20 13:00:00,175498,promotion,"[0, 79, 86, 87]",,87.0,82.0,Global
2008-01-20 14:00:00,175690,warning,"[0, 79, 86, 87]",88.0,,,Global
2008-01-20 15:00:00,24298,drift,"[0, 35, 36, 37]",,,,Midwest
2008-01-20 15:00:00,24298,promotion,"[0, 36, 37, 38]",,38.0,35.0,Midwest
2008-01-20 15:00:00,81498,drift,"[0, 12, 18, 19]",,,,South
2008-01-20 15:00:00,81498,promotion,"[0, 12, 18, 20]",,20.0,19.0,South
2008-01-20 16:00:00,81658,warning,"[0, 12, 18, 20]",21.0,,,South
2008-01-20 17:00:00,177498,drift,"[0, 79, 86, 87]",,,,Global
2008-01-20 17:00:00,177498,promotion,"[0, 86, 87, 88]",,88.0,79.0,Global
2008-01-20 17:00:00,177722,warning,"[0, 86, 87, 88]",89.0,,,Global
2008-01-20 19:00:00,24618,warning,"[0, 36, 37, 38]",39.0,,,Midwest
2008-01-20 21:00:00,7498,drift,"[0, 10, 11, 14]",,,,Northeast
2008-01-20 21:00:00,7498,promotion,"[0, 11, 14, 15]",,15.0,10.0,Northeast
2008-01-20 21:00:00,179498,drift,"[0, 86, 87, 88]",,,,Global
2008-01-20 21:00:00,179498,promotion,"[0, 87, 88, 89]",,89.0,86.0,Global
2008-01-20 22:00:00,179690,warning,"[0, 87, 88, 89]",90.0,,,Global
2008-01-21 06:00:00,24898,drift,"[0, 36, 37, 38]",,,,Midwest
2008-01-21 06:00:00,24898,promotion,"[0, 36, 37, 39]",,39.0,38.0,Midwest
2008-01-21 08:00:00,85498,drift,"[0, 16, 17, 20]",,,,West
2008-01-21 08:00:00,85498,promotion,"[0, 16, 17, 21]",,21.0,20.0,West
2008-01-21 08:00:00,7594,warning,"[0, 11, 14, 15]",16.0,,,Northeast
2008-01-21 08:00:00,181498,drift,"[0, 87, 88, 89]",,,,Global
2008-01-21 08:00:00,181498,promotion,"[0, 87, 88, 90]",,90.0,89.0,Global
2008-01-21 08:00:00,85594,warning,"[0, 16, 17, 21]",22.0,,,West
2008-01-21 08:00:00,25058,warning,"[0, 36, 37, 39]",40.0,,,Midwest
2008-01-21 08:00:00,181658,warning,"[0, 87, 88, 90]",91.0,,,Global
2008-01-21 11:00:00,183498,drift,"[0, 87, 88, 90]",,,,Global
2008-01-21 11:00:00,183498,promotion,"[0, 87, 88, 91]",,91.0,90.0,Global
2008-01-21 11:00:00,183594,warning,"[0, 87, 88, 91]",92.0,,,Global
2008-01-21 14:00:00,25498,drift,"[0, 36, 37, 39]",,,,Midwest
2008-01-21 14:00:00,25498,promotion,"[0, 36, 37, 40]",,40.0,39.0,Midwest
2008-01-21 14:00:00,85498,drift,"[0, 12, 18, 20]",,,,South
2008-01-21 14:00:00,85498,promotion,"[0, 18, 20, 21]",,21.0,12.0,South
2008-01-21 14:00:00,85594,warning,"[0, 18, 20, 21]",22.0,,,South
2008-01-21 15:00:00,185498,drift,"[0, 87, 88, 91]",,,,Global
2008-01-21 15:00:00,185498,promotion,"[0, 87, 88, 92]",,92.0,91.0,Global
2008-01-21 15:00:00,25562,warning,"[0, 36, 37, 40]",41.0,,,Midwest
2008-01-21 15:00:00,185626,warning,"[0, 87, 88, 92]",93.0,,,Global
2008-01-21 18:00:00,187498,drift,"[0, 87, 88, 92]",,,,Global
2008-01-21 18:00:00,187498,promotion,"[0, 87, 88, 93]",,93.0,92.0,Global
2008-01-21 18:00:00,187594,warning,"[0, 87, 88, 93]",94.0,,,Global
2008-01-21 20:00:00,7898,drift,"[0, 11, 14, 15]",,,,Northeast
2008-01-21 20:00:00,7898,promotion,"[0, 11, 15, 16]",,16.0,14.0,Northeast
2008-01-22 06:00:00,26098,drift,"[0, 36, 37, 40]",,,,Midwest
2008-01-22 06:00:00,26098,promotion,"[0, 36, 37, 41]",,41.0,40.0,Midwest
2008-01-22 06:00:00,189498,drift,"[0, 87, 88, 93]",,,,Global
2008-01-22 06:00:00,189498,promotion,"[0, 87, 88, 94]",,94.0,93.0,Global
2008-01-22 06:00:00,189562,warning,"[0, 87, 88, 94]",95.0,,,Global
2008-01-22 07:00:00,89498,drift,"[0, 16, 17, 21]",,,,West
2008-01-22 07:00:00,89498,promotion,"[0, 16, 17, 22]",,22.0,21.0,West
2008-01-22 07:00:00,26194,warning,"[0, 36, 37, 41]",42.0,,,Midwest
2008-01-22 07:00:00,89562,warning,"[0, 16, 17, 22]",23.0,,,West
2008-01-22 08:00:00,8026,warning,"[0, 11, 15, 16]",17.0,,,Northeast
2008-01-22 09:00:00,191498,drift,"[0, 87, 88, 94]",,,,Global
2008-01-22 09:00:00,191498,promotion,"[0, 87, 88, 95]",,95.0,94.0,Global
2008-01-22 09:00:00,191562,warning,"[0, 87, 88, 95]",96.0,,,Global
2008-01-22 13:00:00,193498,drift,"[0, 87, 88, 95]",,,,Global
2008-01-22 13:00:00,193498,promotion,"[0, 87, 95, 96]",,96.0,88.0,Global
2008-01-22 13:00:00,193626,warning,"[0, 87, 95, 96]",97.0,,,Global
2008-01-22 13:00:00,26698,drift,"[0, 36, 37, 41]",,,,Midwest
2008-01-22 13:00:00,26698,promotion,"[0, 36, 37, 42]",,42.0,41.0,Midwest
2008-01-22 14:00:00,89498,drift,"[0, 18, 20, 21]",,,,South
2008-01-22 14:00:00,89498,promotion,"[0, 18, 21, 22]",,22.0,20.0,South
2008-01-22 14:00:00,89626,warning,"[0, 18, 21, 22]",23.0,,,South
2008-01-22 15:00:00,26794,warning,"[0, 36, 37, 42]",43.0,,,Midwest
2008-01-22 17:00:00,195498,drift,"[0, 87, 95, 96]",,,,Global
2008-01-22 17:00:00,195498,promotion,"[0, 87, 95, 97]",,97.0,96.0,Global
2008-01-22 17:00:00,195626,warning,"[0, 87, 95, 97]",98.0,,,Global
2008-01-22 19:00:00,8298,drift,"[0, 11, 15, 16]",,,,Northeast
2008-01-22 19:00:00,8298,promotion,"[0, 11, 15, 17]",,17.0,16.0,Northeast
2008-01-22 21:00:00,197498,drift,"[0, 87, 95, 97]",,,,Global
2008-01-22 21:00:00,197498,promotion,"[0, 87, 95, 98]",,98.0,97.0,Global
2008-01-22 22:00:00,197626,warning,"[0, 87, 95, 98]",99.0,,,Global
2008-01-23 06:00:00,93498,drift,"[0, 16, 17, 22]",,,,West
2008-01-23 06:00:00,93498,promotion,"[0, 16, 17, 23]",,23.0,22.0,West
2008-01-23 06:00:00,8362,warning,"[0, 11, 15, 17]",18.0,,,Northeast
2008-01-23 06:00:00,27298,drift,"[0, 36, 37, 42]",,,,Midwest
2008-01-23 06:00:00,27298,promotion,"[0, 36, 37, 43]",,43.0,42.0,Midwest
2008-01-23 06:00:00,93594,warning,"[0, 16, 17, 23]",24.0,,,West
2008-01-23 07:00:00,27394,warning,"[0, 36, 37, 43]",44.0,,,Midwest
2008-01-23 08:00:00,199498,drift,"[0, 87, 95, 98]",,,,Global
2008-01-23 08:00:00,199498,promotion,"[0, 95, 98, 99]",,99.0,87.0,Global
2008-01-23 08:00:00,199594,warning,"[0, 95, 98, 99]",100.0,,,Global
2008-01-23 11:00:00,201498,drift,"[0, 95, 98, 99]",,,,Global
2008-01-23 11:00:00,201498,promotion,"[0, 98, 99, 100]",,100.0,95.0,Global
2008-01-23 12:00:00,201658,warning,"[0, 98, 99, 100]",101.0,,,Global
2008-01-23 13:00:00,27898,drift,"[0, 36, 37, 43]",,,,Midwest
2008-01-23 13:00:00,27898,promotion,"[0, 36, 37, 44]",,44.0,43.0,Midwest
2008-01-23 13:00:00,93498,drift,"[0, 18, 21, 22]",,,,South
2008-01-23 13:00:00,93498,promotion,"[0, 21, 22, 23]",,23.0,18.0,South
2008-01-23 14:00:00,93690,warning,"[0, 21, 22, 23]",24.0,,,South
2008-01-23 14:00:00,27994,warning,"[0, 36, 37, 44]",45.0,,,Midwest
2008-01-23 15:00:00,203498,drift,"[0, 98, 99, 100]",,,,Global
2008-01-23 15:00:00,203498,promotion,"[0, 99, 100, 101]",,101.0,98.0,Global
2008-01-23 15:00:00,203594,warning,"[0, 99, 100, 101]",102.0,,,Global
2008-01-23 18:00:00,8698,drift,"[0, 11, 15, 17]",,,,Northeast
2008-01-23 18:00:00,8698,promotion,"[0, 11, 15, 18]",,18.0,17.0,Northeast
2008-01-23 19:00:00,205498,drift,"[0, 99, 100, 101]",,,,Global
2008-01-23 19:00:00,205498,promotion,"[0, 99, 100, 102]",,102.0,101.0,Global
2008-01-23 19:00:00,205594,warning,"[0, 99, 100, 102]",103.0,,,Global
2008-01-23 20:00:00,8762,warning,"[0, 11, 15, 18]",19.0,,,Northeast
2008-01-23 21:00:00,97498,drift,"[0, 16, 17, 23]",,,,West
2008-01-23 21:00:00,97498,promotion,"[0, 17, 23, 24]",,24.0,16.0,West
2008-01-24 06:00:00,28498,drift,"[0, 36, 37, 44]",,,,Midwest
2008-01-24 06:00:00,28498,promotion,"[0, 36, 37, 45]",,45.0,44.0,Midwest
2008-01-24 06:00:00,97850,warning,"[0, 17, 23, 24]",25.0,,,West
2008-01-24 06:00:00,28594,warning,"[0, 36, 37, 45]",46.0,,,Midwest
2008-01-24 07:00:00,207498,drift,"[0, 99, 100, 102]",,,,Global
2008-01-24 07:00:00,207498,promotion,"[0, 99, 100, 103]",,103.0,102.0,Global
2008-01-24 07:00:00,207722,warning,"[0, 99, 100, 103]",104.0,,,Global
2008-01-24 10:00:00,209498,drift,"[0, 99, 100, 103]",,,,Global
2008-01-24 10:00:00,209498,promotion,"[0, 99, 103, 104]",,104.0,100.0,Global
2008-01-24 10:00:00,209626,warning,"[0, 99, 103, 104]",105.0,,,Global
2008-01-24 12:00:00,97498,drift,"[0, 21, 22, 23]",,,,South
2008-01-24 12:00:00,97498,promotion,"[0, 21, 22, 24]",,24.0,23.0,South
2008-01-24 12:00:00,97626,warning,"[0, 21, 22, 24]",25.0,,,South
2008-01-24 13:00:00,29098,drift,"[0, 36, 37, 45]",,,,Midwest
2008-01-24 13:00:00,29098,promotion,"[0, 36, 37, 46]",,46.0,45.0,Midwest
2008-01-24 13:00:00,211498,drift,"[0, 99, 103, 104]",,,,Global
2008-01-24 13:00:00,211498,promotion,"[0, 103, 104, 105]",,105.0,99.0,Global
2008-01-24 13:00:00,211626,warning,"[0, 103, 104, 105]",106.0,,,Global
2008-01-24 13:00:00,29162,warning,"[0, 36, 37, 46]",47.0,,,Midwest
2008-01-24 16:00:00,9098,drift,"[0, 11, 15, 18]",,,,Northeast
2008-01-24 16:00:00,9098,promotion,"[0, 11, 18, 19]",,19.0,15.0,Northeast
2008-01-24 16:00:00,213498,drift,"[0, 103, 104, 105]",,,,Global
2008-01-24 16:00:00,213498,promotion,"[0, 104, 105, 106]",,106.0,103.0,Global
2008-01-24 17:00:00,213594,warning,"[0, 104, 105, 106]",107.0,,,Global
2008-01-24 19:00:00,29698,drift,"[0, 36, 37, 46]",,,,Midwest
2008-01-24 19:00:00,29698,promotion,"[0, 36, 46, 47]",,47.0,37.0,Midwest
2008-01-24 19:00:00,101498,drift,"[0, 17, 23, 24]",,,,West
2008-01-24 19:00:00,101498,promotion,"[0, 23, 24, 25]",,25.0,17.0,West
2008-01-24 20:00:00,101658,warning,"[0, 23, 24, 25]",26.0,,,West
2008-01-24 20:00:00,215498,drift,"[0, 104, 105, 106]",,,,Global
2008-01-24 20:00:00,215498,promotion,"[0, 105, 106, 107]",,107.0,104.0,Global
2008-01-24 20:00:00,215626,warning,"[0, 105, 106, 107]",108.0,,,Global
2008-01-25 05:00:00,9226,warning,"[0, 11, 18, 19]",20.0,,,Northeast
2008-01-25 07:00:00,217498,drift,"[0, 105, 106, 107]",,,,Global
2008-01-25 07:00:00,217498,promotion,"[0, 105, 107, 108]",,108.0,106.0,Global
2008-01-25 08:00:00,30050,warning,"[0, 36, 46, 47]",48.0,,,Midwest
2008-01-25 08:00:00,217626,warning,"[0, 105, 107, 108]",109.0,,,Global
2008-01-25 10:00:00,30298,drift,"[0, 36, 46, 47]",,,,Midwest
2008-01-25 10:00:00,30298,promotion,"[0, 46, 47, 48]",,48.0,36.0,Midwest
2008-01-25 11:00:00,219498,drift,"[0, 105, 107, 108]",,,,Global
2008-01-25 11:00:00,219498,promotion,"[0, 105, 107, 109]",,109.0,108.0,Global
2008-01-25 11:00:00,219626,warning,"[0, 105, 107, 109]",110.0,,,Global
2008-01-25 11:00:00,101498,drift,"[0, 21, 22, 24]",,,,South
2008-01-25 11:00:00,101498,promotion,"[0, 21, 24, 25]",,25.0,22.0,South
2008-01-25 12:00:00,101754,warning,"[0, 21, 24, 25]",26.0,,,South
2008-01-25 12:00:00,30426,warning,"[0, 46, 47, 48]",49.0,,,Midwest
2008-01-25 14:00:00,221498,drift,"[0, 105, 107, 109]",,,,Global
2008-01-25 14:00:00,221498,promotion,"[0, 105, 107, 110]",,110.0,109.0,Global
2008-01-25 14:00:00,221626,warning,"[0, 105, 107, 110]",111.0,,,Global
2008-01-25 15:00:00,9498,drift,"[0, 11, 18, 19]",,,,Northeast
2008-01-25 15:00:00,9498,promotion,"[0, 18, 19, 20]",,20.0,11.0,Northeast
2008-01-25 17:00:00,223498,drift,"[0, 105, 107, 110]",,,,Global
2008-01-25 17:00:00,223498,promotion,"[0, 105, 107, 111]",,111.0,110.0,Global
2008-01-25 17:00:00,30898,drift,"[0, 46, 47, 48]",,,,Midwest
2008-01-25 17:00:00,30898,promotion,"[0, 46, 47, 49]",,49.0,48.0,Midwest
2008-01-25 18:00:00,223626,warning,"[0, 105, 107, 111]",112.0,,,Global
2008-01-25 18:00:00,105498,drift,"[0, 23, 24, 25]",,,,West
2008-01-25 18:00:00,105498,promotion,"[0, 23, 24, 26]",,26.0,25.0,West
2008-01-25 18:00:00,105562,warning,"[0, 23, 24, 26]",27.0,,,West
2008-01-25 18:00:00,30962,warning,"[0, 46, 47, 49]",50.0,,,Midwest
2008-01-25 20:00:00,9626,warning,"[0, 18, 19, 20]",21.0,,,Northeast
2008-01-26 01:00:00,225498,drift,"[0, 105, 107, 111]",,,,Global
2008-01-26 01:00:00,225498,promotion,"[0, 105, 107, 112]",,112.0,111.0,Global
2008-01-26 06:00:00,225594,warning,"[0, 105, 107, 112]",113.0,,,Global
2008-01-26 09:00:00,227498,drift,"[0, 105, 107, 112]",,,,Global
2008-01-26 09:00:00,227498,promotion,"[0, 105, 112, 113]",,113.0,107.0,Global
2008-01-26 09:00:00,227658,warning,"[0, 105, 112, 113]",114.0,,,Global
2008-01-26 09:00:00,31498,drift,"[0, 46, 47, 49]",,,,Midwest
2008-01-26 09:00:00,31498,promotion,"[0, 46, 47, 50]",,50.0,49.0,Midwest
2008-01-26 11:00:00,31594,warning,"[0, 46, 47, 50]",51.0,,,Midwest
2008-01-26 11:00:00,105498,drift,"[0, 21, 24, 25]",,,,South
2008-01-26 11:00:00,105498,promotion,"[0, 21, 24, 26]",,26.0,25.0,South
2008-01-26 11:00:00,105594,warning,"[0, 21, 24, 26]",27.0,,,South
2008-01-26 13:00:00,229498,drift,"[0, 105, 112, 113]",,,,Global
2008-01-26 13:00:00,229498,promotion,"[0, 112, 113, 114]",,114.0,105.0,Global
2008-01-26 13:00:00,229626,warning,"[0, 112, 113, 114]",115.0,,,Global
2008-01-26 17:00:00,231498,drift,"[0, 112, 113, 114]",,,,Global
2008-01-26 17:00:00,231498,promotion,"[0, 113, 114, 115]",,115.0,112.0,Global
2008-01-26 17:00:00,9898,drift,"[0, 18, 19, 20]",,,,Northeast
2008-01-26 17:00:00,9898,promotion,"[0, 19, 20, 21]",,21.0,18.0,Northeast
2008-01-26 17:00:00,231690,warning,"[0, 113, 114, 115]",116.0,,,Global
2008-01-26 17:00:00,109498,drift,"[0, 23, 24, 26]",,,,West
2008-01-26 17:00:00,109498,promotion,"[0, 23, 24, 27]",,27.0,26.0,West
2008-01-26 18:00:00,109690,warning,"[0, 23, 24, 27]",28.0,,,West
2008-01-26 19:00:00,32098,drift,"[0, 46, 47, 50]",,,,Midwest
2008-01-26 19:00:00,32098,promotion,"[0, 46, 47, 51]",,51.0,50.0,Midwest
2008-01-27 06:00:00,32258,warning,"[0, 46, 47, 51]",52.0,,,Midwest
2008-01-27 07:00:00,233498,drift,"[0, 113, 114, 115]",,,,Global
2008-01-27 07:00:00,233498,promotion,"[0, 114, 115, 116]",,116.0,113.0,Global
2008-01-27 07:00:00,233658,warning,"[0, 114, 115, 116]",117.0,,,Global
2008-01-27 10:00:00,235498,drift,"[0, 114, 115, 116]",,,,Global
2008-01-27 10:00:00,235498,promotion,"[0, 114, 115, 117]",,117.0,116.0,Global
2008-01-27 10:00:00,235562,warning,"[0, 114, 115, 117]",118.0,,,Global
2008-01-27 12:00:00,10090,warning,"[0, 19, 20, 21]",22.0,,,Northeast
2008-01-27 12:00:00,32698,drift,"[0, 46, 47, 51]",,,,Midwest
2008-01-27 12:00:00,32698,promotion,"[0, 46, 47, 52]",,52.0,51.0,Midwest
2008-01-27 13:00:00,32794,warning,"[0, 46, 47, 52]",53.0,,,Midwest
2008-01-27 14:00:00,237498,drift,"[0, 114, 115, 117]",,,,Global
2008-01-27 14:00:00,237498,promotion,"[0, 114, 115, 118]",,118.0,117.0,Global
2008-01-27 14:00:00,109498,drift,"[0, 21, 24, 26]",,,,South
2008-01-27 14:00:00,109498,promotion,"[0, 21, 24, 27]",,27.0,26.0,South
2008-01-27 14:00:00,237658,warning,"[0, 114, 115, 118]",119.0,,,Global
2008-01-27 14:00:00,109690,warning,"[0, 21, 24, 27]",28.0,,,South
2008-01-27 17:00:00,239498,drift,"[0, 114, 115, 118]",,,,Global
2008-01-27 17:00:00,239498,promotion,"[0, 114, 115, 119]",,119.0,118.0,Global
2008-01-27 17:00:00,239626,warning,"[0, 114, 115, 119]",120.0,,,Global
2008-01-27 19:00:00,113498,drift,"[0, 23, 24, 27]",,,,West
2008-01-27 19:00:00,113498,promotion,"[0, 23, 24, 28]",,28.0,27.0,West
2008-01-27 19:00:00,33298,drift,"[0, 46, 47, 52]",,,,Midwest
2008-01-27 19:00:00,33298,promotion,"[0, 47, 52, 53]",,53.0,46.0,Midwest
2008-01-27 19:00:00,113626,warning,"[0, 23, 24, 28]",29.0,,,West
2008-01-27 21:00:00,241498,drift,"[0, 114, 115, 119]",,,,Global
2008-01-27 21:00:00,241498,promotion,"[0, 114, 115, 120]",,120.0,119.0,Global
2008-01-28 05:00:00,241722,warning,"[0, 114, 115, 120]",121.0,,,Global
2008-01-28 06:00:00,10298,drift,"[0, 19, 20, 21]",,,,Northeast
2008-01-28 06:00:00,10298,promotion,"[0, 19, 20, 22]",,22.0,21.0,Northeast
2008-01-28 06:00:00,33490,warning,"[0, 47, 52, 53]",54.0,,,Midwest
2008-01-28 08:00:00,243498,drift,"[0, 114, 115, 120]",,,,Global
2008-01-28 08:00:00,243498,promotion,"[0, 114, 115, 121]",,121.0,120.0,Global
2008-01-28 08:00:00,243626,warning,"[0, 114, 115, 121]",122.0,,,Global
2008-01-28 08:00:00,10394,warning,"[0, 19, 20, 22]",23.0,,,Northeast
2008-01-28 11:00:00,33898,drift,"[0, 47, 52, 53]",,,,Midwest
2008-01-28 11:00:00,33898,promotion,"[0, 47, 52, 54]",,54.0,53.0,Midwest
2008-01-28 11:00:00,245498,drift,"[0, 114, 115, 121]",,,,Global
2008-01-28 11:00:00,245498,promotion,"[0, 114, 121, 122]",,122.0,115.0,Global
2008-01-28 11:00:00,245594,warning,"[0, 114, 121, 122]",123.0,,,Global
2008-01-28 12:00:00,33962,warning,"[0, 47, 52, 54]",55.0,,,Midwest
2008-01-28 12:00:00,113498,drift,"[0, 21, 24, 27]",,,,South
2008-01-28 12:00:00,113498,promotion,"[0, 21, 24, 28]",,28.0,27.0,South
2008-01-28 13:00:00,113594,warning,"[0, 21, 24, 28]",29.0,,,South
2008-01-28 15:00:00,247498,drift,"[0, 114, 121, 122]",,,,Global
2008-01-28 15:00:00,247498,promotion,"[0, 114, 121, 123]",,123.0,122.0,Global
2008-01-28 15:00:00,247594,warning,"[0, 114, 121, 123]",124.0,,,Global
2008-01-28 18:00:00,117498,drift,"[0, 23, 24, 28]",,,,West
2008-01-28 18:00:00,117498,promotion,"[0, 23, 24, 29]",,29.0,28.0,West
2008-01-28 18:00:00,249498,drift,"[0, 114, 121, 123]",,,,Global
2008-01-28 18:00:00,249498,promotion,"[0, 114, 121, 124]",,124.0,123.0,Global
2008-01-28 18:00:00,117626,warning,"[0, 23, 24, 29]",30.0,,,West
2008-01-28 18:00:00,249594,warning,"[0, 114, 121, 124]",125.0,,,Global
2008-01-28 19:00:00,34498,drift,"[0, 47, 52, 54]",,,,Midwest
2008-01-28 19:00:00,34498,promotion,"[0, 47, 52, 55]",,55.0,54.0,Midwest
2008-01-28 20:00:00,10698,drift,"[0, 19, 20, 22]",,,,Northeast
2008-01-28 20:00:00,10698,promotion,"[0, 20, 22, 23]",,23.0,19.0,Northeast
2008-01-28 20:00:00,34562,warning,"[0, 47, 52, 55]",56.0,,,Midwest
2008-01-29 06:00:00,10762,warning,"[0, 20, 22, 23]",24.0,,,Northeast
2008-01-29 06:00:00,251498,drift,"[0, 114, 121, 124]",,,,Global
2008-01-29 06:00:00,251498,promotion,"[0, 114, 121, 125]",,125.0,124.0,Global
2008-01-29 07:00:00,251626,warning,"[0, 114, 121, 125]",126.0,,,Global
2008-01-29 09:00:00,253498,drift,"[0, 114, 121, 125]",,,,Global
2008-01-29 09:00:00,253498,promotion,"[0, 114, 125, 126]",,126.0,121.0,Global
2008-01-29 10:00:00,253658,warning,"[0, 114, 125, 126]",127.0,,,Global
2008-01-29 11:00:00,35098,drift,"[0, 47, 52, 55]",,,,Midwest
2008-01-29 11:00:00,35098,promotion,"[0, 47, 52, 56]",,56.0,55.0,Midwest
2008-01-29 11:00:00,117498,drift,"[0, 21, 24, 28]",,,,South
2008-01-29 11:00:00,117498,promotion,"[0, 21, 28, 29]",,29.0,24.0,South
2008-01-29 12:00:00,117594,warning,"[0, 21, 28, 29]",30.0,,,South
2008-01-29 12:00:00,35194,warning,"[0, 47, 52, 56]",57.0,,,Midwest
2008-01-29 13:00:00,255498,drift,"[0, 114, 125, 126]",,,,Global
2008-01-29 13:00:00,255498,promotion,"[0, 125, 126, 127]",,127.0,114.0,Global
2008-01-29 13:00:00,255626,warning,"[0, 125, 126, 127]",128.0,,,Global
2008-01-29 17:00:00,121498,drift,"[0, 23, 24, 29]",,,,West
2008-01-29 17:00:00,121498,promotion,"[0, 23, 24, 30]",,30.0,29.0,West
2008-01-29 17:00:00,257498,drift,"[0, 125, 126, 127]",,,,Global
2008-01-29 17:00:00,257498,promotion,"[0, 125, 126, 128]",,128.0,127.0,Global
2008-01-29 17:00:00,257594,warning,"[0, 125, 126, 128]",129.0,,,Global
2008-01-29 17:00:00,121594,warning,"[0, 23, 24, 30]",31.0,,,West
2008-01-29 18:00:00,11098,drift,"[0, 20, 22, 23]",,,,Northeast
2008-01-29 18:00:00,11098,promotion,"[0, 20, 23, 24]",,24.0,22.0,Northeast
2008-01-29 22:00:00,35698,drift,"[0, 47, 52, 56]",,,,Midwest
2008-01-29 22:00:00,35698,promotion,"[0, 47, 52, 57]",,57.0,56.0,Midwest
2008-01-30 05:00:00,259498,drift,"[0, 125, 126, 128]",,,,Global
2008-01-30 05:00:00,259498,promotion,"[0, 125, 126, 129]",,129.0,128.0,Global
2008-01-30 06:00:00,259594,warning,"[0, 125, 126, 129]",130.0,,,Global
2008-01-30 06:00:00,11194,warning,"[0, 20, 23, 24]",25.0,,,Northeast
2008-01-30 06:00:00,35794,warning,"[0, 47, 52, 57]",58.0,,,Midwest
2008-01-30 09:00:00,261498,drift,"[0, 125, 126, 129]",,,,Global
2008-01-30 09:00:00,261498,promotion,"[0, 125, 126, 130]",,130.0,129.0,Global
2008-01-30 09:00:00,261594,warning,"[0, 125, 126, 130]",131.0,,,Global
2008-01-30 11:00:00,121498,drift,"[0, 21, 28, 29]",,,,South
2008-01-30 11:00:00,121498,promotion,"[0, 28, 29, 30]",,30.0,21.0,South
2008-01-30 11:00:00,121594,warning,"[0, 28, 29, 30]",31.0,,,South
2008-01-30 12:00:00,263498,drift,"[0, 125, 126, 130]",,,,Global
2008-01-30 12:00:00,263498,promotion,"[0, 126, 130, 131]",,131.0,125.0,Global
2008-01-30 12:00:00,263626,warning,"[0, 126, 130, 131]",132.0,,,Global
2008-01-30 13:00:00,36298,drift,"[0, 47, 52, 57]",,,,Midwest
2008-01-30 13:00:00,36298,promotion,"[0, 47, 52, 58]",,58.0,57.0,Midwest
2008-01-30 13:00:00,36362,warning,"[0, 47, 52, 58]",59.0,,,Midwest
2008-01-30 16:00:00,125498,drift,"[0, 23, 24, 30]",,,,West
2008-01-30 16:00:00,125498,promotion,"[0, 23, 30, 31]",,31.0,24.0,West
2008-01-30 16:00:00,265498,drift,"[0, 126, 130, 131]",,,,Global
2008-01-30 16:00:00,265498,promotion,"[0, 130, 131, 132]",,132.0,126.0,Global
2008-01-30 16:00:00,125594,warning,"[0, 23, 30, 31]",32.0,,,West
2008-01-30 16:00:00,265626,warning,"[0, 130, 131, 132]",133.0,,,Global
2008-01-30 19:00:00,36898,drift,"[0, 47, 52, 58]",,,,Midwest
2008-01-30 19:00:00,36898,promotion,"[0, 47, 58, 59]",,59.0,52.0,Midwest
2008-01-30 20:00:00,267498,drift,"[0, 130, 131, 132]",,,,Global
2008-01-30 20:00:00,267498,promotion,"[0, 131, 132, 133]",,133.0,130.0,Global
2008-01-30 20:00:00,11498,drift,"[0, 20, 23, 24]",,,,Northeast
2008-01-30 20:00:00,11498,promotion,"[0, 20, 23, 25]",,25.0,24.0,Northeast
2008-01-30 20:00:00,267626,warning,"[0, 131, 132, 133]",134.0,,,Global
2008-01-31 07:00:00,37186,warning,"[0, 47, 58, 59]",60.0,,,Midwest
2008-01-31 07:00:00,11594,warning,"[0, 20, 23, 25]",26.0,,,Northeast
2008-01-31 07:00:00,269498,drift,"[0, 131, 132, 133]",,,,Global
2008-01-31 07:00:00,269498,promotion,"[0, 131, 132, 134]",,134.0,133.0,Global
2008-01-31 07:00:00,269562,warning,"[0, 131, 132, 134]",135.0,,,Global
2008-01-31 09:00:00,125498,drift,"[0, 28, 29, 30]",,,,South
2008-01-31 09:00:00,125498,promotion,"[0, 28, 29, 31]",,31.0,30.0,South
2008-01-31 10:00:00,125594,warning,"[0, 28, 29, 31]",32.0,,,South
2008-01-31 10:00:00,271498,drift,"[0, 131, 132, 134]",,,,Global
2008-01-31 10:00:00,271498,promotion,"[0, 131, 132, 135]",,135.0,134.0,Global
2008-01-31 11:00:00,271594,warning,"[0, 131, 132, 135]",136.0,,,Global
2008-01-31 11:00:00,37498,drift,"[0, 47, 58, 59]",,,,Midwest
2008-01-31 11:00:00,37498,promotion,"[0, 47, 59, 60]",,60.0,58.0,Midwest
2008-01-31 12:00:00,37562,warning,"[0, 47, 59, 60]",61.0,,,Midwest
2008-01-31 14:00:00,273498,drift,"[0, 131, 132, 135]",,,,Global
2008-01-31 14:00:00,273498,promotion,"[0, 131, 132, 136]",,136.0,135.0,Global
2008-01-31 14:00:00,273594,warning,"[0, 131, 132, 136]",137.0,,,Global
2008-01-31 14:00:00,129498,drift,"[0, 23, 30, 31]",,,,West
2008-01-31 14:00:00,129498,promotion,"[0, 30, 31, 32]",,32.0,23.0,West
2008-01-31 15:00:00,129690,warning,"[0, 30, 31, 32]",33.0,,,West
2008-01-31 18:00:00,275498,drift,"[0, 131, 132, 136]",,,,Global
2008-01-31 18:00:00,275498,promotion,"[0, 131, 132, 137]",,137.0,136.0,Global
2008-01-31 18:00:00,275594,warning,"[0, 131, 132, 137]",138.0,,,Global
2008-01-31 19:00:00,11898,drift,"[0, 20, 23, 25]",,,,Northeast
2008-01-31 19:00:00,11898,promotion,"[0, 20, 23, 26]",,26.0,25.0,Northeast
2008-02-01 06:00:00,38098,drift,"[0, 47, 59, 60]",,,,Midwest
2008-02-01 06:00:00,38098,promotion,"[0, 47, 59, 61]",,61.0,60.0,Midwest
2008-02-01 06:00:00,277498,drift,"[0, 131, 132, 137]",,,,Global
2008-02-01 06:00:00,277498,promotion,"[0, 131, 132, 138]",,138.0,137.0,Global
2008-02-01 06:00:00,277562,warning,"[0, 131, 132, 138]",139.0,,,Global
2008-02-01 06:00:00,11994,warning,"[0, 20, 23, 26]",27.0,,,Northeast
2008-02-01 06:00:00,38162,warning,"[0, 47, 59, 61]",62.0,,,Midwest
2008-02-01 08:00:00,129498,drift,"[0, 28, 29, 31]",,,,South
2008-02-01 08:00:00,129498,promotion,"[0, 28, 29, 32]",,32.0,31.0,South
2008-02-01 09:00:00,129562,warning,"[0, 28, 29, 32]",33.0,,,South
2008-02-01 09:00:00,279498,drift,"[0, 131, 132, 138]",,,,Global
2008-02-01 09:00:00,279498,promotion,"[0, 131, 132, 139]",,139.0,138.0,Global
2008-02-01 09:00:00,279594,warning,"[0, 131, 132, 139]",140.0,,,Global
2008-02-01 13:00:00,281498,drift,"[0, 131, 132, 139]",,,,Global
2008-02-01 13:00:00,281498,promotion,"[0, 131, 132, 140]",,140.0,139.0,Global
2008-02-01 13:00:00,133498,drift,"[0, 30, 31, 32]",,,,West
2008-02-01 13:00:00,133498,promotion,"[0, 30, 31, 33]",,33.0,32.0,West
2008-02-01 13:00:00,281690,warning,"[0, 131, 132, 140]",141.0,,,Global
2008-02-01 13:00:00,133594,warning,"[0, 30, 31, 33]",34.0,,,West
2008-02-01 15:00:00,38698,drift,"[0, 47, 59, 61]",,,,Midwest
2008-02-01 15:00:00,38698,promotion,"[0, 47, 59, 62]",,62.0,61.0,Midwest
2008-02-01 17:00:00,283498,drift,"[0, 131, 132, 140]",,,,Global
2008-02-01 17:00:00,283498,promotion,"[0, 131, 132, 141]",,141.0,140.0,Global
2008-02-01 17:00:00,38858,warning,"[0, 47, 59, 62]",63.0,,,Midwest
2008-02-01 17:00:00,283626,warning,"[0, 131, 132, 141]",142.0,,,Global
2008-02-01 21:00:00,285498,drift,"[0, 131, 132, 141]",,,,Global
2008-02-01 21:00:00,285498,promotion,"[0, 131, 132, 142]",,142.0,141.0,Global
2008-02-01 22:00:00,285722,warning,"[0, 131, 132, 142]",143.0,,,Global
2008-02-02 07:00:00,12298,drift,"[0, 20, 23, 26]",,,,Northeast
2008-02-02 07:00:00,12298,promotion,"[0, 20, 23, 27]",,27.0,26.0,Northeast
2008-02-02 07:00:00,39298,drift,"[0, 47, 59, 62]",,,,Midwest
2008-02-02 07:00:00,39298,promotion,"[0, 47, 59, 63]",,63.0,62.0,Midwest
2008-02-02 07:00:00,133498,drift,"[0, 28, 29, 32]",,,,South
2008-02-02 07:00:00,133498,promotion,"[0, 28, 29, 33]",,33.0,32.0,South
2008-02-02 08:00:00,133594,warning,"[0, 28, 29, 33]",34.0,,,South
2008-02-02 08:00:00,39394,warning,"[0, 47, 59, 63]",64.0,,,Midwest
2008-02-02 08:00:00,287498,drift,"[0, 131, 132, 142]",,,,Global
2008-02-02 08:00:00,287498,promotion,"[0, 131, 142, 143]",,143.0,132.0,Global
2008-02-02 08:00:00,287594,warning,"[0, 131, 142, 143]",144.0,,,Global
2008-02-02 12:00:00,289498,drift,"[0, 131, 142, 143]",,,,Global
2008-02-02 12:00:00,289498,promotion,"[0, 142, 143, 144]",,144.0,131.0,Global
2008-02-02 12:00:00,137498,drift,"[0, 30, 31, 33]",,,,West
2008-02-02 12:00:00,137498,promotion,"[0, 30, 31, 34]",,34.0,33.0,West
2008-02-02 12:00:00,289626,warning,"[0, 142, 143, 144]",145.0,,,Global
2008-02-02 12:00:00,137562,warning,"[0, 30, 31, 34]",35.0,,,West
2008-02-02 13:00:00,12426,warning,"[0, 20, 23, 27]",28.0,,,Northeast
2008-02-02 16:00:00,39898,drift,"[0, 47, 59, 63]",,,,Midwest
2008-02-02 16:00:00,39898,promotion,"[0, 47, 63, 64]",,64.0,59.0,Midwest
2008-02-02 16:00:00,291498,drift,"[0, 142, 143, 144]",,,,Global
2008-02-02 16:00:00,291498,promotion,"[0, 143, 144, 145]",,145.0,142.0,Global
2008-02-02 16:00:00,291594,warning,"[0, 143, 144, 145]",146.0,,,Global
2008-02-02 17:00:00,39994,warning,"[0, 47, 63, 64]",65.0,,,Midwest
2008-02-03 06:00:00,293498,drift,"[0, 143, 144, 145]",,,,Global
2008-02-03 06:00:00,293498,promotion,"[0, 144, 145, 146]",,146.0,143.0,Global
2008-02-03 06:00:00,293626,warning,"[0, 144, 145, 146]",147.0,,,Global
2008-02-03 09:00:00,295498,drift,"[0, 144, 145, 146]",,,,Global
2008-02-03 09:00:00,295498,promotion,"[0, 145, 146, 147]",,147.0,144.0,Global
2008-02-03 10:00:00,137498,drift,"[0, 28, 29, 33]",,,,South
2008-02-03 10:00:00,137498,promotion,"[0, 28, 33, 34]",,34.0,29.0,South
2008-02-03 10:00:00,295786,warning,"[0, 145, 146, 147]",148.0,,,Global
2008-02-03 10:00:00,40498,drift,"[0, 47, 63, 64]",,,,Midwest
2008-02-03 10:00:00,40498,promotion,"[0, 63, 64, 65]",,65.0,47.0,Midwest
2008-02-03 11:00:00,137818,warning,"[0, 28, 33, 34]",35.0,,,South
2008-02-03 11:00:00,40594,warning,"[0, 63, 64, 65]",66.0,,,Midwest
2008-02-03 12:00:00,12698,drift,"[0, 20, 23, 27]",,,,Northeast
2008-02-03 12:00:00,12698,promotion,"[0, 20, 23, 28]",,28.0,27.0,Northeast
2008-02-03 13:00:00,297498,drift,"[0, 145, 146, 147]",,,,Global
2008-02-03 13:00:00,297498,promotion,"[0, 145, 146, 148]",,148.0,147.0,Global
2008-02-03 13:00:00,297658,warning,"[0, 145, 146, 148]",149.0,,,Global
2008-02-03 14:00:00,141498,drift,"[0, 30, 31, 34]",,,,West
2008-02-03 14:00:00,141498,promotion,"[0, 30, 31, 35]",,35.0,34.0,West
2008-02-03 14:00:00,141594,warning,"[0, 30, 31, 35]",36.0,,,West
2008-02-03 15:00:00,12762,warning,"[0, 20, 23, 28]",29.0,,,Northeast
2008-02-03 17:00:00,299498,drift,"[0, 145, 146, 148]",,,,Global
2008-02-03 17:00:00,299498,promotion,"[0, 145, 146, 149]",,149.0,148.0,Global
2008-02-03 17:00:00,299562,warning,"[0, 145, 146, 149]",150.0,,,Global
2008-02-03 18:00:00,41098,drift,"[0, 63, 64, 65]",,,,Midwest
2008-02-03 18:00:00,41098,promotion,"[0, 63, 64, 66]",,66.0,65.0,Midwest
2008-02-03 19:00:00,41162,warning,"[0, 63, 64, 66]",67.0,,,Midwest
2008-02-03 21:00:00,301498,drift,"[0, 145, 146, 149]",,,,Global
2008-02-03 21:00:00,301498,promotion,"[0, 145, 146, 150]",,150.0,149.0,Global
2008-02-03 21:00:00,301562,warning,"[0, 145, 146, 150]",151.0,,,Global
2008-02-04 08:00:00,303498,drift,"[0, 145, 146, 150]",,,,Global
2008-02-04 08:00:00,303498,promotion,"[0, 145, 146, 151]",,151.0,150.0,Global
2008-02-04 08:00:00,303626,warning,"[0, 145, 146, 151]",152.0,,,Global
2008-02-04 09:00:00,141498,drift,"[0, 28, 33, 34]",,,,South
2008-02-04 09:00:00,141498,promotion,"[0, 33, 34, 35]",,35.0,28.0,South
2008-02-04 09:00:00,141594,warning,"[0, 33, 34, 35]",36.0,,,South
2008-02-04 11:00:00,305498,drift,"[0, 145, 146, 151]",,,,Global
2008-02-04 11:00:00,305498,promotion,"[0, 145, 151, 152]",,152.0,146.0,Global
2008-02-04 12:00:00,305626,warning,"[0, 145, 151, 152]",153.0,,,Global
2008-02-04 12:00:00,41698,drift,"[0, 63, 64, 66]",,,,Midwest
2008-02-04 12:00:00,41698,promotion,"[0, 63, 64, 67]",,67.0,66.0,Midwest
2008-02-04 13:00:00,13098,drift,"[0, 20, 23, 28]",,,,Northeast
2008-02-04 13:00:00,13098,promotion,"[0, 23, 28, 29]",,29.0,20.0,Northeast
2008-02-04 13:00:00,145498,drift,"[0, 30, 31, 35]",,,,West
2008-02-04 13:00:00,145498,promotion,"[0, 30, 31, 36]",,36.0,35.0,West
2008-02-04 13:00:00,145690,warning,"[0, 30, 31, 36]",37.0,,,West
2008-02-04 15:00:00,41794,warning,"[0, 63, 64, 67]",68.0,,,Midwest
2008-02-04 15:00:00,13162,warning,"[0, 23, 28, 29]",30.0,,,Northeast
2008-02-04 15:00:00,307498,drift,"[0, 145, 151, 152]",,,,Global
2008-02-04 15:00:00,307498,promotion,"[0, 145, 151, 153]",,153.0,152.0,Global
2008-02-04 15:00:00,307594,warning,"[0, 145, 151, 153]",154.0,,,Global
2008-02-04 19:00:00,309498,drift,"[0, 145, 151, 153]",,,,Global
2008-02-04 19:00:00,309498,promotion,"[0, 145, 151, 154]",,154.0,153.0,Global
2008-02-04 19:00:00,309594,warning,"[0, 145, 151, 154]",155.0,,,Global
2008-02-05 07:00:00,145498,drift,"[0, 33, 34, 35]",,,,South
2008-02-05 07:00:00,145498,promotion,"[0, 34, 35, 36]",,36.0,33.0,South
2008-02-05 07:00:00,311498,drift,"[0, 145, 151, 154]",,,,Global
2008-02-05 07:00:00,311498,promotion,"[0, 151, 154, 155]",,155.0,145.0,Global
2008-02-05 08:00:00,311594,warning,"[0, 151, 154, 155]",156.0,,,Global
2008-02-05 08:00:00,145658,warning,"[0, 34, 35, 36]",37.0,,,South
2008-02-05 09:00:00,42298,drift,"[0, 63, 64, 67]",,,,Midwest
2008-02-05 09:00:00,42298,promotion,"[0, 63, 64, 68]",,68.0,67.0,Midwest
2008-02-05 10:00:00,42394,warning,"[0, 63, 64, 68]",69.0,,,Midwest
2008-02-05 11:00:00,313498,drift,"[0, 151, 154, 155]",,,,Global
2008-02-05 11:00:00,313498,promotion,"[0, 154, 155, 156]",,156.0,151.0,Global
2008-02-05 11:00:00,313594,warning,"[0, 154, 155, 156]",157.0,,,Global
2008-02-05 11:00:00,149498,drift,"[0, 30, 31, 36]",,,,West
2008-02-05 11:00:00,149498,promotion,"[0, 30, 31, 37]",,37.0,36.0,West
2008-02-05 12:00:00,149626,warning,"[0, 30, 31, 37]",38.0,,,West
2008-02-05 12:00:00,13498,drift,"[0, 23, 28, 29]",,,,Northeast
2008-02-05 12:00:00,13498,promotion,"[0, 28, 29, 30]",,30.0,23.0,Northeast
2008-02-05 14:00:00,315498,drift,"[0, 154, 155, 156]",,,,Global
2008-02-05 14:00:00,315498,promotion,"[0, 154, 155, 157]",,157.0,156.0,Global
2008-02-05 15:00:00,315658,warning,"[0, 154, 155, 157]",158.0,,,Global
2008-02-05 15:00:00,13562,warning,"[0, 28, 29, 30]",31.0,,,Northeast
2008-02-05 17:00:00,42898,drift,"[0, 63, 64, 68]",,,,Midwest
2008-02-05 17:00:00,42898,promotion,"[0, 63, 64, 69]",,69.0,68.0,Midwest
2008-02-05 18:00:00,42962,warning,"[0, 63, 64, 69]",70.0,,,Midwest
2008-02-05 18:00:00,317498,drift,"[0, 154, 155, 157]",,,,Global
2008-02-05 18:00:00,317498,promotion,"[0, 154, 155, 158]",,158.0,157.0,Global
2008-02-05 18:00:00,317594,warning,"[0, 154, 155, 158]",159.0,,,Global
2008-02-06 07:00:00,319498,drift,"[0, 154, 155, 158]",,,,Global
2008-02-06 07:00:00,319498,promotion,"[0, 155, 158, 159]",,159.0,154.0,Global
2008-02-06 07:00:00,319562,warning,"[0, 155, 158, 159]",160.0,,,Global
2008-02-06 07:00:00,149498,drift,"[0, 34, 35, 36]",,,,South
2008-02-06 07:00:00,149498,promotion,"[0, 34, 35, 37]",,37.0,36.0,South
2008-02-06 07:00:00,149594,warning,"[0, 34, 35, 37]",38.0,,,South
2008-02-06 10:00:00,321498,drift,"[0, 155, 158, 159]",,,,Global
2008-02-06 10:00:00,321498,promotion,"[0, 158, 159, 160]",,160.0,155.0,Global
2008-02-06 10:00:00,321594,warning,"[0, 158, 159, 160]",161.0,,,Global
2008-02-06 10:00:00,153498,drift,"[0, 30, 31, 37]",,,,West
2008-02-06 10:00:00,153498,promotion,"[0, 30, 37, 38]",,38.0,31.0,West
2008-02-06 11:00:00,153626,warning,"[0, 30, 37, 38]",39.0,,,West
2008-02-06 13:00:00,13898,drift,"[0, 28, 29, 30]",,,,Northeast
2008-02-06 13:00:00,13898,promotion,"[0, 28, 29, 31]",,31.0,30.0,Northeast
2008-02-06 13:00:00,43498,drift,"[0, 63, 64, 69]",,,,Midwest
2008-02-06 13:00:00,43498,promotion,"[0, 63, 64, 70]",,70.0,69.0,Midwest
2008-02-06 14:00:00,323498,drift,"[0, 158, 159, 160]",,,,Global
2008-02-06 14:00:00,323498,promotion,"[0, 158, 159, 161]",,161.0,160.0,Global
2008-02-06 15:00:00,323594,warning,"[0, 158, 159, 161]",162.0,,,Global
2008-02-06 17:00:00,43626,warning,"[0, 63, 64, 70]",71.0,,,Midwest
2008-02-06 18:00:00,14026,warning,"[0, 28, 29, 31]",32.0,,,Northeast
2008-02-06 19:00:00,325498,drift,"[0, 158, 159, 161]",,,,Global
2008-02-06 19:00:00,325498,promotion,"[0, 158, 159, 162]",,162.0,161.0,Global
2008-02-06 19:00:00,325626,warning,"[0, 158, 159, 162]",163.0,,,Global
2008-02-07 06:00:00,153498,drift,"[0, 34, 35, 37]",,,,South
2008-02-07 06:00:00,153498,promotion,"[0, 34, 35, 38]",,38.0,37.0,South
2008-02-07 06:00:00,153594,warning,"[0, 34, 35, 38]",39.0,,,South
2008-02-07 07:00:00,327498,drift,"[0, 158, 159, 162]",,,,Global
2008-02-07 07:00:00,327498,promotion,"[0, 158, 159, 163]",,163.0,162.0,Global
2008-02-07 07:00:00,327594,warning,"[0, 158, 159, 163]",164.0,,,Global
2008-02-07 09:00:00,44098,drift,"[0, 63, 64, 70]",,,,Midwest
2008-02-07 09:00:00,44098,promotion,"[0, 63, 64, 71]",,71.0,70.0,Midwest
2008-02-07 09:00:00,157498,drift,"[0, 30, 37, 38]",,,,West
2008-02-07 09:00:00,157498,promotion,"[0, 37, 38, 39]",,39.0,30.0,West
2008-02-07 09:00:00,44162,warning,"[0, 63, 64, 71]",72.0,,,Midwest
2008-02-07 10:00:00,157626,warning,"[0, 37, 38, 39]",40.0,,,West
2008-02-07 10:00:00,329498,drift,"[0, 158, 159, 163]",,,,Global
2008-02-07 10:00:00,329498,promotion,"[0, 158, 163, 164]",,164.0,159.0,Global
2008-02-07 10:00:00,329626,warning,"[0, 158, 163, 164]",165.0,,,Global
2008-02-07 12:00:00,14298,drift,"[0, 28, 29, 31]",,,,Northeast
2008-02-07 12:00:00,14298,promotion,"[0, 28, 29, 32]",,32.0,31.0,Northeast
2008-02-07 13:00:00,331498,drift,"[0, 158, 163, 164]",,,,Global
2008-02-07 13:00:00,331498,promotion,"[0, 158, 163, 165]",,165.0,164.0,Global
2008-02-07 13:00:00,331594,warning,"[0, 158, 163, 165]",166.0,,,Global
2008-02-07 16:00:00,14394,warning,"[0, 28, 29, 32]",33.0,,,Northeast
2008-02-07 16:00:00,44698,drift,"[0, 63, 64, 71]",,,,Midwest
2008-02-07 16:00:00,44698,promotion,"[0, 63, 64, 72]",,72.0,71.0,Midwest
2008-02-07 17:00:00,333498,drift,"[0, 158, 163, 165]",,,,Global
2008-02-07 17:00:00,333498,promotion,"[0, 163, 165, 166]",,166.0,158.0,Global
2008-02-07 17:00:00,333626,warning,"[0, 163, 165, 166]",167.0,,,Global
2008-02-07 18:00:00,44826,warning,"[0, 63, 64, 72]",73.0,,,Midwest
2008-02-07 21:00:00,157498,drift,"[0, 34, 35, 38]",,,,South
2008-02-07 21:00:00,157498,promotion,"[0, 34, 38, 39]",,39.0,35.0,South
2008-02-07 21:00:00,335498,drift,"[0, 163, 165, 166]",,,,Global
2008-02-07 21:00:00,335498,promotion,"[0, 163, 166, 167]",,167.0,165.0,Global
2008-02-07 21:00:00,335626,warning,"[0, 163, 166, 167]",168.0,,,Global
2008-02-08 06:00:00,157754,warning,"[0, 34, 38, 39]",40.0,,,South
2008-02-08 07:00:00,45298,drift,"[0, 63, 64, 72]",,,,Midwest
2008-02-08 07:00:00,45298,promotion,"[0, 63, 72, 73]",,73.0,64.0,Midwest
2008-02-08 08:00:00,161498,drift,"[0, 37, 38, 39]",,,,West
2008-02-08 08:00:00,161498,promotion,"[0, 38, 39, 40]",,40.0,37.0,West
2008-02-08 08:00:00,337498,drift,"[0, 163, 166, 167]",,,,Global
2008-02-08 08:00:00,337498,promotion,"[0, 166, 167, 168]",,168.0,163.0,Global
2008-02-08 08:00:00,161594,warning,"[0, 38, 39, 40]",41.0,,,West
2008-02-08 08:00:00,337690,warning,"[0, 166, 167, 168]",169.0,,,Global
2008-02-08 08:00:00,45394,warning,"[0, 63, 72, 73]",74.0,,,Midwest
2008-02-08 11:00:00,339498,drift,"[0, 166, 167, 168]",,,,Global
2008-02-08 11:00:00,339498,promotion,"[0, 167, 168, 169]",,169.0,166.0,Global
2008-02-08 11:00:00,14698,drift,"[0, 28, 29, 32]",,,,Northeast
2008-02-08 11:00:00,14698,promotion,"[0, 28, 32, 33]",,33.0,29.0,Northeast
2008-02-08 11:00:00,339626,warning,"[0, 167, 168, 169]",170.0,,,Global
2008-02-08 14:00:00,341498,drift,"[0, 167, 168, 169]",,,,Global
2008-02-08 14:00:00,341498,promotion,"[0, 167, 168, 170]",,170.0,169.0,Global
2008-02-08 15:00:00,341722,warning,"[0, 167, 168, 170]",171.0,,,Global
2008-02-08 15:00:00,14794,warning,"[0, 28, 32, 33]",34.0,,,Northeast
2008-02-08 15:00:00,45898,drift,"[0, 63, 72, 73]",,,,Midwest
2008-02-08 15:00:00,45898,promotion,"[0, 72, 73, 74]",,74.0,63.0,Midwest
2008-02-08 16:00:00,45994,warning,"[0, 72, 73, 74]",75.0,,,Midwest
2008-02-08 18:00:00,343498,drift,"[0, 167, 168, 170]",,,,Global
2008-02-08 18:00:00,343498,promotion,"[0, 167, 168, 171]",,171.0,170.0,Global
2008-02-08 18:00:00,343690,warning,"[0, 167, 168, 171]",172.0,,,Global
2008-02-08 19:00:00,161498,drift,"[0, 34, 38, 39]",,,,South
2008-02-08 19:00:00,161498,promotion,"[0, 38, 39, 40]",,40.0,34.0,South
2008-02-08 19:00:00,161626,warning,"[0, 38, 39, 40]",41.0,,,South
2008-02-09 06:00:00,345498,drift,"[0, 167, 168, 171]",,,,Global
2008-02-09 06:00:00,345498,promotion,"[0, 167, 171, 172]",,172.0,168.0,Global
2008-02-09 06:00:00,345626,warning,"[0, 167, 171, 172]",173.0,,,Global
2008-02-09 06:00:00,165498,drift,"[0, 38, 39, 40]",,,,West
2008-02-09 06:00:00,165498,promotion,"[0, 38, 39, 41]",,41.0,40.0,West
2008-02-09 07:00:00,46498,drift,"[0, 72, 73, 74]",,,,Midwest
2008-02-09 07:00:00,46498,promotion,"[0, 72, 74, 75]",,75.0,73.0,Midwest
2008-02-09 07:00:00,165594,warning,"[0, 38, 39, 41]",42.0,,,West
2008-02-09 09:00:00,46626,warning,"[0, 72, 74, 75]",76.0,,,Midwest
2008-02-09 09:00:00,347498,drift,"[0, 167, 171, 172]",,,,Global
2008-02-09 09:00:00,347498,promotion,"[0, 171, 172, 173]",,173.0,167.0,Global
2008-02-09 10:00:00,347658,warning,"[0, 171, 172, 173]",174.0,,,Global
2008-02-09 13:00:00,15098,drift,"[0, 28, 32, 33]",,,,Northeast
2008-02-09 13:00:00,15098,promotion,"[0, 28, 32, 34]",,34.0,33.0,Northeast
2008-02-09 13:00:00,349498,drift,"[0, 171, 172, 173]",,,,Global
2008-02-09 13:00:00,349498,promotion,"[0, 171, 172, 174]",,174.0,173.0,Global
2008-02-09 14:00:00,349850,warning,"[0, 171, 172, 174]",175.0,,,Global
2008-02-09 14:00:00,15130,warning,"[0, 28, 32, 34]",35.0,,,Northeast
2008-02-09 15:00:00,47098,drift,"[0, 72, 74, 75]",,,,Midwest
2008-02-09 15:00:00,47098,promotion,"[0, 74, 75, 76]",,76.0,72.0,Midwest
2008-02-09 17:00:00,351498,drift,"[0, 171, 172, 174]",,,,Global
2008-02-09 17:00:00,351498,promotion,"[0, 171, 172, 175]",,175.0,174.0,Global
2008-02-09 18:00:00,47226,warning,"[0, 74, 75, 76]",77.0,,,Midwest
2008-02-09 18:00:00,351594,warning,"[0, 171, 172, 175]",176.0,,,Global
2008-02-09 22:00:00,165498,drift,"[0, 38, 39, 40]",,,,South
2008-02-09 22:00:00,165498,promotion,"[0, 39, 40, 41]",,41.0,38.0,South
2008-02-10 06:00:00,165626,warning,"[0, 39, 40, 41]",42.0,,,South
2008-02-10 07:00:00,353498,drift,"[0, 171, 172, 175]",,,,Global
2008-02-10 07:00:00,353498,promotion,"[0, 172, 175, 176]",,176.0,171.0,Global
2008-02-10 07:00:00,353594,warning,"[0, 172, 175, 176]",177.0,,,Global
2008-02-10 08:00:00,169498,drift,"[0, 38, 39, 41]",,,,West
2008-02-10 08:00:00,169498,promotion,"[0, 39, 41, 42]",,42.0,38.0,West
2008-02-10 08:00:00,169562,warning,"[0, 39, 41, 42]",43.0,,,West
2008-02-10 10:00:00,47698,drift,"[0, 74, 75, 76]",,,,Midwest
2008-02-10 10:00:00,47698,promotion,"[0, 74, 75, 77]",,77.0,76.0,Midwest
2008-02-10 10:00:00,355498,drift,"[0, 172, 175, 176]",,,,Global
2008-02-10 10:00:00,355498,promotion,"[0, 172, 176, 177]",,177.0,175.0,Global
2008-02-10 11:00:00,355626,warning,"[0, 172, 176, 177]",178.0,,,Global
2008-02-10 12:00:00,47794,warning,"[0, 74, 75, 77]",78.0,,,Midwest
2008-02-10 14:00:00,357498,drift,"[0, 172, 176, 177]",,,,Global
2008-02-10 14:00:00,357498,promotion,"[0, 172, 176, 178]",,178.0,177.0,Global
2008-02-10 14:00:00,357562,warning,"[0, 172, 176, 178]",179.0,,,Global
2008-02-10 17:00:00,359498,drift,"[0, 172, 176, 178]",,,,Global
2008-02-10 17:00:00,359498,promotion,"[0, 172, 176, 179]",,179.0,178.0,Global
2008-02-10 18:00:00,359626,warning,"[0, 172, 176, 179]",180.0,,,Global
2008-02-10 18:00:00,48298,drift,"[0, 74, 75, 77]",,,,Midwest
2008-02-10 18:00:00,48298,promotion,"[0, 74, 75, 78]",,78.0,77.0,Midwest
2008-02-10 19:00:00,48362,warning,"[0, 74, 75, 78]",79.0,,,Midwest
2008-02-10 20:00:00,15498,drift,"[0, 28, 32, 34]",,,,Northeast
2008-02-10 20:00:00,15498,promotion,"[0, 28, 32, 35]",,35.0,34.0,Northeast
2008-02-10 21:00:00,169498,drift,"[0, 39, 40, 41]",,,,South
2008-02-10 21:00:00,169498,promotion,"[0, 39, 40, 42]",,42.0,41.0,South
2008-02-10 22:00:00,169594,warning,"[0, 39, 40, 42]",43.0,,,South
2008-02-11 06:00:00,361498,drift,"[0, 172, 176, 179]",,,,Global
2008-02-11 06:00:00,361498,promotion,"[0, 172, 176, 180]",,180.0,179.0,Global
2008-02-11 06:00:00,361626,warning,"[0, 172, 176, 180]",181.0,,,Global
2008-02-11 06:00:00,15562,warning,"[0, 28, 32, 35]",36.0,,,Northeast
2008-02-11 06:00:00,173498,drift,"[0, 39, 41, 42]",,,,West
2008-02-11 06:00:00,173498,promotion,"[0, 39, 42, 43]",,43.0,41.0,West
2008-02-11 06:00:00,173594,warning,"[0, 39, 42, 43]",44.0,,,West
2008-02-11 09:00:00,363498,drift,"[0, 172, 176, 180]",,,,Global
2008-02-11 09:00:00,363498,promotion,"[0, 172, 176, 181]",,181.0,180.0,Global
2008-02-11 09:00:00,363594,warning,"[0, 172, 176, 181]",182.0,,,Global
2008-02-11 09:00:00,48898,drift,"[0, 74, 75, 78]",,,,Midwest
2008-02-11 09:00:00,48898,promotion,"[0, 74, 75, 79]",,79.0,78.0,Midwest
2008-02-11 12:00:00,365498,drift,"[0, 172, 176, 181]",,,,Global
2008-02-11 12:00:00,365498,promotion,"[0, 172, 176, 182]",,182.0,181.0,Global
2008-02-11 12:00:00,49090,warning,"[0, 74, 75, 79]",80.0,,,Midwest
2008-02-11 12:00:00,365594,warning,"[0, 172, 176, 182]",183.0,,,Global
2008-02-11 15:00:00,367498,drift,"[0, 172, 176, 182]",,,,Global
2008-02-11 15:00:00,367498,promotion,"[0, 172, 182, 183]",,183.0,176.0,Global
2008-02-11 16:00:00,367594,warning,"[0, 172, 182, 183]",184.0,,,Global
2008-02-11 17:00:00,49498,drift,"[0, 74, 75, 79]",,,,Midwest
2008-02-11 17:00:00,49498,promotion,"[0, 74, 75, 80]",,80.0,79.0,Midwest
2008-02-11 18:00:00,49562,warning,"[0, 74, 75, 80]",81.0,,,Midwest
2008-02-11 19:00:00,173498,drift,"[0, 39, 40, 42]",,,,South
2008-02-11 19:00:00,173498,promotion,"[0, 39, 40, 43]",,43.0,42.0,South
2008-02-11 19:00:00,369498,drift,"[0, 172, 182, 183]",,,,Global
2008-02-11 19:00:00,369498,promotion,"[0, 172, 183, 184]",,184.0,182.0,Global
2008-02-11 19:00:00,369594,warning,"[0, 172, 183, 184]",185.0,,,Global
2008-02-11 19:00:00,15898,drift,"[0, 28, 32, 35]",,,,Northeast
2008-02-11 19:00:00,15898,promotion,"[0, 28, 32, 36]",,36.0,35.0,Northeast
2008-02-11 20:00:00,173658,warning,"[0, 39, 40, 43]",44.0,,,South
2008-02-11 21:00:00,177498,drift,"[0, 39, 42, 43]",,,,West
2008-02-11 21:00:00,177498,promotion,"[0, 39, 43, 44]",,44.0,42.0,West
2008-02-12 06:00:00,15962,warning,"[0, 28, 32, 36]",37.0,,,Northeast
2008-02-12 06:00:00,177722,warning,"[0, 39, 43, 44]",45.0,,,West
2008-02-12 07:00:00,371498,drift,"[0, 172, 183, 184]",,,,Global
2008-02-12 07:00:00,371498,promotion,"[0, 183, 184, 185]",,185.0,172.0,Global
2008-02-12 07:00:00,371594,warning,"[0, 183, 184, 185]",186.0,,,Global
2008-02-12 09:00:00,50098,drift,"[0, 74, 75, 80]",,,,Midwest
2008-02-12 09:00:00,50098,promotion,"[0, 74, 75, 81]",,81.0,80.0,Midwest
2008-02-12 10:00:00,50194,warning,"[0, 74, 75, 81]",82.0,,,Midwest
2008-02-12 10:00:00,373498,drift,"[0, 183, 184, 185]",,,,Global
2008-02-12 10:00:00,373498,promotion,"[0, 183, 184, 186]",,186.0,185.0,Global
2008-02-12 11:00:00,373594,warning,"[0, 183, 184, 186]",187.0,,,Global
2008-02-12 14:00:00,375498,drift,"[0, 183, 184, 186]",,,,Global
2008-02-12 14:00:00,375498,promotion,"[0, 183, 184, 187]",,187.0,186.0,Global
2008-02-12 14:00:00,375626,warning,"[0, 183, 184, 187]",188.0,,,Global
2008-02-12 18:00:00,377498,drift,"[0, 183, 184, 187]",,,,Global
2008-02-12 18:00:00,377498,promotion,"[0, 183, 184, 188]",,188.0,187.0,Global
2008-02-12 19:00:00,377594,warning,"[0, 183, 184, 188]",189.0,,,Global
2008-02-12 19:00:00,50698,drift,"[0, 74, 75, 81]",,,,Midwest
2008-02-12 19:00:00,50698,promotion,"[0, 74, 75, 82]",,82.0,81.0,Midwest
2008-02-12 19:00:00,177498,drift,"[0, 39, 40, 43]",,,,South
2008-02-12 19:00:00,177498,promotion,"[0, 39, 40, 44]",,44.0,43.0,South
2008-02-12 19:00:00,177594,warning,"[0, 39, 40, 44]",45.0,,,South
2008-02-12 20:00:00,50762,warning,"[0, 74, 75, 82]",83.0,,,Midwest
2008-02-12 20:00:00,181498,drift,"[0, 39, 43, 44]",,,,West
2008-02-12 20:00:00,181498,promotion,"[0, 39, 44, 45]",,45.0,43.0,West
2008-02-12 20:00:00,181562,warning,"[0, 39, 44, 45]",46.0,,,West
2008-02-13 06:00:00,16298,drift,"[0, 28, 32, 36]",,,,Northeast
2008-02-13 06:00:00,16298,promotion,"[0, 28, 32, 37]",,37.0,36.0,Northeast
2008-02-13 07:00:00,379498,drift,"[0, 183, 184, 188]",,,,Global
2008-02-13 07:00:00,379498,promotion,"[0, 183, 184, 189]",,189.0,188.0,Global
2008-02-13 07:00:00,379626,warning,"[0, 183, 184, 189]",190.0,,,Global
2008-02-13 09:00:00,16362,warning,"[0, 28, 32, 37]",38.0,,,Northeast
2008-02-13 11:00:00,381498,drift,"[0, 183, 184, 189]",,,,Global
2008-02-13 11:00:00,381498,promotion,"[0, 183, 184, 190]",,190.0,189.0,Global
2008-02-13 11:00:00,381594,warning,"[0, 183, 184, 190]",191.0,,,Global
2008-02-13 11:00:00,51298,drift,"[0, 74, 75, 82]",,,,Midwest
2008-02-13 11:00:00,51298,promotion,"[0, 75, 82, 83]",,83.0,74.0,Midwest
2008-02-13 12:00:00,51362,warning,"[0, 75, 82, 83]",84.0,,,Midwest
2008-02-13 14:00:00,383498,drift,"[0, 183, 184, 190]",,,,Global
2008-02-13 14:00:00,383498,promotion,"[0, 183, 184, 191]",,191.0,190.0,Global
2008-02-13 15:00:00,383626,warning,"[0, 183, 184, 191]",192.0,,,Global
2008-02-13 18:00:00,181498,drift,"[0, 39, 40, 44]",,,,South
2008-02-13 18:00:00,181498,promotion,"[0, 39, 40, 45]",,45.0,44.0,South
2008-02-13 18:00:00,51898,drift,"[0, 75, 82, 83]",,,,Midwest
2008-02-13 18:00:00,51898,promotion,"[0, 75, 83, 84]",,84.0,82.0,Midwest
2008-02-13 18:00:00,385498,drift,"[0, 183, 184, 191]",,,,Global
2008-02-13 18:00:00,385498,promotion,"[0, 183, 191, 192]",,192.0,184.0,Global
2008-02-13 18:00:00,181594,warning,"[0, 39, 40, 45]",46.0,,,South
2008-02-13 18:00:00,385658,warning,"[0, 183, 191, 192]",193.0,,,Global
2008-02-13 19:00:00,185498,drift,"[0, 39, 44, 45]",,,,West
2008-02-13 19:00:00,185498,promotion,"[0, 39, 44, 46]",,46.0,45.0,West
2008-02-13 19:00:00,51994,warning,"[0, 75, 83, 84]",85.0,,,Midwest
2008-02-13 19:00:00,185562,warning,"[0, 39, 44, 46]",47.0,,,West
2008-02-14 06:00:00,387498,drift,"[0, 183, 191, 192]",,,,Global
2008-02-14 06:00:00,387498,promotion,"[0, 191, 192, 193]",,193.0,183.0,Global
2008-02-14 06:00:00,387562,warning,"[0, 191, 192, 193]",194.0,,,Global
2008-02-14 09:00:00,389498,drift,"[0, 191, 192, 193]",,,,Global
2008-02-14 09:00:00,389498,promotion,"[0, 192, 193, 194]",,194.0,191.0,Global
2008-02-14 09:00:00,52498,drift,"[0, 75, 83, 84]",,,,Midwest
2008-02-14 09:00:00,52498,promotion,"[0, 83, 84, 85]",,85.0,75.0,Midwest
2008-02-14 09:00:00,16698,drift,"[0, 28, 32, 37]",,,,Northeast
2008-02-14 09:00:00,16698,promotion,"[0, 28, 32, 38]",,38.0,37.0,Northeast
2008-02-14 10:00:00,389786,warning,"[0, 192, 193, 194]",195.0,,,Global
2008-02-14 10:00:00,52594,warning,"[0, 83, 84, 85]",86.0,,,Midwest
2008-02-14 12:00:00,16762,warning,"[0, 28, 32, 38]",39.0,,,Northeast
2008-02-14 12:00:00,391498,drift,"[0, 192, 193, 194]",,,,Global
2008-02-14 12:00:00,391498,promotion,"[0, 193, 194, 195]",,195.0,192.0,Global
2008-02-14 13:00:00,391658,warning,"[0, 193, 194, 195]",196.0,,,Global
2008-02-14 16:00:00,393498,drift,"[0, 193, 194, 195]",,,,Global
2008-02-14 16:00:00,393498,promotion,"[0, 194, 195, 196]",,196.0,193.0,Global
2008-02-14 16:00:00,393594,warning,"[0, 194, 195, 196]",197.0,,,Global
2008-02-14 16:00:00,185498,drift,"[0, 39, 40, 45]",,,,South
2008-02-14 16:00:00,185498,promotion,"[0, 40, 45, 46]",,46.0,39.0,South
2008-02-14 17:00:00,53098,drift,"[0, 83, 84, 85]",,,,Midwest
2008-02-14 17:00:00,53098,promotion,"[0, 84, 85, 86]",,86.0,83.0,Midwest
2008-02-14 17:00:00,185658,warning,"[0, 40, 45, 46]",47.0,,,South
2008-02-14 17:00:00,189498,drift,"[0, 39, 44, 46]",,,,West
2008-02-14 17:00:00,189498,promotion,"[0, 39, 44, 47]",,47.0,46.0,West
2008-02-14 18:00:00,189594,warning,"[0, 39, 44, 47]",48.0,,,West
2008-02-14 18:00:00,53194,warning,"[0, 84, 85, 86]",87.0,,,Midwest
2008-02-14 19:00:00,395498,drift,"[0, 194, 195, 196]",,,,Global
2008-02-14 19:00:00,395498,promotion,"[0, 195, 196, 197]",,197.0,194.0,Global
2008-02-14 19:00:00,395562,warning,"[0, 195, 196, 197]",198.0,,,Global
2008-02-15 07:00:00,397498,drift,"[0, 195, 196, 197]",,,,Global
2008-02-15 07:00:00,397498,promotion,"[0, 196, 197, 198]",,198.0,195.0,Global
2008-02-15 07:00:00,397626,warning,"[0, 196, 197, 198]",199.0,,,Global
2008-02-15 08:00:00,53698,drift,"[0, 84, 85, 86]",,,,Midwest
2008-02-15 08:00:00,53698,promotion,"[0, 84, 86, 87]",,87.0,85.0,Midwest
2008-02-15 09:00:00,17098,drift,"[0, 28, 32, 38]",,,,Northeast
2008-02-15 09:00:00,17098,promotion,"[0, 28, 32, 39]",,39.0,38.0,Northeast
2008-02-15 09:00:00,53826,warning,"[0, 84, 86, 87]",88.0,,,Midwest
2008-02-15 09:00:00,399498,drift,"[0, 196, 197, 198]",,,,Global
2008-02-15 09:00:00,399498,promotion,"[0, 196, 197, 199]",,199.0,198.0,Global
2008-02-15 10:00:00,399562,warning,"[0, 196, 197, 199]",200.0,,,Global
2008-02-15 13:00:00,401498,drift,"[0, 196, 197, 199]",,,,Global
2008-02-15 13:00:00,401498,promotion,"[0, 197, 199, 200]",,200.0,196.0,Global
2008-02-15 13:00:00,401626,warning,"[0, 197, 199, 200]",201.0,,,Global
2008-02-15 14:00:00,17226,warning,"[0, 28, 32, 39]",40.0,,,Northeast
2008-02-15 15:00:00,189498,drift,"[0, 40, 45, 46]",,,,South
2008-02-15 15:00:00,189498,promotion,"[0, 40, 46, 47]",,47.0,45.0,South
2008-02-15 15:00:00,189594,warning,"[0, 40, 46, 47]",48.0,,,South
2008-02-15 15:00:00,54298,drift,"[0, 84, 86, 87]",,,,Midwest
2008-02-15 15:00:00,54298,promotion,"[0, 86, 87, 88]",,88.0,84.0,Midwest
2008-02-15 16:00:00,193498,drift,"[0, 39, 44, 47]",,,,West
2008-02-15 16:00:00,193498,promotion,"[0, 39, 44, 48]",,48.0,47.0,West
2008-02-15 16:00:00,193658,warning,"[0, 39, 44, 48]",49.0,,,West
2008-02-15 16:00:00,403498,drift,"[0, 197, 199, 200]",,,,Global
2008-02-15 16:00:00,403498,promotion,"[0, 197, 199, 201]",,201.0,200.0,Global
2008-02-15 16:00:00,403658,warning,"[0, 197, 199, 201]",202.0,,,Global
2008-02-15 17:00:00,54426,warning,"[0, 86, 87, 88]",89.0,,,Midwest
2008-02-15 19:00:00,405498,drift,"[0, 197, 199, 201]",,,,Global
2008-02-15 19:00:00,405498,promotion,"[0, 197, 199, 202]",,202.0,201.0,Global
2008-02-15 20:00:00,405658,warning,"[0, 197, 199, 202]",203.0,,,Global
2008-02-16 06:00:00,54898,drift,"[0, 86, 87, 88]",,,,Midwest
2008-02-16 06:00:00,54898,promotion,"[0, 87, 88, 89]",,89.0,86.0,Midwest
2008-02-16 07:00:00,407498,drift,"[0, 197, 199, 202]",,,,Global
2008-02-16 07:00:00,407498,promotion,"[0, 199, 202, 203]",,203.0,197.0,Global
2008-02-16 07:00:00,407626,warning,"[0, 199, 202, 203]",204.0,,,Global
2008-02-16 08:00:00,54994,warning,"[0, 87, 88, 89]",90.0,,,Midwest
2008-02-16 09:00:00,17498,drift,"[0, 28, 32, 39]",,,,Northeast
2008-02-16 09:00:00,17498,promotion,"[0, 28, 39, 40]",,40.0,32.0,Northeast
2008-02-16 11:00:00,409498,drift,"[0, 199, 202, 203]",,,,Global
2008-02-16 11:00:00,409498,promotion,"[0, 202, 203, 204]",,204.0,199.0,Global
2008-02-16 11:00:00,409594,warning,"[0, 202, 203, 204]",205.0,,,Global
2008-02-16 14:00:00,197498,drift,"[0, 39, 44, 48]",,,,West
2008-02-16 14:00:00,197498,promotion,"[0, 39, 48, 49]",,49.0,44.0,West
2008-02-16 14:00:00,411498,drift,"[0, 202, 203, 204]",,,,Global
2008-02-16 14:00:00,411498,promotion,"[0, 202, 203, 205]",,205.0,204.0,Global
2008-02-16 15:00:00,197626,warning,"[0, 39, 48, 49]",50.0,,,West
2008-02-16 15:00:00,193498,drift,"[0, 40, 46, 47]",,,,South
2008-02-16 15:00:00,193498,promotion,"[0, 46, 47, 48]",,48.0,40.0,South
2008-02-16 15:00:00,411754,warning,"[0, 202, 203, 205]",206.0,,,Global
2008-02-16 15:00:00,193562,warning,"[0, 46, 47, 48]",49.0,,,South
2008-02-16 15:00:00,55498,drift,"[0, 87, 88, 89]",,,,Midwest
2008-02-16 15:00:00,55498,promotion,"[0, 87, 89, 90]",,90.0,88.0,Midwest
2008-02-16 18:00:00,17658,warning,"[0, 28, 39, 40]",41.0,,,Northeast
2008-02-16 19:00:00,413498,drift,"[0, 202, 203, 205]",,,,Global
2008-02-16 19:00:00,413498,promotion,"[0, 202, 203, 206]",,206.0,205.0,Global
2008-02-16 19:00:00,413690,warning,"[0, 202, 203, 206]",207.0,,,Global
2008-02-17 06:00:00,55850,warning,"[0, 87, 89, 90]",91.0,,,Midwest
2008-02-17 07:00:00,415498,drift,"[0, 202, 203, 206]",,,,Global
2008-02-17 07:00:00,415498,promotion,"[0, 202, 203, 207]",,207.0,206.0,Global
2008-02-17 08:00:00,415626,warning,"[0, 202, 203, 207]",208.0,,,Global
2008-02-17 11:00:00,56098,drift,"[0, 87, 89, 90]",,,,Midwest
2008-02-17 11:00:00,56098,promotion,"[0, 87, 89, 91]",,91.0,90.0,Midwest
2008-02-17 11:00:00,417498,drift,"[0, 202, 203, 207]",,,,Global
2008-02-17 11:00:00,417498,promotion,"[0, 202, 203, 208]",,208.0,207.0,Global
2008-02-17 11:00:00,417626,warning,"[0, 202, 203, 208]",209.0,,,Global
2008-02-17 12:00:00,56162,warning,"[0, 87, 89, 91]",92.0,,,Midwest
2008-02-17 15:00:00,17898,drift,"[0, 28, 39, 40]",,,,Northeast
2008-02-17 15:00:00,17898,promotion,"[0, 28, 40, 41]",,41.0,39.0,Northeast
2008-02-17 15:00:00,419498,drift,"[0, 202, 203, 208]",,,,Global
2008-02-17 15:00:00,419498,promotion,"[0, 202, 203, 209]",,209.0,208.0,Global
2008-02-17 15:00:00,201498,drift,"[0, 39, 48, 49]",,,,West
2008-02-17 15:00:00,201498,promotion,"[0, 39, 49, 50]",,50.0,48.0,West
2008-02-17 15:00:00,419594,warning,"[0, 202, 203, 209]",210.0,,,Global
2008-02-17 15:00:00,201594,warning,"[0, 39, 49, 50]",51.0,,,West
2008-02-17 17:00:00,197498,drift,"[0, 46, 47, 48]",,,,South
2008-02-17 17:00:00,197498,promotion,"[0, 46, 47, 49]",,49.0,48.0,South
2008-02-17 18:00:00,197754,warning,"[0, 46, 47, 49]",50.0,,,South
2008-02-17 18:00:00,421498,drift,"[0, 202, 203, 209]",,,,Global
2008-02-17 18:00:00,421498,promotion,"[0, 202, 203, 210]",,210.0,209.0,Global
2008-02-17 19:00:00,17994,warning,"[0, 28, 40, 41]",42.0,,,Northeast
2008-02-17 19:00:00,421594,warning,"[0, 202, 203, 210]",211.0,,,Global
2008-02-17 22:00:00,56698,drift,"[0, 87, 89, 91]",,,,Midwest
2008-02-17 22:00:00,56698,promotion,"[0, 87, 89, 92]",,92.0,91.0,Midwest
2008-02-18 06:00:00,56794,warning,"[0, 87, 89, 92]",93.0,,,Midwest
2008-02-18 06:00:00,423498,drift,"[0, 202, 203, 210]",,,,Global
2008-02-18 06:00:00,423498,promotion,"[0, 202, 203, 211]",,211.0,210.0,Global
2008-02-18 06:00:00,423626,warning,"[0, 202, 203, 211]",212.0,,,Global
2008-02-18 09:00:00,425498,drift,"[0, 202, 203, 211]",,,,Global
2008-02-18 09:00:00,425498,promotion,"[0, 202, 211, 212]",,212.0,203.0,Global
2008-02-18 10:00:00,425658,warning,"[0, 202, 211, 212]",213.0,,,Global
2008-02-18 13:00:00,427498,drift,"[0, 202, 211, 212]",,,,Global
2008-02-18 13:00:00,427498,promotion,"[0, 211, 212, 213]",,213.0,202.0,Global
2008-02-18 13:00:00,57298,drift,"[0, 87, 89, 92]",,,,Midwest
2008-02-18 13:00:00,57298,promotion,"[0, 87, 92, 93]",,93.0,89.0,Midwest
2008-02-18 13:00:00,427594,warning,"[0, 211, 212, 213]",214.0,,,Global
2008-02-18 13:00:00,205498,drift,"[0, 39, 49, 50]",,,,West
2008-02-18 13:00:00,205498,promotion,"[0, 49, 50, 51]",,51.0,39.0,West
2008-02-18 14:00:00,205626,warning,"[0, 49, 50, 51]",52.0,,,West
2008-02-18 14:00:00,57394,warning,"[0, 87, 92, 93]",94.0,,,Midwest
2008-02-18 16:00:00,201498,drift,"[0, 46, 47, 49]",,,,South
2008-02-18 16:00:00,201498,promotion,"[0, 46, 47, 50]",,50.0,49.0,South
2008-02-18 16:00:00,18298,drift,"[0, 28, 40, 41]",,,,Northeast
2008-02-18 16:00:00,18298,promotion,"[0, 28, 40, 42]",,42.0,41.0,Northeast
2008-02-18 16:00:00,429498,drift,"[0, 211, 212, 213]",,,,Global
2008-02-18 16:00:00,429498,promotion,"[0, 211, 212, 214]",,214.0,213.0,Global
2008-02-18 16:00:00,201626,warning,"[0, 46, 47, 50]",51.0,,,South
2008-02-18 16:00:00,429658,warning,"[0, 211, 212, 214]",215.0,,,Global
2008-02-18 19:00:00,18362,warning,"[0, 28, 40, 42]",43.0,,,Northeast
2008-02-18 19:00:00,431498,drift,"[0, 211, 212, 214]",,,,Global
2008-02-18 19:00:00,431498,promotion,"[0, 211, 212, 215]",,215.0,214.0,Global
2008-02-18 20:00:00,431626,warning,"[0, 211, 212, 215]",216.0,,,Global
2008-02-18 21:00:00,57898,drift,"[0, 87, 92, 93]",,,,Midwest
2008-02-18 21:00:00,57898,promotion,"[0, 87, 92, 94]",,94.0,93.0,Midwest
2008-02-19 06:00:00,57994,warning,"[0, 87, 92, 94]",95.0,,,Midwest
2008-02-19 07:00:00,433498,drift,"[0, 211, 212, 215]",,,,Global
2008-02-19 07:00:00,433498,promotion,"[0, 211, 215, 216]",,216.0,212.0,Global
2008-02-19 07:00:00,433658,warning,"[0, 211, 215, 216]",217.0,,,Global
2008-02-19 10:00:00,435498,drift,"[0, 211, 215, 216]",,,,Global
2008-02-19 10:00:00,435498,promotion,"[0, 215, 216, 217]",,217.0,211.0,Global
2008-02-19 10:00:00,435594,warning,"[0, 215, 216, 217]",218.0,,,Global
2008-02-19 11:00:00,209498,drift,"[0, 49, 50, 51]",,,,West
2008-02-19 11:00:00,209498,promotion,"[0, 50, 51, 52]",,52.0,49.0,West
2008-02-19 12:00:00,58498,drift,"[0, 87, 92, 94]",,,,Midwest
2008-02-19 12:00:00,58498,promotion,"[0, 87, 92, 95]",,95.0,94.0,Midwest
2008-02-19 12:00:00,209594,warning,"[0, 50, 51, 52]",53.0,,,West
2008-02-19 13:00:00,58594,warning,"[0, 87, 92, 95]",96.0,,,Midwest
2008-02-19 13:00:00,437498,drift,"[0, 215, 216, 217]",,,,Global
2008-02-19 13:00:00,437498,promotion,"[0, 216, 217, 218]",,218.0,215.0,Global
2008-02-19 14:00:00,437626,warning,"[0, 216, 217, 218]",219.0,,,Global
2008-02-19 14:00:00,205498,drift,"[0, 46, 47, 50]",,,,South
2008-02-19 14:00:00,205498,promotion,"[0, 46, 50, 51]",,51.0,47.0,South
2008-02-19 15:00:00,205626,warning,"[0, 46, 50, 51]",52.0,,,South
2008-02-19 15:00:00,18698,drift,"[0, 28, 40, 42]",,,,Northeast
2008-02-19 15:00:00,18698,promotion,"[0, 28, 40, 43]",,43.0,42.0,Northeast
2008-02-19 17:00:00,439498,drift,"[0, 216, 217, 218]",,,,Global
2008-02-19 17:00:00,439498,promotion,"[0, 216, 217, 219]",,219.0,218.0,Global
2008-02-19 17:00:00,439626,warning,"[0, 216, 217, 219]",220.0,,,Global
2008-02-19 18:00:00,18762,warning,"[0, 28, 40, 43]",44.0,,,Northeast
2008-02-19 19:00:00,59098,drift,"[0, 87, 92, 95]",,,,Midwest
2008-02-19 19:00:00,59098,promotion,"[0, 87, 95, 96]",,96.0,92.0,Midwest
2008-02-19 21:00:00,441498,drift,"[0, 216, 217, 219]",,,,Global
2008-02-19 21:00:00,441498,promotion,"[0, 217, 219, 220]",,220.0,216.0,Global
2008-02-19 21:00:00,441658,warning,"[0, 217, 219, 220]",221.0,,,Global
2008-02-19 21:00:00,59258,warning,"[0, 87, 95, 96]",97.0,,,Midwest
2008-02-20 08:00:00,443498,drift,"[0, 217, 219, 220]",,,,Global
2008-02-20 08:00:00,443498,promotion,"[0, 217, 220, 221]",,221.0,219.0,Global
2008-02-20 08:00:00,443690,warning,"[0, 217, 220, 221]",222.0,,,Global
2008-02-20 10:00:00,59698,drift,"[0, 87, 95, 96]",,,,Midwest
2008-02-20 10:00:00,59698,promotion,"[0, 95, 96, 97]",,97.0,87.0,Midwest
2008-02-20 10:00:00,213498,drift,"[0, 50, 51, 52]",,,,West
2008-02-20 10:00:00,213498,promotion,"[0, 51, 52, 53]",,53.0,50.0,West
2008-02-20 10:00:00,213594,warning,"[0, 51, 52, 53]",54.0,,,West
2008-02-20 11:00:00,445498,drift,"[0, 217, 220, 221]",,,,Global
2008-02-20 11:00:00,445498,promotion,"[0, 220, 221, 222]",,222.0,217.0,Global
2008-02-20 11:00:00,445658,warning,"[0, 220, 221, 222]",223.0,,,Global
2008-02-20 12:00:00,59826,warning,"[0, 95, 96, 97]",98.0,,,Midwest
2008-02-20 13:00:00,209498,drift,"[0, 46, 50, 51]",,,,South
2008-02-20 13:00:00,209498,promotion,"[0, 50, 51, 52]",,52.0,46.0,South
2008-02-20 13:00:00,209594,warning,"[0, 50, 51, 52]",53.0,,,South
2008-02-20 14:00:00,447498,drift,"[0, 220, 221, 222]",,,,Global
2008-02-20 14:00:00,447498,promotion,"[0, 220, 222, 223]",,223.0,221.0,Global
2008-02-20 14:00:00,447658,warning,"[0, 220, 222, 223]",224.0,,,Global
2008-02-20 15:00:00,19098,drift,"[0, 28, 40, 43]",,,,Northeast
2008-02-20 15:00:00,19098,promotion,"[0, 40, 43, 44]",,44.0,28.0,Northeast
2008-02-20 17:00:00,60298,drift,"[0, 95, 96, 97]",,,,Midwest
2008-02-20 17:00:00,60298,promotion,"[0, 96, 97, 98]",,98.0,95.0,Midwest
2008-02-20 17:00:00,449498,drift,"[0, 220, 222, 223]",,,,Global
2008-02-20 17:00:00,449498,promotion,"[0, 220, 222, 224]",,224.0,223.0,Global
2008-02-20 18:00:00,449690,warning,"[0, 220, 222, 224]",225.0,,,Global
2008-02-20 20:00:00,60522,warning,"[0, 96, 97, 98]",99.0,,,Midwest
2008-02-20 22:00:00,451498,drift,"[0, 220, 222, 224]",,,,Global
2008-02-20 22:00:00,451498,promotion,"[0, 220, 222, 225]",,225.0,224.0,Global
2008-02-21 00:00:00,451626,warning,"[0, 220, 222, 225]",226.0,,,Global
2008-02-21 06:00:00,19290,warning,"[0, 40, 43, 44]",45.0,,,Northeast
2008-02-21 08:00:00,453498,drift,"[0, 220, 222, 225]",,,,Global
2008-02-21 08:00:00,453498,promotion,"[0, 220, 222, 226]",,226.0,225.0,Global
2008-02-21 08:00:00,453594,warning,"[0, 220, 222, 226]",227.0,,,Global
2008-02-21 08:00:00,217498,drift,"[0, 51, 52, 53]",,,,West
2008-02-21 08:00:00,217498,promotion,"[0, 51, 52, 54]",,54.0,53.0,West
2008-02-21 08:00:00,60898,drift,"[0, 96, 97, 98]",,,,Midwest
2008-02-21 08:00:00,60898,promotion,"[0, 96, 97, 99]",,99.0,98.0,Midwest
2008-02-21 09:00:00,217658,warning,"[0, 51, 52, 54]",55.0,,,West
2008-02-21 10:00:00,60994,warning,"[0, 96, 97, 99]",100.0,,,Midwest
2008-02-21 11:00:00,213498,drift,"[0, 50, 51, 52]",,,,South
2008-02-21 11:00:00,213498,promotion,"[0, 51, 52, 53]",,53.0,50.0,South
2008-02-21 11:00:00,455498,drift,"[0, 220, 222, 226]",,,,Global
2008-02-21 11:00:00,455498,promotion,"[0, 220, 222, 227]",,227.0,226.0,Global
2008-02-21 12:00:00,455754,warning,"[0, 220, 222, 227]",228.0,,,Global
2008-02-21 12:00:00,213658,warning,"[0, 51, 52, 53]",54.0,,,South
2008-02-21 14:00:00,19498,drift,"[0, 40, 43, 44]",,,,Northeast
2008-02-21 14:00:00,19498,promotion,"[0, 43, 44, 45]",,45.0,40.0,Northeast
2008-02-21 15:00:00,457498,drift,"[0, 220, 222, 227]",,,,Global
2008-02-21 15:00:00,457498,promotion,"[0, 220, 227, 228]",,228.0,222.0,Global
2008-02-21 15:00:00,457594,warning,"[0, 220, 227, 228]",229.0,,,Global
2008-02-21 16:00:00,61498,drift,"[0, 96, 97, 99]",,,,Midwest
2008-02-21 16:00:00,61498,promotion,"[0, 96, 97, 100]",,100.0,99.0,Midwest
2008-02-21 18:00:00,61594,warning,"[0, 96, 97, 100]",101.0,,,Midwest
2008-02-21 18:00:00,19626,warning,"[0, 43, 44, 45]",46.0,,,Northeast
2008-02-21 18:00:00,459498,drift,"[0, 220, 227, 228]",,,,Global
2008-02-21 18:00:00,459498,promotion,"[0, 220, 227, 229]",,229.0,228.0,Global
2008-02-21 19:00:00,459658,warning,"[0, 220, 227, 229]",230.0,,,Global
2008-02-22 06:00:00,461498,drift,"[0, 220, 227, 229]",,,,Global
2008-02-22 06:00:00,461498,promotion,"[0, 220, 227, 230]",,230.0,229.0,Global
2008-02-22 06:00:00,461594,warning,"[0, 220, 227, 230]",231.0,,,Global
2008-02-22 07:00:00,221498,drift,"[0, 51, 52, 54]",,,,West
2008-02-22 07:00:00,221498,promotion,"[0, 51, 52, 55]",,55.0,54.0,West
2008-02-22 07:00:00,221562,warning,"[0, 51, 52, 55]",56.0,,,West
2008-02-22 08:00:00,62098,drift,"[0, 96, 97, 100]",,,,Midwest
2008-02-22 08:00:00,62098,promotion,"[0, 96, 97, 101]",,101.0,100.0,Midwest
2008-02-22 10:00:00,463498,drift,"[0, 220, 227, 230]",,,,Global
2008-02-22 10:00:00,463498,promotion,"[0, 220, 227, 231]",,231.0,230.0,Global
2008-02-22 10:00:00,62258,warning,"[0, 96, 97, 101]",102.0,,,Midwest
2008-02-22 10:00:00,463754,warning,"[0, 220, 227, 231]",232.0,,,Global
2008-02-22 10:00:00,217498,drift,"[0, 51, 52, 53]",,,,South
2008-02-22 10:00:00,217498,promotion,"[0, 51, 52, 54]",,54.0,53.0,South
2008-02-22 11:00:00,217658,warning,"[0, 51, 52, 54]",55.0,,,South
2008-02-22 14:00:00,465498,drift,"[0, 220, 227, 231]",,,,Global
2008-02-22 14:00:00,465498,promotion,"[0, 220, 227, 232]",,232.0,231.0,Global
2008-02-22 14:00:00,465658,warning,"[0, 220, 227, 232]",233.0,,,Global
2008-02-22 15:00:00,62698,drift,"[0, 96, 97, 101]",,,,Midwest
2008-02-22 15:00:00,62698,promotion,"[0, 96, 101, 102]",,102.0,97.0,Midwest
2008-02-22 17:00:00,62826,warning,"[0, 96, 101, 102]",103.0,,,Midwest
2008-02-22 18:00:00,467498,drift,"[0, 220, 227, 232]",,,,Global
2008-02-22 18:00:00,467498,promotion,"[0, 220, 227, 233]",,233.0,232.0,Global
2008-02-22 18:00:00,467626,warning,"[0, 220, 227, 233]",234.0,,,Global
2008-02-22 23:00:00,225498,drift,"[0, 51, 52, 55]",,,,West
2008-02-22 23:00:00,225498,promotion,"[0, 51, 52, 56]",,56.0,55.0,West
2008-02-23 06:00:00,225594,warning,"[0, 51, 52, 56]",57.0,,,West
2008-02-23 06:00:00,469498,drift,"[0, 220, 227, 233]",,,,Global
2008-02-23 06:00:00,469498,promotion,"[0, 220, 227, 234]",,234.0,233.0,Global
2008-02-23 06:00:00,469626,warning,"[0, 220, 227, 234]",235.0,,,Global
2008-02-23 06:00:00,63298,drift,"[0, 96, 101, 102]",,,,Midwest
2008-02-23 06:00:00,63298,promotion,"[0, 101, 102, 103]",,103.0,96.0,Midwest
2008-02-23 07:00:00,19898,drift,"[0, 43, 44, 45]",,,,Northeast
2008-02-23 07:00:00,19898,promotion,"[0, 43, 44, 46]",,46.0,45.0,Northeast
2008-02-23 07:00:00,63362,warning,"[0, 101, 102, 103]",104.0,,,Midwest
2008-02-23 09:00:00,471498,drift,"[0, 220, 227, 234]",,,,Global
2008-02-23 09:00:00,471498,promotion,"[0, 220, 227, 235]",,235.0,234.0,Global
2008-02-23 09:00:00,471594,warning,"[0, 220, 227, 235]",236.0,,,Global
2008-02-23 10:00:00,221498,drift,"[0, 51, 52, 54]",,,,South
2008-02-23 10:00:00,221498,promotion,"[0, 51, 52, 55]",,55.0,54.0,South
2008-02-23 10:00:00,221594,warning,"[0, 51, 52, 55]",56.0,,,South
2008-02-23 13:00:00,473498,drift,"[0, 220, 227, 235]",,,,Global
2008-02-23 13:00:00,473498,promotion,"[0, 220, 235, 236]",,236.0,227.0,Global
2008-02-23 13:00:00,473562,warning,"[0, 220, 235, 236]",237.0,,,Global
2008-02-23 13:00:00,19994,warning,"[0, 43, 44, 46]",47.0,,,Northeast
2008-02-23 15:00:00,63898,drift,"[0, 101, 102, 103]",,,,Midwest
2008-02-23 15:00:00,63898,promotion,"[0, 101, 102, 104]",,104.0,103.0,Midwest
2008-02-23 17:00:00,475498,drift,"[0, 220, 235, 236]",,,,Global
2008-02-23 17:00:00,475498,promotion,"[0, 235, 236, 237]",,237.0,220.0,Global
2008-02-23 17:00:00,63994,warning,"[0, 101, 102, 104]",105.0,,,Midwest
2008-02-23 17:00:00,475562,warning,"[0, 235, 236, 237]",238.0,,,Global
2008-02-24 06:00:00,477498,drift,"[0, 235, 236, 237]",,,,Global
2008-02-24 06:00:00,477498,promotion,"[0, 236, 237, 238]",,238.0,235.0,Global
2008-02-24 06:00:00,477594,warning,"[0, 236, 237, 238]",239.0,,,Global
2008-02-24 06:00:00,229498,drift,"[0, 51, 52, 56]",,,,West
2008-02-24 06:00:00,229498,promotion,"[0, 51, 52, 57]",,57.0,56.0,West
2008-02-24 07:00:00,229594,warning,"[0, 51, 52, 57]",58.0,,,West
2008-02-24 09:00:00,479498,drift,"[0, 236, 237, 238]",,,,Global
2008-02-24 09:00:00,479498,promotion,"[0, 237, 238, 239]",,239.0,236.0,Global
2008-02-24 09:00:00,479530,warning,"[0, 237, 238, 239]",240.0,,,Global
2008-02-24 10:00:00,64498,drift,"[0, 101, 102, 104]",,,,Midwest
2008-02-24 10:00:00,64498,promotion,"[0, 101, 104, 105]",,105.0,102.0,Midwest
2008-02-24 11:00:00,64594,warning,"[0, 101, 104, 105]",106.0,,,Midwest
2008-02-24 11:00:00,225498,drift,"[0, 51, 52, 55]",,,,South
2008-02-24 11:00:00,225498,promotion,"[0, 51, 52, 56]",,56.0,55.0,South
2008-02-24 11:00:00,225562,warning,"[0, 51, 52, 56]",57.0,,,South
2008-02-24 12:00:00,481498,drift,"[0, 237, 238, 239]",,,,Global
2008-02-24 12:00:00,481498,promotion,"[0, 237, 239, 240]",,240.0,238.0,Global
2008-02-24 13:00:00,481690,warning,"[0, 237, 239, 240]",241.0,,,Global
2008-02-24 14:00:00,20298,drift,"[0, 43, 44, 46]",,,,Northeast
2008-02-24 14:00:00,20298,promotion,"[0, 43, 44, 47]",,47.0,46.0,Northeast
2008-02-24 16:00:00,483498,drift,"[0, 237, 239, 240]",,,,Global
2008-02-24 16:00:00,483498,promotion,"[0, 239, 240, 241]",,241.0,237.0,Global
2008-02-24 16:00:00,483594,warning,"[0, 239, 240, 241]",242.0,,,Global
2008-02-24 16:00:00,20362,warning,"[0, 43, 44, 47]",48.0,,,Northeast
2008-02-24 17:00:00,65098,drift,"[0, 101, 104, 105]",,,,Midwest
2008-02-24 17:00:00,65098,promotion,"[0, 104, 105, 106]",,106.0,101.0,Midwest
2008-02-24 19:00:00,65258,warning,"[0, 104, 105, 106]",107.0,,,Midwest
2008-02-24 19:00:00,485498,drift,"[0, 239, 240, 241]",,,,Global
2008-02-24 19:00:00,485498,promotion,"[0, 239, 240, 242]",,242.0,241.0,Global
2008-02-24 19:00:00,485626,warning,"[0, 239, 240, 242]",243.0,,,Global
2008-02-25 01:00:00,233498,drift,"[0, 51, 52, 57]",,,,West
2008-02-25 01:00:00,233498,promotion,"[0, 51, 52, 58]",,58.0,57.0,West
2008-02-25 06:00:00,233594,warning,"[0, 51, 52, 58]",59.0,,,West
2008-02-25 07:00:00,487498,drift,"[0, 239, 240, 242]",,,,Global
2008-02-25 07:00:00,487498,promotion,"[0, 239, 240, 243]",,243.0,242.0,Global
2008-02-25 07:00:00,487626,warning,"[0, 239, 240, 243]",244.0,,,Global
2008-02-25 08:00:00,65698,drift,"[0, 104, 105, 106]",,,,Midwest
2008-02-25 08:00:00,65698,promotion,"[0, 104, 106, 107]",,107.0,105.0,Midwest
2008-02-25 09:00:00,65762,warning,"[0, 104, 106, 107]",108.0,,,Midwest
2008-02-25 10:00:00,229498,drift,"[0, 51, 52, 56]",,,,South
2008-02-25 10:00:00,229498,promotion,"[0, 51, 56, 57]",,57.0,52.0,South
2008-02-25 10:00:00,489498,drift,"[0, 239, 240, 243]",,,,Global
2008-02-25 10:00:00,489498,promotion,"[0, 239, 240, 244]",,244.0,243.0,Global
2008-02-25 10:00:00,489626,warning,"[0, 239, 240, 244]",245.0,,,Global
2008-02-25 10:00:00,229690,warning,"[0, 51, 56, 57]",58.0,,,South
2008-02-25 13:00:00,491498,drift,"[0, 239, 240, 244]",,,,Global
2008-02-25 13:00:00,491498,promotion,"[0, 239, 240, 245]",,245.0,244.0,Global
2008-02-25 13:00:00,20698,drift,"[0, 43, 44, 47]",,,,Northeast
2008-02-25 13:00:00,20698,promotion,"[0, 43, 47, 48]",,48.0,44.0,Northeast
2008-02-25 13:00:00,491690,warning,"[0, 239, 240, 245]",246.0,,,Global
2008-02-25 16:00:00,493498,drift,"[0, 239, 240, 245]",,,,Global
2008-02-25 16:00:00,493498,promotion,"[0, 239, 240, 246]",,246.0,245.0,Global
2008-02-25 17:00:00,493594,warning,"[0, 239, 240, 246]",247.0,,,Global
2008-02-25 17:00:00,20794,warning,"[0, 43, 47, 48]",49.0,,,Northeast
2008-02-25 17:00:00,66298,drift,"[0, 104, 106, 107]",,,,Midwest
2008-02-25 17:00:00,66298,promotion,"[0, 104, 106, 108]",,108.0,107.0,Midwest
2008-02-25 19:00:00,66458,warning,"[0, 104, 106, 108]",109.0,,,Midwest
2008-02-25 20:00:00,237498,drift,"[0, 51, 52, 58]",,,,West
2008-02-25 20:00:00,237498,promotion,"[0, 51, 52, 59]",,59.0,58.0,West
2008-02-25 20:00:00,495498,drift,"[0, 239, 240, 246]",,,,Global
2008-02-25 20:00:00,495498,promotion,"[0, 239, 240, 247]",,247.0,246.0,Global
2008-02-25 20:00:00,495562,warning,"[0, 239, 240, 247]",248.0,,,Global
2008-02-25 21:00:00,237626,warning,"[0, 51, 52, 59]",60.0,,,West
2008-02-26 07:00:00,497498,drift,"[0, 239, 240, 247]",,,,Global
2008-02-26 07:00:00,497498,promotion,"[0, 239, 240, 248]",,248.0,247.0,Global
2008-02-26 08:00:00,497690,warning,"[0, 239, 240, 248]",249.0,,,Global
2008-02-26 08:00:00,233498,drift,"[0, 51, 56, 57]",,,,South
2008-02-26 08:00:00,233498,promotion,"[0, 56, 57, 58]",,58.0,51.0,South
2008-02-26 08:00:00,233594,warning,"[0, 56, 57, 58]",59.0,,,South
2008-02-26 10:00:00,66898,drift,"[0, 104, 106, 108]",,,,Midwest
2008-02-26 10:00:00,66898,promotion,"[0, 104, 106, 109]",,109.0,108.0,Midwest
2008-02-26 11:00:00,66962,warning,"[0, 104, 106, 109]",110.0,,,Midwest
2008-02-26 11:00:00,499498,drift,"[0, 239, 240, 248]",,,,Global
2008-02-26 11:00:00,499498,promotion,"[0, 239, 240, 249]",,249.0,248.0,Global
2008-02-26 11:00:00,499722,warning,"[0, 239, 240, 249]",250.0,,,Global
2008-02-26 13:00:00,21098,drift,"[0, 43, 47, 48]",,,,Northeast
2008-02-26 13:00:00,21098,promotion,"[0, 47, 48, 49]",,49.0,43.0,Northeast
2008-02-26 14:00:00,501498,drift,"[0, 239, 240, 249]",,,,Global
2008-02-26 14:00:00,501498,promotion,"[0, 239, 240, 250]",,250.0,249.0,Global
2008-02-26 15:00:00,501786,warning,"[0, 239, 240, 250]",251.0,,,Global
2008-02-26 15:00:00,21162,warning,"[0, 47, 48, 49]",50.0,,,Northeast
2008-02-26 18:00:00,503498,drift,"[0, 239, 240, 250]",,,,Global
2008-02-26 18:00:00,503498,promotion,"[0, 239, 240, 251]",,251.0,250.0,Global
2008-02-26 18:00:00,503658,warning,"[0, 239, 240, 251]",252.0,,,Global
2008-02-26 18:00:00,241498,drift,"[0, 51, 52, 59]",,,,West
2008-02-26 18:00:00,241498,promotion,"[0, 51, 59, 60]",,60.0,52.0,West
2008-02-26 18:00:00,67498,drift,"[0, 104, 106, 109]",,,,Midwest
2008-02-26 18:00:00,67498,promotion,"[0, 104, 106, 110]",,110.0,109.0,Midwest
2008-02-26 19:00:00,241594,warning,"[0, 51, 59, 60]",61.0,,,West
2008-02-26 20:00:00,67594,warning,"[0, 104, 106, 110]",111.0,,,Midwest
2008-02-27 06:00:00,505498,drift,"[0, 239, 240, 251]",,,,Global
2008-02-27 06:00:00,505498,promotion,"[0, 239, 240, 252]",,252.0,251.0,Global
2008-02-27 06:00:00,505690,warning,"[0, 239, 240, 252]",253.0,,,Global
2008-02-27 07:00:00,237498,drift,"[0, 56, 57, 58]",,,,South
2008-02-27 07:00:00,237498,promotion,"[0, 56, 57, 59]",,59.0,58.0,South
2008-02-27 07:00:00,237594,warning,"[0, 56, 57, 59]",60.0,,,South
2008-02-27 09:00:00,507498,drift,"[0, 239, 240, 252]",,,,Global
2008-02-27 09:00:00,507498,promotion,"[0, 239, 240, 253]",,253.0,252.0,Global
2008-02-27 09:00:00,507594,warning,"[0, 239, 240, 253]",254.0,,,Global
2008-02-27 10:00:00,68098,drift,"[0, 104, 106, 110]",,,,Midwest
2008-02-27 10:00:00,68098,promotion,"[0, 104, 110, 111]",,111.0,106.0,Midwest
2008-02-27 10:00:00,68162,warning,"[0, 104, 110, 111]",112.0,,,Midwest
2008-02-27 12:00:00,509498,drift,"[0, 239, 240, 253]",,,,Global
2008-02-27 12:00:00,509498,promotion,"[0, 239, 253, 254]",,254.0,240.0,Global
2008-02-27 12:00:00,509626,warning,"[0, 239, 253, 254]",255.0,,,Global
2008-02-27 13:00:00,21498,drift,"[0, 47, 48, 49]",,,,Northeast
2008-02-27 13:00:00,21498,promotion,"[0, 47, 48, 50]",,50.0,49.0,Northeast
2008-02-27 15:00:00,511498,drift,"[0, 239, 253, 254]",,,,Global
2008-02-27 15:00:00,511498,promotion,"[0, 253, 254, 255]",,255.0,239.0,Global
2008-02-27 15:00:00,511626,warning,"[0, 253, 254, 255]",256.0,,,Global
2008-02-27 16:00:00,21594,warning,"[0, 47, 48, 50]",51.0,,,Northeast
2008-02-27 17:00:00,68698,drift,"[0, 104, 110, 111]",,,,Midwest
2008-02-27 17:00:00,68698,promotion,"[0, 110, 111, 112]",,112.0,104.0,Midwest
2008-02-27 17:00:00,245498,drift,"[0, 51, 59, 60]",,,,West
2008-02-27 17:00:00,245498,promotion,"[0, 59, 60, 61]",,61.0,51.0,West
2008-02-27 18:00:00,245594,warning,"[0, 59, 60, 61]",62.0,,,West
2008-02-27 18:00:00,68762,warning,"[0, 110, 111, 112]",113.0,,,Midwest
2008-02-27 19:00:00,513498,drift,"[0, 253, 254, 255]",,,,Global
2008-02-27 19:00:00,513498,promotion,"[0, 254, 255, 256]",,256.0,253.0,Global
2008-02-27 19:00:00,513594,warning,"[0, 254, 255, 256]",257.0,,,Global
2008-02-27 22:00:00,241498,drift,"[0, 56, 57, 59]",,,,South
2008-02-27 22:00:00,241498,promotion,"[0, 57, 59, 60]",,60.0,56.0,South
2008-02-28 06:00:00,241626,warning,"[0, 57, 59, 60]",61.0,,,South
2008-02-28 06:00:00,515498,drift,"[0, 254, 255, 256]",,,,Global
2008-02-28 06:00:00,515498,promotion,"[0, 254, 255, 257]",,257.0,256.0,Global
2008-02-28 06:00:00,515626,warning,"[0, 254, 255, 257]",258.0,,,Global
2008-02-28 08:00:00,69298,drift,"[0, 110, 111, 112]",,,,Midwest
2008-02-28 08:00:00,69298,promotion,"[0, 111, 112, 113]",,113.0,110.0,Midwest
2008-02-28 09:00:00,69362,warning,"[0, 111, 112, 113]",114.0,,,Midwest
2008-02-28 09:00:00,517498,drift,"[0, 254, 255, 257]",,,,Global
2008-02-28 09:00:00,517498,promotion,"[0, 254, 255, 258]",,258.0,257.0,Global
2008-02-28 09:00:00,517690,warning,"[0, 254, 255, 258]",259.0,,,Global
2008-02-28 12:00:00,21898,drift,"[0, 47, 48, 50]",,,,Northeast
2008-02-28 12:00:00,21898,promotion,"[0, 47, 48, 51]",,51.0,50.0,Northeast
2008-02-28 12:00:00,519498,drift,"[0, 254, 255, 258]",,,,Global
2008-02-28 12:00:00,519498,promotion,"[0, 254, 255, 259]",,259.0,258.0,Global
2008-02-28 13:00:00,519626,warning,"[0, 254, 255, 259]",260.0,,,Global
2008-02-28 16:00:00,69898,drift,"[0, 111, 112, 113]",,,,Midwest
2008-02-28 16:00:00,69898,promotion,"[0, 112, 113, 114]",,114.0,111.0,Midwest
2008-02-28 16:00:00,521498,drift,"[0, 254, 255, 259]",,,,Global
2008-02-28 16:00:00,521498,promotion,"[0, 254, 255, 260]",,260.0,259.0,Global
2008-02-28 16:00:00,249498,drift,"[0, 59, 60, 61]",,,,West
2008-02-28 16:00:00,249498,promotion,"[0, 59, 61, 62]",,62.0,60.0,West
2008-02-28 16:00:00,521722,warning,"[0, 254, 255, 260]",261.0,,,Global
2008-02-28 16:00:00,249626,warning,"[0, 59, 61, 62]",63.0,,,West
2008-02-28 17:00:00,69994,warning,"[0, 112, 113, 114]",115.0,,,Midwest
2008-02-28 18:00:00,22058,warning,"[0, 47, 48, 51]",52.0,,,Northeast
2008-02-28 19:00:00,245498,drift,"[0, 57, 59, 60]",,,,South
2008-02-28 19:00:00,245498,promotion,"[0, 59, 60, 61]",,61.0,57.0,South
2008-02-28 19:00:00,523498,drift,"[0, 254, 255, 260]",,,,Global
2008-02-28 19:00:00,523498,promotion,"[0, 254, 255, 261]",,261.0,260.0,Global
2008-02-28 19:00:00,523626,warning,"[0, 254, 255, 261]",262.0,,,Global
2008-02-28 19:00:00,245626,warning,"[0, 59, 60, 61]",62.0,,,South
2008-02-29 07:00:00,525498,drift,"[0, 254, 255, 261]",,,,Global
2008-02-29 07:00:00,525498,promotion,"[0, 254, 255, 262]",,262.0,261.0,Global
2008-02-29 07:00:00,70498,drift,"[0, 112, 113, 114]",,,,Midwest
2008-02-29 07:00:00,70498,promotion,"[0, 112, 113, 115]",,115.0,114.0,Midwest
2008-02-29 07:00:00,525594,warning,"[0, 254, 255, 262]",263.0,,,Global
2008-02-29 08:00:00,70626,warning,"[0, 112, 113, 115]",116.0,,,Midwest
2008-02-29 10:00:00,527498,drift,"[0, 254, 255, 262]",,,,Global
2008-02-29 10:00:00,527498,promotion,"[0, 254, 262, 263]",,263.0,255.0,Global
2008-02-29 10:00:00,527594,warning,"[0, 254, 262, 263]",264.0,,,Global
2008-02-29 11:00:00,22298,drift,"[0, 47, 48, 51]",,,,Northeast
2008-02-29 11:00:00,22298,promotion,"[0, 48, 51, 52]",,52.0,47.0,Northeast
2008-02-29 13:00:00,529498,drift,"[0, 254, 262, 263]",,,,Global
2008-02-29 13:00:00,529498,promotion,"[0, 254, 262, 264]",,264.0,263.0,Global
2008-02-29 13:00:00,529594,warning,"[0, 254, 262, 264]",265.0,,,Global
2008-02-29 15:00:00,22394,warning,"[0, 48, 51, 52]",53.0,,,Northeast
2008-02-29 15:00:00,71098,drift,"[0, 112, 113, 115]",,,,Midwest
2008-02-29 15:00:00,71098,promotion,"[0, 112, 113, 116]",,116.0,115.0,Midwest
2008-02-29 15:00:00,253498,drift,"[0, 59, 61, 62]",,,,West
2008-02-29 15:00:00,253498,promotion,"[0, 61, 62, 63]",,63.0,59.0,West
2008-02-29 15:00:00,71162,warning,"[0, 112, 113, 116]",117.0,,,Midwest
2008-02-29 16:00:00,253722,warning,"[0, 61, 62, 63]",64.0,,,West
2008-02-29 17:00:00,531498,drift,"[0, 254, 262, 264]",,,,Global
2008-02-29 17:00:00,531498,promotion,"[0, 254, 262, 265]",,265.0,264.0,Global
2008-02-29 17:00:00,531722,warning,"[0, 254, 262, 265]",266.0,,,Global
2008-02-29 17:00:00,249498,drift,"[0, 59, 60, 61]",,,,South
2008-02-29 17:00:00,249498,promotion,"[0, 60, 61, 62]",,62.0,59.0,South
2008-02-29 18:00:00,249690,warning,"[0, 60, 61, 62]",63.0,,,South
2008-02-29 20:00:00,533498,drift,"[0, 254, 262, 265]",,,,Global
2008-02-29 20:00:00,533498,promotion,"[0, 254, 265, 266]",,266.0,262.0,Global
2008-02-29 21:00:00,533626,warning,"[0, 254, 265, 266]",267.0,,,Global
2008-03-01 07:00:00,71698,drift,"[0, 112, 113, 116]",,,,Midwest
2008-03-01 07:00:00,71698,promotion,"[0, 112, 113, 117]",,117.0,116.0,Midwest
2008-03-01 08:00:00,71762,warning,"[0, 112, 113, 117]",118.0,,,Midwest
2008-03-01 08:00:00,535498,drift,"[0, 254, 265, 266]",,,,Global
2008-03-01 08:00:00,535498,promotion,"[0, 254, 266, 267]",,267.0,265.0,Global
2008-03-01 08:00:00,535626,warning,"[0, 254, 266, 267]",268.0,,,Global
2008-03-01 11:00:00,537498,drift,"[0, 254, 266, 267]",,,,Global
2008-03-01 11:00:00,537498,promotion,"[0, 266, 267, 268]",,268.0,254.0,Global
2008-03-01 12:00:00,537754,warning,"[0, 266, 267, 268]",269.0,,,Global
2008-03-01 13:00:00,22698,drift,"[0, 48, 51, 52]",,,,Northeast
2008-03-01 13:00:00,22698,promotion,"[0, 51, 52, 53]",,53.0,48.0,Northeast
2008-03-01 14:00:00,257498,drift,"[0, 61, 62, 63]",,,,West
2008-03-01 14:00:00,257498,promotion,"[0, 61, 62, 64]",,64.0,63.0,West
2008-03-01 15:00:00,257626,warning,"[0, 61, 62, 64]",65.0,,,West
2008-03-01 15:00:00,539498,drift,"[0, 266, 267, 268]",,,,Global
2008-03-01 15:00:00,539498,promotion,"[0, 267, 268, 269]",,269.0,266.0,Global
2008-03-01 15:00:00,539690,warning,"[0, 267, 268, 269]",270.0,,,Global
2008-03-01 15:00:00,72298,drift,"[0, 112, 113, 117]",,,,Midwest
2008-03-01 15:00:00,72298,promotion,"[0, 112, 113, 118]",,118.0,117.0,Midwest
2008-03-01 16:00:00,22762,warning,"[0, 51, 52, 53]",54.0,,,Northeast
2008-03-01 18:00:00,253498,drift,"[0, 60, 61, 62]",,,,South
2008-03-01 18:00:00,253498,promotion,"[0, 60, 61, 63]",,63.0,62.0,South
2008-03-01 19:00:00,253658,warning,"[0, 60, 61, 63]",64.0,,,South
2008-03-01 19:00:00,541498,drift,"[0, 267, 268, 269]",,,,Global
2008-03-01 19:00:00,541498,promotion,"[0, 267, 268, 270]",,270.0,269.0,Global
2008-03-01 19:00:00,541594,warning,"[0, 267, 268, 270]",271.0,,,Global
2008-03-01 20:00:00,72554,warning,"[0, 112, 113, 118]",119.0,,,Midwest
2008-03-02 08:00:00,543498,drift,"[0, 267, 268, 270]",,,,Global
2008-03-02 08:00:00,543498,promotion,"[0, 267, 268, 271]",,271.0,270.0,Global
2008-03-02 08:00:00,543786,warning,"[0, 267, 268, 271]",272.0,,,Global
2008-03-02 10:00:00,72898,drift,"[0, 112, 113, 118]",,,,Midwest
2008-03-02 10:00:00,72898,promotion,"[0, 112, 118, 119]",,119.0,113.0,Midwest
2008-03-02 11:00:00,545498,drift,"[0, 267, 268, 271]",,,,Global
2008-03-02 11:00:00,545498,promotion,"[0, 267, 268, 272]",,272.0,271.0,Global
2008-03-02 11:00:00,545690,warning,"[0, 267, 268, 272]",273.0,,,Global
2008-03-02 11:00:00,73026,warning,"[0, 112, 118, 119]",120.0,,,Midwest
2008-03-02 14:00:00,547498,drift,"[0, 267, 268, 272]",,,,Global
2008-03-02 14:00:00,547498,promotion,"[0, 267, 272, 273]",,273.0,268.0,Global
2008-03-02 15:00:00,547626,warning,"[0, 267, 272, 273]",274.0,,,Global
2008-03-02 15:00:00,261498,drift,"[0, 61, 62, 64]",,,,West
2008-03-02 15:00:00,261498,promotion,"[0, 61, 62, 65]",,65.0,64.0,West
2008-03-02 16:00:00,261658,warning,"[0, 61, 62, 65]",66.0,,,West
2008-03-02 17:00:00,23098,drift,"[0, 51, 52, 53]",,,,Northeast
2008-03-02 17:00:00,23098,promotion,"[0, 51, 52, 54]",,54.0,53.0,Northeast
2008-03-02 17:00:00,73498,drift,"[0, 112, 118, 119]",,,,Midwest
2008-03-02 17:00:00,73498,promotion,"[0, 118, 119, 120]",,120.0,112.0,Midwest
2008-03-02 18:00:00,549498,drift,"[0, 267, 272, 273]",,,,Global
2008-03-02 18:00:00,549498,promotion,"[0, 267, 273, 274]",,274.0,272.0,Global
2008-03-02 18:00:00,257498,drift,"[0, 60, 61, 63]",,,,South
2008-03-02 18:00:00,257498,promotion,"[0, 60, 61, 64]",,64.0,63.0,South
2008-03-02 18:00:00,549658,warning,"[0, 267, 273, 274]",275.0,,,Global
2008-03-02 18:00:00,73562,warning,"[0, 118, 119, 120]",121.0,,,Midwest
2008-03-02 18:00:00,257658,warning,"[0, 60, 61, 64]",65.0,,,South
2008-03-03 00:00:00,551498,drift,"[0, 267, 273, 274]",,,,Global
2008-03-03 00:00:00,551498,promotion,"[0, 267, 273, 275]",,275.0,274.0,Global
2008-03-03 05:00:00,23194,warning,"[0, 51, 52, 54]",55.0,,,Northeast
2008-03-03 06:00:00,551626,warning,"[0, 267, 273, 275]",276.0,,,Global
2008-03-03 08:00:00,553498,drift,"[0, 267, 273, 275]",,,,Global
2008-03-03 08:00:00,553498,promotion,"[0, 267, 273, 276]",,276.0,275.0,Global
2008-03-03 08:00:00,74098,drift,"[0, 118, 119, 120]",,,,Midwest
2008-03-03 08:00:00,74098,promotion,"[0, 119, 120, 121]",,121.0,118.0,Midwest
2008-03-03 08:00:00,553658,warning,"[0, 267, 273, 276]",277.0,,,Global
2008-03-03 09:00:00,74194,warning,"[0, 119, 120, 121]",122.0,,,Midwest
2008-03-03 11:00:00,555498,drift,"[0, 267, 273, 276]",,,,Global
2008-03-03 11:00:00,555498,promotion,"[0, 267, 273, 277]",,277.0,276.0,Global
2008-03-03 12:00:00,555786,warning,"[0, 267, 273, 277]",278.0,,,Global
2008-03-03 14:00:00,265498,drift,"[0, 61, 62, 65]",,,,West
2008-03-03 14:00:00,265498,promotion,"[0, 61, 62, 66]",,66.0,65.0,West
2008-03-03 15:00:00,265658,warning,"[0, 61, 62, 66]",67.0,,,West
2008-03-03 15:00:00,557498,drift,"[0, 267, 273, 277]",,,,Global
2008-03-03 15:00:00,557498,promotion,"[0, 267, 273, 278]",,278.0,277.0,Global
2008-03-03 15:00:00,557626,warning,"[0, 267, 273, 278]",279.0,,,Global
2008-03-03 16:00:00,74698,drift,"[0, 119, 120, 121]",,,,Midwest
2008-03-03 16:00:00,74698,promotion,"[0, 119, 120, 122]",,122.0,121.0,Midwest
2008-03-03 16:00:00,23498,drift,"[0, 51, 52, 54]",,,,Northeast
2008-03-03 16:00:00,23498,promotion,"[0, 51, 52, 55]",,55.0,54.0,Northeast
2008-03-03 17:00:00,261498,drift,"[0, 60, 61, 64]",,,,South
2008-03-03 17:00:00,261498,promotion,"[0, 60, 61, 65]",,65.0,64.0,South
2008-03-03 17:00:00,261594,warning,"[0, 60, 61, 65]",66.0,,,South
2008-03-03 18:00:00,74858,warning,"[0, 119, 120, 122]",123.0,,,Midwest
2008-03-03 18:00:00,559498,drift,"[0, 267, 273, 278]",,,,Global
2008-03-03 18:00:00,559498,promotion,"[0, 267, 273, 279]",,279.0,278.0,Global
2008-03-03 19:00:00,559722,warning,"[0, 267, 273, 279]",280.0,,,Global
2008-03-04 06:00:00,561498,drift,"[0, 267, 273, 279]",,,,Global
2008-03-04 06:00:00,561498,promotion,"[0, 267, 273, 280]",,280.0,279.0,Global
2008-03-04 06:00:00,561594,warning,"[0, 267, 273, 280]",281.0,,,Global
2008-03-04 07:00:00,75298,drift,"[0, 119, 120, 122]",,,,Midwest
2008-03-04 07:00:00,75298,promotion,"[0, 119, 122, 123]",,123.0,120.0,Midwest
2008-03-04 08:00:00,23690,warning,"[0, 51, 52, 55]",56.0,,,Northeast
2008-03-04 08:00:00,75394,warning,"[0, 119, 122, 123]",124.0,,,Midwest
2008-03-04 09:00:00,563498,drift,"[0, 267, 273, 280]",,,,Global
2008-03-04 09:00:00,563498,promotion,"[0, 267, 280, 281]",,281.0,273.0,Global
2008-03-04 09:00:00,563562,warning,"[0, 267, 280, 281]",282.0,,,Global
2008-03-04 13:00:00,565498,drift,"[0, 267, 280, 281]",,,,Global
2008-03-04 13:00:00,565498,promotion,"[0, 267, 281, 282]",,282.0,280.0,Global
2008-03-04 13:00:00,565594,warning,"[0, 267, 281, 282]",283.0,,,Global
2008-03-04 13:00:00,269498,drift,"[0, 61, 62, 66]",,,,West
2008-03-04 13:00:00,269498,promotion,"[0, 61, 62, 67]",,67.0,66.0,West
2008-03-04 14:00:00,269722,warning,"[0, 61, 62, 67]",68.0,,,West
2008-03-04 15:00:00,75898,drift,"[0, 119, 122, 123]",,,,Midwest
2008-03-04 15:00:00,75898,promotion,"[0, 119, 122, 124]",,124.0,123.0,Midwest
2008-03-04 16:00:00,265498,drift,"[0, 60, 61, 65]",,,,South
2008-03-04 16:00:00,265498,promotion,"[0, 60, 61, 66]",,66.0,65.0,South
2008-03-04 16:00:00,75962,warning,"[0, 119, 122, 124]",125.0,,,Midwest
2008-03-04 16:00:00,265594,warning,"[0, 60, 61, 66]",67.0,,,South
2008-03-04 16:00:00,567498,drift,"[0, 267, 281, 282]",,,,Global
2008-03-04 16:00:00,567498,promotion,"[0, 267, 281, 283]",,283.0,282.0,Global
2008-03-04 16:00:00,23898,drift,"[0, 51, 52, 55]",,,,Northeast
2008-03-04 16:00:00,23898,promotion,"[0, 51, 52, 56]",,56.0,55.0,Northeast
2008-03-04 16:00:00,567594,warning,"[0, 267, 281, 283]",284.0,,,Global
2008-03-04 20:00:00,569498,drift,"[0, 267, 281, 283]",,,,Global
2008-03-04 20:00:00,569498,promotion,"[0, 267, 281, 284]",,284.0,283.0,Global
2008-03-04 20:00:00,569594,warning,"[0, 267, 281, 284]",285.0,,,Global
2008-03-04 20:00:00,23994,warning,"[0, 51, 52, 56]",57.0,,,Northeast
2008-03-05 07:00:00,76498,drift,"[0, 119, 122, 124]",,,,Midwest
2008-03-05 07:00:00,76498,promotion,"[0, 119, 122, 125]",,125.0,124.0,Midwest
2008-03-05 07:00:00,571498,drift,"[0, 267, 281, 284]",,,,Global
2008-03-05 07:00:00,571498,promotion,"[0, 267, 281, 285]",,285.0,284.0,Global
2008-03-05 08:00:00,76594,warning,"[0, 119, 122, 125]",126.0,,,Midwest
2008-03-05 08:00:00,571786,warning,"[0, 267, 281, 285]",286.0,,,Global
2008-03-05 11:00:00,573498,drift,"[0, 267, 281, 285]",,,,Global
2008-03-05 11:00:00,573498,promotion,"[0, 267, 285, 286]",,286.0,281.0,Global
2008-03-05 11:00:00,573594,warning,"[0, 267, 285, 286]",287.0,,,Global
2008-03-05 12:00:00,273498,drift,"[0, 61, 62, 67]",,,,West
2008-03-05 12:00:00,273498,promotion,"[0, 61, 67, 68]",,68.0,62.0,West
2008-03-05 13:00:00,273786,warning,"[0, 61, 67, 68]",69.0,,,West
2008-03-05 14:00:00,575498,drift,"[0, 267, 285, 286]",,,,Global
2008-03-05 14:00:00,575498,promotion,"[0, 267, 286, 287]",,287.0,285.0,Global
2008-03-05 14:00:00,77098,drift,"[0, 119, 122, 125]",,,,Midwest
2008-03-05 14:00:00,77098,promotion,"[0, 119, 122, 126]",,126.0,125.0,Midwest
2008-03-05 14:00:00,575626,warning,"[0, 267, 286, 287]",288.0,,,Global
2008-03-05 14:00:00,269498,drift,"[0, 60, 61, 66]",,,,South
2008-03-05 14:00:00,269498,promotion,"[0, 60, 61, 67]",,67.0,66.0,South
2008-03-05 15:00:00,269658,warning,"[0, 60, 61, 67]",68.0,,,South
2008-03-05 15:00:00,77162,warning,"[0, 119, 122, 126]",127.0,,,Midwest
2008-03-05 16:00:00,24298,drift,"[0, 51, 52, 56]",,,,Northeast
2008-03-05 16:00:00,24298,promotion,"[0, 51, 52, 57]",,57.0,56.0,Northeast
2008-03-05 17:00:00,577498,drift,"[0, 267, 286, 287]",,,,Global
2008-03-05 17:00:00,577498,promotion,"[0, 286, 287, 288]",,288.0,267.0,Global
2008-03-05 18:00:00,577690,warning,"[0, 286, 287, 288]",289.0,,,Global
2008-03-05 20:00:00,24394,warning,"[0, 51, 52, 57]",58.0,,,Northeast
2008-03-05 22:00:00,77698,drift,"[0, 119, 122, 126]",,,,Midwest
2008-03-05 22:00:00,77698,promotion,"[0, 119, 126, 127]",,127.0,122.0,Midwest
2008-03-05 22:00:00,579498,drift,"[0, 286, 287, 288]",,,,Global
2008-03-05 22:00:00,579498,promotion,"[0, 287, 288, 289]",,289.0,286.0,Global
2008-03-05 23:00:00,579594,warning,"[0, 287, 288, 289]",290.0,,,Global
2008-03-06 06:00:00,77826,warning,"[0, 119, 126, 127]",128.0,,,Midwest
2008-03-06 08:00:00,581498,drift,"[0, 287, 288, 289]",,,,Global
2008-03-06 08:00:00,581498,promotion,"[0, 288, 289, 290]",,290.0,287.0,Global
2008-03-06 08:00:00,581690,warning,"[0, 288, 289, 290]",291.0,,,Global
2008-03-06 11:00:00,277498,drift,"[0, 61, 67, 68]",,,,West
2008-03-06 11:00:00,277498,promotion,"[0, 67, 68, 69]",,69.0,61.0,West
2008-03-06 11:00:00,583498,drift,"[0, 288, 289, 290]",,,,Global
2008-03-06 11:00:00,583498,promotion,"[0, 289, 290, 291]",,291.0,288.0,Global
2008-03-06 11:00:00,583594,warning,"[0, 289, 290, 291]",292.0,,,Global
2008-03-06 12:00:00,277722,warning,"[0, 67, 68, 69]",70.0,,,West
2008-03-06 12:00:00,78298,drift,"[0, 119, 126, 127]",,,,Midwest
2008-03-06 12:00:00,78298,promotion,"[0, 126, 127, 128]",,128.0,119.0,Midwest
2008-03-06 12:00:00,273498,drift,"[0, 60, 61, 67]",,,,South
2008-03-06 12:00:00,273498,promotion,"[0, 60, 61, 68]",,68.0,67.0,South
2008-03-06 13:00:00,273562,warning,"[0, 60, 61, 68]",69.0,,,South
2008-03-06 14:00:00,78490,warning,"[0, 126, 127, 128]",129.0,,,Midwest
2008-03-06 15:00:00,585498,drift,"[0, 289, 290, 291]",,,,Global
2008-03-06 15:00:00,585498,promotion,"[0, 289, 290, 292]",,292.0,291.0,Global
2008-03-06 15:00:00,585658,warning,"[0, 289, 290, 292]",293.0,,,Global
2008-03-06 15:00:00,24698,drift,"[0, 51, 52, 57]",,,,Northeast
2008-03-06 15:00:00,24698,promotion,"[0, 51, 52, 58]",,58.0,57.0,Northeast
2008-03-06 17:00:00,24762,warning,"[0, 51, 52, 58]",59.0,,,Northeast
2008-03-06 18:00:00,587498,drift,"[0, 289, 290, 292]",,,,Global
2008-03-06 18:00:00,587498,promotion,"[0, 289, 290, 293]",,293.0,292.0,Global
2008-03-06 18:00:00,587562,warning,"[0, 289, 290, 293]",294.0,,,Global
2008-03-06 19:00:00,78898,drift,"[0, 126, 127, 128]",,,,Midwest
2008-03-06 19:00:00,78898,promotion,"[0, 127, 128, 129]",,129.0,126.0,Midwest
2008-03-06 19:00:00,78962,warning,"[0, 127, 128, 129]",130.0,,,Midwest
2008-03-07 06:00:00,589498,drift,"[0, 289, 290, 293]",,,,Global
2008-03-07 06:00:00,589498,promotion,"[0, 289, 290, 294]",,294.0,293.0,Global
2008-03-07 06:00:00,589722,warning,"[0, 289, 290, 294]",295.0,,,Global
2008-03-07 09:00:00,591498,drift,"[0, 289, 290, 294]",,,,Global
2008-03-07 09:00:00,591498,promotion,"[0, 289, 294, 295]",,295.0,290.0,Global
2008-03-07 09:00:00,591626,warning,"[0, 289, 294, 295]",296.0,,,Global
2008-03-07 10:00:00,281498,drift,"[0, 67, 68, 69]",,,,West
2008-03-07 10:00:00,281498,promotion,"[0, 67, 68, 70]",,70.0,69.0,West
2008-03-07 10:00:00,79498,drift,"[0, 127, 128, 129]",,,,Midwest
2008-03-07 10:00:00,79498,promotion,"[0, 127, 128, 130]",,130.0,129.0,Midwest
2008-03-07 10:00:00,281658,warning,"[0, 67, 68, 70]",71.0,,,West
2008-03-07 11:00:00,79594,warning,"[0, 127, 128, 130]",131.0,,,Midwest
2008-03-07 12:00:00,593498,drift,"[0, 289, 294, 295]",,,,Global
2008-03-07 12:00:00,593498,promotion,"[0, 294, 295, 296]",,296.0,289.0,Global
2008-03-07 12:00:00,277498,drift,"[0, 60, 61, 68]",,,,South
2008-03-07 12:00:00,277498,promotion,"[0, 60, 61, 69]",,69.0,68.0,South
2008-03-07 13:00:00,277594,warning,"[0, 60, 61, 69]",70.0,,,South
2008-03-07 13:00:00,593722,warning,"[0, 294, 295, 296]",297.0,,,Global
2008-03-07 15:00:00,25098,drift,"[0, 51, 52, 58]",,,,Northeast
2008-03-07 15:00:00,25098,promotion,"[0, 51, 58, 59]",,59.0,52.0,Northeast
2008-03-07 16:00:00,595498,drift,"[0, 294, 295, 296]",,,,Global
2008-03-07 16:00:00,595498,promotion,"[0, 294, 295, 297]",,297.0,296.0,Global
2008-03-07 16:00:00,595594,warning,"[0, 294, 295, 297]",298.0,,,Global
2008-03-07 17:00:00,25162,warning,"[0, 51, 58, 59]",60.0,,,Northeast
2008-03-07 18:00:00,80098,drift,"[0, 127, 128, 130]",,,,Midwest
2008-03-07 18:00:00,80098,promotion,"[0, 127, 128, 131]",,131.0,130.0,Midwest
2008-03-07 19:00:00,80226,warning,"[0, 127, 128, 131]",132.0,,,Midwest
2008-03-07 20:00:00,597498,drift,"[0, 294, 295, 297]",,,,Global
2008-03-07 20:00:00,597498,promotion,"[0, 294, 295, 298]",,298.0,297.0,Global
2008-03-07 20:00:00,597754,warning,"[0, 294, 295, 298]",299.0,,,Global
2008-03-08 08:00:00,599498,drift,"[0, 294, 295, 298]",,,,Global
2008-03-08 08:00:00,599498,promotion,"[0, 294, 295, 299]",,299.0,298.0,Global
2008-03-08 08:00:00,599594,warning,"[0, 294, 295, 299]",300.0,,,Global
2008-03-08 09:00:00,285498,drift,"[0, 67, 68, 70]",,,,West
2008-03-08 09:00:00,285498,promotion,"[0, 67, 68, 71]",,71.0,70.0,West
2008-03-08 09:00:00,285594,warning,"[0, 67, 68, 71]",72.0,,,West
2008-03-08 11:00:00,80698,drift,"[0, 127, 128, 131]",,,,Midwest
2008-03-08 11:00:00,80698,promotion,"[0, 127, 128, 132]",,132.0,131.0,Midwest
2008-03-08 11:00:00,601498,drift,"[0, 294, 295, 299]",,,,Global
2008-03-08 11:00:00,601498,promotion,"[0, 294, 295, 300]",,300.0,299.0,Global
2008-03-08 11:00:00,601562,warning,"[0, 294, 295, 300]",301.0,,,Global
2008-03-08 12:00:00,281498,drift,"[0, 60, 61, 69]",,,,South
2008-03-08 12:00:00,281498,promotion,"[0, 60, 61, 70]",,70.0,69.0,South
2008-03-08 13:00:00,281626,warning,"[0, 60, 61, 70]",71.0,,,South
2008-03-08 13:00:00,80794,warning,"[0, 127, 128, 132]",133.0,,,Midwest
2008-03-08 16:00:00,603498,drift,"[0, 294, 295, 300]",,,,Global
2008-03-08 16:00:00,603498,promotion,"[0, 294, 295, 301]",,301.0,300.0,Global
2008-03-08 16:00:00,603594,warning,"[0, 294, 295, 301]",302.0,,,Global
2008-03-08 22:00:00,605498,drift,"[0, 294, 295, 301]",,,,Global
2008-03-08 22:00:00,605498,promotion,"[0, 294, 295, 302]",,302.0,301.0,Global
2008-03-09 00:00:00,605626,warning,"[0, 294, 295, 302]",303.0,,,Global
2008-03-09 07:00:00,81298,drift,"[0, 127, 128, 132]",,,,Midwest
2008-03-09 07:00:00,81298,promotion,"[0, 127, 128, 133]",,133.0,132.0,Midwest
2008-03-09 09:00:00,607498,drift,"[0, 294, 295, 302]",,,,Global
2008-03-09 09:00:00,607498,promotion,"[0, 294, 295, 303]",,303.0,302.0,Global
2008-03-09 09:00:00,25498,drift,"[0, 51, 58, 59]",,,,Northeast
2008-03-09 09:00:00,25498,promotion,"[0, 51, 59, 60]",,60.0,58.0,Northeast
2008-03-09 09:00:00,607690,warning,"[0, 294, 295, 303]",304.0,,,Global
2008-03-09 09:00:00,81426,warning,"[0, 127, 128, 133]",134.0,,,Midwest
2008-03-09 10:00:00,289498,drift,"[0, 67, 68, 71]",,,,West
2008-03-09 10:00:00,289498,promotion,"[0, 67, 68, 72]",,72.0,71.0,West
2008-03-09 10:00:00,289562,warning,"[0, 67, 68, 72]",73.0,,,West
2008-03-09 12:00:00,25562,warning,"[0, 51, 59, 60]",61.0,,,Northeast
2008-03-09 12:00:00,609498,drift,"[0, 294, 295, 303]",,,,Global
2008-03-09 12:00:00,609498,promotion,"[0, 294, 303, 304]",,304.0,295.0,Global
2008-03-09 12:00:00,609594,warning,"[0, 294, 303, 304]",305.0,,,Global
2008-03-09 13:00:00,285498,drift,"[0, 60, 61, 70]",,,,South
2008-03-09 13:00:00,285498,promotion,"[0, 60, 61, 71]",,71.0,70.0,South
2008-03-09 14:00:00,285626,warning,"[0, 60, 61, 71]",72.0,,,South
2008-03-09 15:00:00,81898,drift,"[0, 127, 128, 133]",,,,Midwest
2008-03-09 15:00:00,81898,promotion,"[0, 127, 128, 134]",,134.0,133.0,Midwest
2008-03-09 16:00:00,611498,drift,"[0, 294, 303, 304]",,,,Global
2008-03-09 16:00:00,611498,promotion,"[0, 303, 304, 305]",,305.0,294.0,Global
2008-03-09 16:00:00,611626,warning,"[0, 303, 304, 305]",306.0,,,Global
2008-03-09 17:00:00,81994,warning,"[0, 127, 128, 134]",135.0,,,Midwest
2008-03-09 19:00:00,613498,drift,"[0, 303, 304, 305]",,,,Global
2008-03-09 19:00:00,613498,promotion,"[0, 304, 305, 306]",,306.0,303.0,Global
2008-03-09 19:00:00,613658,warning,"[0, 304, 305, 306]",307.0,,,Global
2008-03-10 07:00:00,82498,drift,"[0, 127, 128, 134]",,,,Midwest
2008-03-10 07:00:00,82498,promotion,"[0, 127, 128, 135]",,135.0,134.0,Midwest
2008-03-10 07:00:00,615498,drift,"[0, 304, 305, 306]",,,,Global
2008-03-10 07:00:00,615498,promotion,"[0, 304, 306, 307]",,307.0,305.0,Global
2008-03-10 07:00:00,615594,warning,"[0, 304, 306, 307]",308.0,,,Global
2008-03-10 08:00:00,82594,warning,"[0, 127, 128, 135]",136.0,,,Midwest
2008-03-10 08:00:00,293498,drift,"[0, 67, 68, 72]",,,,West
2008-03-10 08:00:00,293498,promotion,"[0, 67, 68, 73]",,73.0,72.0,West
2008-03-10 09:00:00,293658,warning,"[0, 67, 68, 73]",74.0,,,West
2008-03-10 10:00:00,617498,drift,"[0, 304, 306, 307]",,,,Global
2008-03-10 10:00:00,617498,promotion,"[0, 306, 307, 308]",,308.0,304.0,Global
2008-03-10 10:00:00,617722,warning,"[0, 306, 307, 308]",309.0,,,Global
2008-03-10 11:00:00,25898,drift,"[0, 51, 59, 60]",,,,Northeast
2008-03-10 11:00:00,25898,promotion,"[0, 51, 59, 61]",,61.0,60.0,Northeast
2008-03-10 12:00:00,289498,drift,"[0, 60, 61, 71]",,,,South
2008-03-10 12:00:00,289498,promotion,"[0, 60, 71, 72]",,72.0,61.0,South
2008-03-10 12:00:00,289594,warning,"[0, 60, 71, 72]",73.0,,,South
2008-03-10 13:00:00,619498,drift,"[0, 306, 307, 308]",,,,Global
2008-03-10 13:00:00,619498,promotion,"[0, 306, 308, 309]",,309.0,307.0,Global
2008-03-10 13:00:00,619562,warning,"[0, 306, 308, 309]",310.0,,,Global
2008-03-10 14:00:00,25962,warning,"[0, 51, 59, 61]",62.0,,,Northeast
2008-03-10 14:00:00,83098,drift,"[0, 127, 128, 135]",,,,Midwest
2008-03-10 14:00:00,83098,promotion,"[0, 127, 135, 136]",,136.0,128.0,Midwest
2008-03-10 15:00:00,83194,warning,"[0, 127, 135, 136]",137.0,,,Midwest
2008-03-10 16:00:00,621498,drift,"[0, 306, 308, 309]",,,,Global
2008-03-10 16:00:00,621498,promotion,"[0, 306, 309, 310]",,310.0,308.0,Global
2008-03-10 16:00:00,621626,warning,"[0, 306, 309, 310]",311.0,,,Global
2008-03-10 20:00:00,623498,drift,"[0, 306, 309, 310]",,,,Global
2008-03-10 20:00:00,623498,promotion,"[0, 309, 310, 311]",,311.0,306.0,Global
2008-03-10 20:00:00,623658,warning,"[0, 309, 310, 311]",312.0,,,Global
2008-03-10 21:00:00,83698,drift,"[0, 127, 135, 136]",,,,Midwest
2008-03-10 21:00:00,83698,promotion,"[0, 135, 136, 137]",,137.0,127.0,Midwest
2008-03-11 06:00:00,83826,warning,"[0, 135, 136, 137]",138.0,,,Midwest
2008-03-11 07:00:00,625498,drift,"[0, 309, 310, 311]",,,,Global
2008-03-11 07:00:00,625498,promotion,"[0, 310, 311, 312]",,312.0,309.0,Global
2008-03-11 07:00:00,625626,warning,"[0, 310, 311, 312]",313.0,,,Global
2008-03-11 07:00:00,297498,drift,"[0, 67, 68, 73]",,,,West
2008-03-11 07:00:00,297498,promotion,"[0, 67, 68, 74]",,74.0,73.0,West
2008-03-11 08:00:00,297594,warning,"[0, 67, 68, 74]",75.0,,,West
2008-03-11 10:00:00,26298,drift,"[0, 51, 59, 61]",,,,Northeast
2008-03-11 10:00:00,26298,promotion,"[0, 51, 61, 62]",,62.0,59.0,Northeast
2008-03-11 10:00:00,627498,drift,"[0, 310, 311, 312]",,,,Global
2008-03-11 10:00:00,627498,promotion,"[0, 311, 312, 313]",,313.0,310.0,Global
2008-03-11 11:00:00,627690,warning,"[0, 311, 312, 313]",314.0,,,Global
2008-03-11 11:00:00,293498,drift,"[0, 60, 71, 72]",,,,South
2008-03-11 11:00:00,293498,promotion,"[0, 60, 72, 73]",,73.0,71.0,South
2008-03-11 11:00:00,293594,warning,"[0, 60, 72, 73]",74.0,,,South
2008-03-11 12:00:00,84298,drift,"[0, 135, 136, 137]",,,,Midwest
2008-03-11 12:00:00,84298,promotion,"[0, 135, 137, 138]",,138.0,136.0,Midwest
2008-03-11 14:00:00,629498,drift,"[0, 311, 312, 313]",,,,Global
2008-03-11 14:00:00,629498,promotion,"[0, 312, 313, 314]",,314.0,311.0,Global
2008-03-11 14:00:00,629658,warning,"[0, 312, 313, 314]",315.0,,,Global
2008-03-11 14:00:00,26394,warning,"[0, 51, 61, 62]",63.0,,,Northeast
2008-03-11 14:00:00,84490,warning,"[0, 135, 137, 138]",139.0,,,Midwest
2008-03-11 17:00:00,631498,drift,"[0, 312, 313, 314]",,,,Global
2008-03-11 17:00:00,631498,promotion,"[0, 312, 313, 315]",,315.0,314.0,Global
2008-03-11 17:00:00,631626,warning,"[0, 312, 313, 315]",316.0,,,Global
2008-03-11 19:00:00,84898,drift,"[0, 135, 137, 138]",,,,Midwest
2008-03-11 19:00:00,84898,promotion,"[0, 137, 138, 139]",,139.0,135.0,Midwest
2008-03-11 21:00:00,85026,warning,"[0, 137, 138, 139]",140.0,,,Midwest
2008-03-11 21:00:00,633498,drift,"[0, 312, 313, 315]",,,,Global
2008-03-11 21:00:00,633498,promotion,"[0, 312, 313, 316]",,316.0,315.0,Global
2008-03-11 22:00:00,633658,warning,"[0, 312, 313, 316]",317.0,,,Global
2008-03-12 06:00:00,301498,drift,"[0, 67, 68, 74]",,,,West
2008-03-12 06:00:00,301498,promotion,"[0, 67, 68, 75]",,75.0,74.0,West
2008-03-12 07:00:00,301594,warning,"[0, 67, 68, 75]",76.0,,,West
2008-03-12 08:00:00,635498,drift,"[0, 312, 313, 316]",,,,Global
2008-03-12 08:00:00,635498,promotion,"[0, 313, 316, 317]",,317.0,312.0,Global
2008-03-12 08:00:00,635626,warning,"[0, 313, 316, 317]",318.0,,,Global
2008-03-12 09:00:00,26698,drift,"[0, 51, 61, 62]",,,,Northeast
2008-03-12 09:00:00,26698,promotion,"[0, 61, 62, 63]",,63.0,51.0,Northeast
2008-03-12 09:00:00,297498,drift,"[0, 60, 72, 73]",,,,South
2008-03-12 09:00:00,297498,promotion,"[0, 72, 73, 74]",,74.0,60.0,South
2008-03-12 09:00:00,297594,warning,"[0, 72, 73, 74]",75.0,,,South
2008-03-12 10:00:00,85498,drift,"[0, 137, 138, 139]",,,,Midwest
2008-03-12 10:00:00,85498,promotion,"[0, 137, 139, 140]",,140.0,138.0,Midwest
2008-03-12 11:00:00,637498,drift,"[0, 313, 316, 317]",,,,Global
2008-03-12 11:00:00,637498,promotion,"[0, 316, 317, 318]",,318.0,313.0,Global
2008-03-12 11:00:00,637690,warning,"[0, 316, 317, 318]",319.0,,,Global
2008-03-12 11:00:00,85594,warning,"[0, 137, 139, 140]",141.0,,,Midwest
2008-03-12 14:00:00,639498,drift,"[0, 316, 317, 318]",,,,Global
2008-03-12 14:00:00,639498,promotion,"[0, 316, 317, 319]",,319.0,318.0,Global
2008-03-12 14:00:00,26826,warning,"[0, 61, 62, 63]",64.0,,,Northeast
2008-03-12 14:00:00,639594,warning,"[0, 316, 317, 319]",320.0,,,Global
2008-03-12 17:00:00,86098,drift,"[0, 137, 139, 140]",,,,Midwest
2008-03-12 17:00:00,86098,promotion,"[0, 139, 140, 141]",,141.0,137.0,Midwest
2008-03-12 18:00:00,641498,drift,"[0, 316, 317, 319]",,,,Global
2008-03-12 18:00:00,641498,promotion,"[0, 316, 317, 320]",,320.0,319.0,Global
2008-03-12 18:00:00,641626,warning,"[0, 316, 317, 320]",321.0,,,Global
2008-03-12 18:00:00,86194,warning,"[0, 139, 140, 141]",142.0,,,Midwest
2008-03-12 23:00:00,643498,drift,"[0, 316, 317, 320]",,,,Global
2008-03-12 23:00:00,643498,promotion,"[0, 316, 320, 321]",,321.0,317.0,Global
2008-03-13 05:00:00,643594,warning,"[0, 316, 320, 321]",322.0,,,Global
2008-03-13 06:00:00,305498,drift,"[0, 67, 68, 75]",,,,West
2008-03-13 06:00:00,305498,promotion,"[0, 67, 68, 76]",,76.0,75.0,West
2008-03-13 06:00:00,305562,warning,"[0, 67, 68, 76]",77.0,,,West
2008-03-13 07:00:00,301498,drift,"[0, 72, 73, 74]",,,,South
2008-03-13 07:00:00,301498,promotion,"[0, 73, 74, 75]",,75.0,72.0,South
2008-03-13 08:00:00,86698,drift,"[0, 139, 140, 141]",,,,Midwest
2008-03-13 08:00:00,86698,promotion,"[0, 139, 140, 142]",,142.0,141.0,Midwest
2008-03-13 08:00:00,645498,drift,"[0, 316, 320, 321]",,,,Global
2008-03-13 08:00:00,645498,promotion,"[0, 320, 321, 322]",,322.0,316.0,Global
2008-03-13 08:00:00,301722,warning,"[0, 73, 74, 75]",76.0,,,South
2008-03-13 08:00:00,27098,drift,"[0, 61, 62, 63]",,,,Northeast
2008-03-13 08:00:00,27098,promotion,"[0, 62, 63, 64]",,64.0,61.0,Northeast
2008-03-13 08:00:00,645690,warning,"[0, 320, 321, 322]",323.0,,,Global
2008-03-13 10:00:00,86890,warning,"[0, 139, 140, 142]",143.0,,,Midwest
2008-03-13 11:00:00,647498,drift,"[0, 320, 321, 322]",,,,Global
2008-03-13 11:00:00,647498,promotion,"[0, 321, 322, 323]",,323.0,320.0,Global
2008-03-13 12:00:00,647722,warning,"[0, 321, 322, 323]",324.0,,,Global
2008-03-13 14:00:00,27226,warning,"[0, 62, 63, 64]",65.0,,,Northeast
2008-03-13 15:00:00,649498,drift,"[0, 321, 322, 323]",,,,Global
2008-03-13 15:00:00,649498,promotion,"[0, 322, 323, 324]",,324.0,321.0,Global
2008-03-13 15:00:00,649594,warning,"[0, 322, 323, 324]",325.0,,,Global
2008-03-13 15:00:00,87298,drift,"[0, 139, 140, 142]",,,,Midwest
2008-03-13 15:00:00,87298,promotion,"[0, 139, 142, 143]",,143.0,140.0,Midwest
2008-03-13 17:00:00,87490,warning,"[0, 139, 142, 143]",144.0,,,Midwest
2008-03-13 18:00:00,651498,drift,"[0, 322, 323, 324]",,,,Global
2008-03-13 18:00:00,651498,promotion,"[0, 322, 323, 325]",,325.0,324.0,Global
2008-03-13 18:00:00,651658,warning,"[0, 322, 323, 325]",326.0,,,Global
2008-03-13 21:00:00,309498,drift,"[0, 67, 68, 76]",,,,West
2008-03-13 21:00:00,309498,promotion,"[0, 67, 68, 77]",,77.0,76.0,West
2008-03-13 21:00:00,309562,warning,"[0, 67, 68, 77]",78.0,,,West
2008-03-14 06:00:00,305498,drift,"[0, 73, 74, 75]",,,,South
2008-03-14 06:00:00,305498,promotion,"[0, 74, 75, 76]",,76.0,73.0,South
2008-03-14 06:00:00,653498,drift,"[0, 322, 323, 325]",,,,Global
2008-03-14 06:00:00,653498,promotion,"[0, 322, 323, 326]",,326.0,325.0,Global
2008-03-14 06:00:00,87898,drift,"[0, 139, 142, 143]",,,,Midwest
2008-03-14 06:00:00,87898,promotion,"[0, 142, 143, 144]",,144.0,139.0,Midwest
2008-03-14 06:00:00,305626,warning,"[0, 74, 75, 76]",77.0,,,South
2008-03-14 06:00:00,653786,warning,"[0, 322, 323, 326]",327.0,,,Global
2008-03-14 07:00:00,87994,warning,"[0, 142, 143, 144]",145.0,,,Midwest
2008-03-14 07:00:00,27498,drift,"[0, 62, 63, 64]",,,,Northeast
2008-03-14 07:00:00,27498,promotion,"[0, 62, 63, 65]",,65.0,64.0,Northeast
2008-03-14 08:00:00,655498,drift,"[0, 322, 323, 326]",,,,Global
2008-03-14 08:00:00,655498,promotion,"[0, 322, 323, 327]",,327.0,326.0,Global
2008-03-14 09:00:00,655722,warning,"[0, 322, 323, 327]",328.0,,,Global
2008-03-14 10:00:00,27562,warning,"[0, 62, 63, 65]",66.0,,,Northeast
2008-03-14 12:00:00,657498,drift,"[0, 322, 323, 327]",,,,Global
2008-03-14 12:00:00,657498,promotion,"[0, 322, 323, 328]",,328.0,327.0,Global
2008-03-14 12:00:00,657594,warning,"[0, 322, 323, 328]",329.0,,,Global
2008-03-14 13:00:00,88498,drift,"[0, 142, 143, 144]",,,,Midwest
2008-03-14 13:00:00,88498,promotion,"[0, 142, 143, 145]",,145.0,144.0,Midwest
2008-03-14 15:00:00,659498,drift,"[0, 322, 323, 328]",,,,Global
2008-03-14 15:00:00,659498,promotion,"[0, 322, 323, 329]",,329.0,328.0,Global
2008-03-14 15:00:00,88658,warning,"[0, 142, 143, 145]",146.0,,,Midwest
2008-03-14 15:00:00,659754,warning,"[0, 322, 323, 329]",330.0,,,Global
2008-03-14 18:00:00,661498,drift,"[0, 322, 323, 329]",,,,Global
2008-03-14 18:00:00,661498,promotion,"[0, 322, 323, 330]",,330.0,329.0,Global
2008-03-14 18:00:00,661658,warning,"[0, 322, 323, 330]",331.0,,,Global
2008-03-14 19:00:00,313498,drift,"[0, 67, 68, 77]",,,,West
2008-03-14 19:00:00,313498,promotion,"[0, 67, 68, 78]",,78.0,77.0,West
2008-03-14 19:00:00,309498,drift,"[0, 74, 75, 76]",,,,South
2008-03-14 19:00:00,309498,promotion,"[0, 74, 75, 77]",,77.0,76.0,South
2008-03-14 20:00:00,89098,drift,"[0, 142, 143, 145]",,,,Midwest
2008-03-14 20:00:00,89098,promotion,"[0, 142, 143, 146]",,146.0,145.0,Midwest
2008-03-14 20:00:00,309626,warning,"[0, 74, 75, 77]",78.0,,,South
2008-03-14 20:00:00,313658,warning,"[0, 67, 68, 78]",79.0,,,West
2008-03-15 06:00:00,663498,drift,"[0, 322, 323, 330]",,,,Global
2008-03-15 06:00:00,663498,promotion,"[0, 322, 323, 331]",,331.0,330.0,Global
2008-03-15 06:00:00,89258,warning,"[0, 142, 143, 146]",147.0,,,Midwest
2008-03-15 06:00:00,663594,warning,"[0, 322, 323, 331]",332.0,,,Global
2008-03-15 07:00:00,27898,drift,"[0, 62, 63, 65]",,,,Northeast
2008-03-15 07:00:00,27898,promotion,"[0, 63, 65, 66]",,66.0,62.0,Northeast
2008-03-15 09:00:00,665498,drift,"[0, 322, 323, 331]",,,,Global
2008-03-15 09:00:00,665498,promotion,"[0, 322, 323, 332]",,332.0,331.0,Global
2008-03-15 09:00:00,665690,warning,"[0, 322, 323, 332]",333.0,,,Global
2008-03-15 12:00:00,27994,warning,"[0, 63, 65, 66]",67.0,,,Northeast
2008-03-15 13:00:00,89698,drift,"[0, 142, 143, 146]",,,,Midwest
2008-03-15 13:00:00,89698,promotion,"[0, 142, 143, 147]",,147.0,146.0,Midwest
2008-03-15 13:00:00,667498,drift,"[0, 322, 323, 332]",,,,Global
2008-03-15 13:00:00,667498,promotion,"[0, 322, 323, 333]",,333.0,332.0,Global
2008-03-15 13:00:00,667594,warning,"[0, 322, 323, 333]",334.0,,,Global
2008-03-15 14:00:00,89794,warning,"[0, 142, 143, 147]",148.0,,,Midwest
2008-03-15 17:00:00,669498,drift,"[0, 322, 323, 333]",,,,Global
2008-03-15 17:00:00,669498,promotion,"[0, 322, 323, 334]",,334.0,333.0,Global
2008-03-15 17:00:00,669658,warning,"[0, 322, 323, 334]",335.0,,,Global
2008-03-15 19:00:00,317498,drift,"[0, 67, 68, 78]",,,,West
2008-03-15 19:00:00,317498,promotion,"[0, 67, 68, 79]",,79.0,78.0,West
2008-03-15 20:00:00,313498,drift,"[0, 74, 75, 77]",,,,South
2008-03-15 20:00:00,313498,promotion,"[0, 74, 75, 78]",,78.0,77.0,South
2008-03-15 21:00:00,313594,warning,"[0, 74, 75, 78]",79.0,,,South
2008-03-15 21:00:00,317818,warning,"[0, 67, 68, 79]",80.0,,,West
2008-03-16 01:00:00,671498,drift,"[0, 322, 323, 334]",,,,Global
2008-03-16 01:00:00,671498,promotion,"[0, 322, 323, 335]",,335.0,334.0,Global
2008-03-16 06:00:00,671594,warning,"[0, 322, 323, 335]",336.0,,,Global
2008-03-16 07:00:00,90298,drift,"[0, 142, 143, 147]",,,,Midwest
2008-03-16 07:00:00,90298,promotion,"[0, 142, 143, 148]",,148.0,147.0,Midwest
2008-03-16 08:00:00,90394,warning,"[0, 142, 143, 148]",149.0,,,Midwest
2008-03-16 09:00:00,673498,drift,"[0, 322, 323, 335]",,,,Global
2008-03-16 09:00:00,673498,promotion,"[0, 322, 323, 336]",,336.0,335.0,Global
2008-03-16 09:00:00,673626,warning,"[0, 322, 323, 336]",337.0,,,Global
2008-03-16 12:00:00,675498,drift,"[0, 322, 323, 336]",,,,Global
2008-03-16 12:00:00,675498,promotion,"[0, 322, 336, 337]",,337.0,323.0,Global
2008-03-16 12:00:00,675594,warning,"[0, 322, 336, 337]",338.0,,,Global
2008-03-16 12:00:00,28298,drift,"[0, 63, 65, 66]",,,,Northeast
2008-03-16 12:00:00,28298,promotion,"[0, 63, 65, 67]",,67.0,66.0,Northeast
2008-03-16 15:00:00,90898,drift,"[0, 142, 143, 148]",,,,Midwest
2008-03-16 15:00:00,90898,promotion,"[0, 142, 148, 149]",,149.0,143.0,Midwest
2008-03-16 16:00:00,677498,drift,"[0, 322, 336, 337]",,,,Global
2008-03-16 16:00:00,677498,promotion,"[0, 336, 337, 338]",,338.0,322.0,Global
2008-03-16 16:00:00,677722,warning,"[0, 336, 337, 338]",339.0,,,Global
2008-03-16 16:00:00,91026,warning,"[0, 142, 148, 149]",150.0,,,Midwest
2008-03-16 17:00:00,28394,warning,"[0, 63, 65, 67]",68.0,,,Northeast
2008-03-16 19:00:00,679498,drift,"[0, 336, 337, 338]",,,,Global
2008-03-16 19:00:00,679498,promotion,"[0, 336, 337, 339]",,339.0,338.0,Global
2008-03-16 19:00:00,679594,warning,"[0, 336, 337, 339]",340.0,,,Global
2008-03-16 19:00:00,317498,drift,"[0, 74, 75, 78]",,,,South
2008-03-16 19:00:00,317498,promotion,"[0, 74, 75, 79]",,79.0,78.0,South
2008-03-16 19:00:00,321498,drift,"[0, 67, 68, 79]",,,,West
2008-03-16 19:00:00,321498,promotion,"[0, 67, 68, 80]",,80.0,79.0,West
2008-03-16 19:00:00,317594,warning,"[0, 74, 75, 79]",80.0,,,South
2008-03-16 20:00:00,321594,warning,"[0, 67, 68, 80]",81.0,,,West
2008-03-17 06:00:00,91498,drift,"[0, 142, 148, 149]",,,,Midwest
2008-03-17 06:00:00,91498,promotion,"[0, 148, 149, 150]",,150.0,142.0,Midwest
2008-03-17 06:00:00,681498,drift,"[0, 336, 337, 339]",,,,Global
2008-03-17 06:00:00,681498,promotion,"[0, 336, 337, 340]",,340.0,339.0,Global
2008-03-17 06:00:00,681562,warning,"[0, 336, 337, 340]",341.0,,,Global
2008-03-17 07:00:00,91626,warning,"[0, 148, 149, 150]",151.0,,,Midwest
2008-03-17 09:00:00,683498,drift,"[0, 336, 337, 340]",,,,Global
2008-03-17 09:00:00,683498,promotion,"[0, 337, 340, 341]",,341.0,336.0,Global
2008-03-17 09:00:00,683626,warning,"[0, 337, 340, 341]",342.0,,,Global
2008-03-17 13:00:00,685498,drift,"[0, 337, 340, 341]",,,,Global
2008-03-17 13:00:00,685498,promotion,"[0, 340, 341, 342]",,342.0,337.0,Global
2008-03-17 13:00:00,92098,drift,"[0, 148, 149, 150]",,,,Midwest
2008-03-17 13:00:00,92098,promotion,"[0, 148, 149, 151]",,151.0,150.0,Midwest
2008-03-17 13:00:00,685722,warning,"[0, 340, 341, 342]",343.0,,,Global
2008-03-17 13:00:00,28698,drift,"[0, 63, 65, 67]",,,,Northeast
2008-03-17 13:00:00,28698,promotion,"[0, 63, 65, 68]",,68.0,67.0,Northeast
2008-03-17 15:00:00,92258,warning,"[0, 148, 149, 151]",152.0,,,Midwest
2008-03-17 16:00:00,687498,drift,"[0, 340, 341, 342]",,,,Global
2008-03-17 16:00:00,687498,promotion,"[0, 341, 342, 343]",,343.0,340.0,Global
2008-03-17 16:00:00,687562,warning,"[0, 341, 342, 343]",344.0,,,Global
2008-03-17 17:00:00,321498,drift,"[0, 74, 75, 79]",,,,South
2008-03-17 17:00:00,321498,promotion,"[0, 74, 79, 80]",,80.0,75.0,South
2008-03-17 17:00:00,28826,warning,"[0, 63, 65, 68]",69.0,,,Northeast
2008-03-17 18:00:00,321658,warning,"[0, 74, 79, 80]",81.0,,,South
2008-03-17 18:00:00,325498,drift,"[0, 67, 68, 80]",,,,West
2008-03-17 18:00:00,325498,promotion,"[0, 67, 68, 81]",,81.0,80.0,West
2008-03-17 18:00:00,325594,warning,"[0, 67, 68, 81]",82.0,,,West
2008-03-17 19:00:00,689498,drift,"[0, 341, 342, 343]",,,,Global
2008-03-17 19:00:00,689498,promotion,"[0, 341, 342, 344]",,344.0,343.0,Global
2008-03-17 20:00:00,92698,drift,"[0, 148, 149, 151]",,,,Midwest
2008-03-17 20:00:00,92698,promotion,"[0, 148, 149, 152]",,152.0,151.0,Midwest
2008-03-17 20:00:00,689690,warning,"[0, 341, 342, 344]",345.0,,,Global
2008-03-17 21:00:00,92762,warning,"[0, 148, 149, 152]",153.0,,,Midwest
2008-03-18 07:00:00,691498,drift,"[0, 341, 342, 344]",,,,Global
2008-03-18 07:00:00,691498,promotion,"[0, 341, 342, 345]",,345.0,344.0,Global
2008-03-18 07:00:00,691722,warning,"[0, 341, 342, 345]",346.0,,,Global
2008-03-18 10:00:00,693498,drift,"[0, 341, 342, 345]",,,,Global
2008-03-18 10:00:00,693498,promotion,"[0, 341, 342, 346]",,346.0,345.0,Global
2008-03-18 10:00:00,693562,warning,"[0, 341, 342, 346]",347.0,,,Global
2008-03-18 11:00:00,93298,drift,"[0, 148, 149, 152]",,,,Midwest
2008-03-18 11:00:00,93298,promotion,"[0, 148, 149, 153]",,153.0,152.0,Midwest
2008-03-18 12:00:00,29098,drift,"[0, 63, 65, 68]",,,,Northeast
2008-03-18 12:00:00,29098,promotion,"[0, 63, 65, 69]",,69.0,68.0,Northeast
2008-03-18 13:00:00,93394,warning,"[0, 148, 149, 153]",154.0,,,Midwest
2008-03-18 14:00:00,695498,drift,"[0, 341, 342, 346]",,,,Global
2008-03-18 14:00:00,695498,promotion,"[0, 341, 342, 347]",,347.0,346.0,Global
2008-03-18 14:00:00,695594,warning,"[0, 341, 342, 347]",348.0,,,Global
2008-03-18 17:00:00,329498,drift,"[0, 67, 68, 81]",,,,West
2008-03-18 17:00:00,329498,promotion,"[0, 67, 81, 82]",,82.0,68.0,West
2008-03-18 17:00:00,329658,warning,"[0, 67, 81, 82]",83.0,,,West
2008-03-18 18:00:00,697498,drift,"[0, 341, 342, 347]",,,,Global
2008-03-18 18:00:00,697498,promotion,"[0, 341, 342, 348]",,348.0,347.0,Global
2008-03-18 18:00:00,697626,warning,"[0, 341, 342, 348]",349.0,,,Global
2008-03-18 19:00:00,325498,drift,"[0, 74, 79, 80]",,,,South
2008-03-18 19:00:00,325498,promotion,"[0, 74, 79, 81]",,81.0,80.0,South
2008-03-18 19:00:00,93898,drift,"[0, 148, 149, 153]",,,,Midwest
2008-03-18 19:00:00,93898,promotion,"[0, 148, 149, 154]",,154.0,153.0,Midwest
2008-03-18 19:00:00,325658,warning,"[0, 74, 79, 81]",82.0,,,South
2008-03-18 20:00:00,29290,warning,"[0, 63, 65, 69]",70.0,,,Northeast
2008-03-18 20:00:00,93962,warning,"[0, 148, 149, 154]",155.0,,,Midwest
2008-03-19 06:00:00,699498,drift,"[0, 341, 342, 348]",,,,Global
2008-03-19 06:00:00,699498,promotion,"[0, 341, 342, 349]",,349.0,348.0,Global
2008-03-19 06:00:00,699594,warning,"[0, 341, 342, 349]",350.0,,,Global
2008-03-19 09:00:00,701498,drift,"[0, 341, 342, 349]",,,,Global
2008-03-19 09:00:00,701498,promotion,"[0, 341, 342, 350]",,350.0,349.0,Global
2008-03-19 09:00:00,701594,warning,"[0, 341, 342, 350]",351.0,,,Global
2008-03-19 10:00:00,94498,drift,"[0, 148, 149, 154]",,,,Midwest
2008-03-19 10:00:00,94498,promotion,"[0, 148, 149, 155]",,155.0,154.0,Midwest
2008-03-19 12:00:00,29498,drift,"[0, 63, 65, 69]",,,,Northeast
2008-03-19 12:00:00,29498,promotion,"[0, 65, 69, 70]",,70.0,63.0,Northeast
2008-03-19 12:00:00,94594,warning,"[0, 148, 149, 155]",156.0,,,Midwest
2008-03-19 12:00:00,703498,drift,"[0, 341, 342, 350]",,,,Global
2008-03-19 12:00:00,703498,promotion,"[0, 341, 342, 351]",,351.0,350.0,Global
2008-03-19 12:00:00,703594,warning,"[0, 341, 342, 351]",352.0,,,Global
2008-03-19 15:00:00,29562,warning,"[0, 65, 69, 70]",71.0,,,Northeast
2008-03-19 15:00:00,705498,drift,"[0, 341, 342, 351]",,,,Global
2008-03-19 15:00:00,705498,promotion,"[0, 341, 342, 352]",,352.0,351.0,Global
2008-03-19 16:00:00,705594,warning,"[0, 341, 342, 352]",353.0,,,Global
2008-03-19 16:00:00,333498,drift,"[0, 67, 81, 82]",,,,West
2008-03-19 16:00:00,333498,promotion,"[0, 81, 82, 83]",,83.0,67.0,West
2008-03-19 16:00:00,333658,warning,"[0, 81, 82, 83]",84.0,,,West
2008-03-19 17:00:00,329498,drift,"[0, 74, 79, 81]",,,,South
2008-03-19 17:00:00,329498,promotion,"[0, 74, 79, 82]",,82.0,81.0,South
2008-03-19 18:00:00,95098,drift,"[0, 148, 149, 155]",,,,Midwest
2008-03-19 18:00:00,95098,promotion,"[0, 148, 149, 156]",,156.0,155.0,Midwest
2008-03-19 18:00:00,329594,warning,"[0, 74, 79, 82]",83.0,,,South
2008-03-19 19:00:00,95194,warning,"[0, 148, 149, 156]",157.0,,,Midwest
2008-03-19 19:00:00,707498,drift,"[0, 341, 342, 352]",,,,Global
2008-03-19 19:00:00,707498,promotion,"[0, 341, 342, 353]",,353.0,352.0,Global
2008-03-19 19:00:00,707562,warning,"[0, 341, 342, 353]",354.0,,,Global
2008-03-20 06:00:00,709498,drift,"[0, 341, 342, 353]",,,,Global
2008-03-20 06:00:00,709498,promotion,"[0, 341, 342, 354]",,354.0,353.0,Global
2008-03-20 07:00:00,709626,warning,"[0, 341, 342, 354]",355.0,,,Global
2008-03-20 08:00:00,95698,drift,"[0, 148, 149, 156]",,,,Midwest
2008-03-20 08:00:00,95698,promotion,"[0, 148, 156, 157]",,157.0,149.0,Midwest
2008-03-20 09:00:00,711498,drift,"[0, 341, 342, 354]",,,,Global
2008-03-20 09:00:00,711498,promotion,"[0, 341, 354, 355]",,355.0,342.0,Global
2008-03-20 09:00:00,711594,warning,"[0, 341, 354, 355]",356.0,,,Global
2008-03-20 10:00:00,95794,warning,"[0, 148, 156, 157]",158.0,,,Midwest
2008-03-20 13:00:00,713498,drift,"[0, 341, 354, 355]",,,,Global
2008-03-20 13:00:00,713498,promotion,"[0, 354, 355, 356]",,356.0,341.0,Global
2008-03-20 13:00:00,713594,warning,"[0, 354, 355, 356]",357.0,,,Global
2008-03-20 14:00:00,29898,drift,"[0, 65, 69, 70]",,,,Northeast
2008-03-20 14:00:00,29898,promotion,"[0, 65, 69, 71]",,71.0,70.0,Northeast
2008-03-20 14:00:00,337498,drift,"[0, 81, 82, 83]",,,,West
2008-03-20 14:00:00,337498,promotion,"[0, 81, 83, 84]",,84.0,82.0,West
2008-03-20 15:00:00,337594,warning,"[0, 81, 83, 84]",85.0,,,West
2008-03-20 16:00:00,96298,drift,"[0, 148, 156, 157]",,,,Midwest
2008-03-20 16:00:00,96298,promotion,"[0, 156, 157, 158]",,158.0,148.0,Midwest
2008-03-20 16:00:00,333498,drift,"[0, 74, 79, 82]",,,,South
2008-03-20 16:00:00,333498,promotion,"[0, 74, 82, 83]",,83.0,79.0,South
2008-03-20 16:00:00,715498,drift,"[0, 354, 355, 356]",,,,Global
2008-03-20 16:00:00,715498,promotion,"[0, 355, 356, 357]",,357.0,354.0,Global
2008-03-20 16:00:00,715626,warning,"[0, 355, 356, 357]",358.0,,,Global
2008-03-20 17:00:00,333754,warning,"[0, 74, 82, 83]",84.0,,,South
2008-03-20 17:00:00,29994,warning,"[0, 65, 69, 71]",72.0,,,Northeast
2008-03-20 17:00:00,96458,warning,"[0, 156, 157, 158]",159.0,,,Midwest
2008-03-20 19:00:00,717498,drift,"[0, 355, 356, 357]",,,,Global
2008-03-20 19:00:00,717498,promotion,"[0, 355, 356, 358]",,358.0,357.0,Global
2008-03-20 20:00:00,717658,warning,"[0, 355, 356, 358]",359.0,,,Global
2008-03-21 07:00:00,96898,drift,"[0, 156, 157, 158]",,,,Midwest
2008-03-21 07:00:00,96898,promotion,"[0, 157, 158, 159]",,159.0,156.0,Midwest
2008-03-21 07:00:00,719498,drift,"[0, 355, 356, 358]",,,,Global
2008-03-21 07:00:00,719498,promotion,"[0, 355, 356, 359]",,359.0,358.0,Global
2008-03-21 07:00:00,719594,warning,"[0, 355, 356, 359]",360.0,,,Global
2008-03-21 07:00:00,96962,warning,"[0, 157, 158, 159]",160.0,,,Midwest
2008-03-21 10:00:00,721498,drift,"[0, 355, 356, 359]",,,,Global
2008-03-21 10:00:00,721498,promotion,"[0, 355, 359, 360]",,360.0,356.0,Global
2008-03-21 10:00:00,721562,warning,"[0, 355, 359, 360]",361.0,,,Global
2008-03-21 13:00:00,341498,drift,"[0, 81, 83, 84]",,,,West
2008-03-21 13:00:00,341498,promotion,"[0, 81, 84, 85]",,85.0,83.0,West
2008-03-21 14:00:00,723498,drift,"[0, 355, 359, 360]",,,,Global
2008-03-21 14:00:00,723498,promotion,"[0, 355, 359, 361]",,361.0,360.0,Global
2008-03-21 14:00:00,30298,drift,"[0, 65, 69, 71]",,,,Northeast
2008-03-21 14:00:00,30298,promotion,"[0, 65, 69, 72]",,72.0,71.0,Northeast
2008-03-21 14:00:00,723626,warning,"[0, 355, 359, 361]",362.0,,,Global
2008-03-21 14:00:00,337498,drift,"[0, 74, 82, 83]",,,,South
2008-03-21 14:00:00,337498,promotion,"[0, 74, 83, 84]",,84.0,82.0,South
2008-03-21 14:00:00,337626,warning,"[0, 74, 83, 84]",85.0,,,South
2008-03-21 14:00:00,341882,warning,"[0, 81, 84, 85]",86.0,,,West
2008-03-21 17:00:00,725498,drift,"[0, 355, 359, 361]",,,,Global
2008-03-21 17:00:00,725498,promotion,"[0, 355, 359, 362]",,362.0,361.0,Global
2008-03-21 18:00:00,725690,warning,"[0, 355, 359, 362]",363.0,,,Global
2008-03-21 18:00:00,97498,drift,"[0, 157, 158, 159]",,,,Midwest
2008-03-21 18:00:00,97498,promotion,"[0, 157, 158, 160]",,160.0,159.0,Midwest
2008-03-21 19:00:00,30426,warning,"[0, 65, 69, 72]",73.0,,,Northeast
2008-03-21 19:00:00,97562,warning,"[0, 157, 158, 160]",161.0,,,Midwest
2008-03-21 22:00:00,727498,drift,"[0, 355, 359, 362]",,,,Global
2008-03-21 22:00:00,727498,promotion,"[0, 355, 359, 363]",,363.0,362.0,Global
2008-03-22 00:00:00,727626,warning,"[0, 355, 359, 363]",364.0,,,Global
2008-03-22 08:00:00,729498,drift,"[0, 355, 359, 363]",,,,Global
2008-03-22 08:00:00,729498,promotion,"[0, 355, 359, 364]",,364.0,363.0,Global
2008-03-22 08:00:00,729562,warning,"[0, 355, 359, 364]",365.0,,,Global
2008-03-22 12:00:00,98098,drift,"[0, 157, 158, 160]",,,,Midwest
2008-03-22 12:00:00,98098,promotion,"[0, 157, 158, 161]",,161.0,160.0,Midwest
2008-03-22 12:00:00,731498,drift,"[0, 355, 359, 364]",,,,Global
2008-03-22 12:00:00,731498,promotion,"[0, 355, 364, 365]",,365.0,359.0,Global
2008-03-22 12:00:00,731594,warning,"[0, 355, 364, 365]",366.0,,,Global
2008-03-22 12:00:00,345498,drift,"[0, 81, 84, 85]",,,,West
2008-03-22 12:00:00,345498,promotion,"[0, 81, 84, 86]",,86.0,85.0,West
2008-03-22 13:00:00,345626,warning,"[0, 81, 84, 86]",87.0,,,West
2008-03-22 13:00:00,341498,drift,"[0, 74, 83, 84]",,,,South
2008-03-22 13:00:00,341498,promotion,"[0, 74, 83, 85]",,85.0,84.0,South
2008-03-22 13:00:00,98162,warning,"[0, 157, 158, 161]",162.0,,,Midwest
2008-03-22 13:00:00,341594,warning,"[0, 74, 83, 85]",86.0,,,South
2008-03-22 16:00:00,733498,drift,"[0, 355, 364, 365]",,,,Global
2008-03-22 16:00:00,733498,promotion,"[0, 364, 365, 366]",,366.0,355.0,Global
2008-03-22 16:00:00,733594,warning,"[0, 364, 365, 366]",367.0,,,Global
2008-03-22 16:00:00,30698,drift,"[0, 65, 69, 72]",,,,Northeast
2008-03-22 16:00:00,30698,promotion,"[0, 65, 72, 73]",,73.0,69.0,Northeast
2008-03-22 20:00:00,735498,drift,"[0, 364, 365, 366]",,,,Global
2008-03-22 20:00:00,735498,promotion,"[0, 365, 366, 367]",,367.0,364.0,Global
2008-03-22 21:00:00,735626,warning,"[0, 365, 366, 367]",368.0,,,Global
2008-03-23 06:00:00,30794,warning,"[0, 65, 72, 73]",74.0,,,Northeast
2008-03-23 06:00:00,98698,drift,"[0, 157, 158, 161]",,,,Midwest
2008-03-23 06:00:00,98698,promotion,"[0, 157, 161, 162]",,162.0,158.0,Midwest
2008-03-23 07:00:00,98762,warning,"[0, 157, 161, 162]",163.0,,,Midwest
2008-03-23 08:00:00,737498,drift,"[0, 365, 366, 367]",,,,Global
2008-03-23 08:00:00,737498,promotion,"[0, 366, 367, 368]",,368.0,365.0,Global
2008-03-23 08:00:00,737594,warning,"[0, 366, 367, 368]",369.0,,,Global
2008-03-23 11:00:00,739498,drift,"[0, 366, 367, 368]",,,,Global
2008-03-23 11:00:00,739498,promotion,"[0, 366, 367, 369]",,369.0,368.0,Global
2008-03-23 12:00:00,739594,warning,"[0, 366, 367, 369]",370.0,,,Global
2008-03-23 13:00:00,349498,drift,"[0, 81, 84, 86]",,,,West
2008-03-23 13:00:00,349498,promotion,"[0, 81, 86, 87]",,87.0,84.0,West
2008-03-23 14:00:00,349658,warning,"[0, 81, 86, 87]",88.0,,,West
2008-03-23 14:00:00,345498,drift,"[0, 74, 83, 85]",,,,South
2008-03-23 14:00:00,345498,promotion,"[0, 83, 85, 86]",,86.0,74.0,South
2008-03-23 14:00:00,345722,warning,"[0, 83, 85, 86]",87.0,,,South
2008-03-23 15:00:00,99298,drift,"[0, 157, 161, 162]",,,,Midwest
2008-03-23 15:00:00,99298,promotion,"[0, 161, 162, 163]",,163.0,157.0,Midwest
2008-03-23 15:00:00,741498,drift,"[0, 366, 367, 369]",,,,Global
2008-03-23 15:00:00,741498,promotion,"[0, 366, 369, 370]",,370.0,367.0,Global
2008-03-23 16:00:00,741914,warning,"[0, 366, 369, 370]",371.0,,,Global
2008-03-23 16:00:00,99394,warning,"[0, 161, 162, 163]",164.0,,,Midwest
2008-03-23 18:00:00,743498,drift,"[0, 366, 369, 370]",,,,Global
2008-03-23 18:00:00,743498,promotion,"[0, 366, 369, 371]",,371.0,370.0,Global
2008-03-23 18:00:00,743594,warning,"[0, 366, 369, 371]",372.0,,,Global
2008-03-23 20:00:00,31098,drift,"[0, 65, 72, 73]",,,,Northeast
2008-03-23 20:00:00,31098,promotion,"[0, 72, 73, 74]",,74.0,65.0,Northeast
2008-03-24 06:00:00,99898,drift,"[0, 161, 162, 163]",,,,Midwest
2008-03-24 06:00:00,99898,promotion,"[0, 162, 163, 164]",,164.0,161.0,Midwest
2008-03-24 06:00:00,745498,drift,"[0, 366, 369, 371]",,,,Global
2008-03-24 06:00:00,745498,promotion,"[0, 366, 369, 372]",,372.0,371.0,Global
2008-03-24 06:00:00,745594,warning,"[0, 366, 369, 372]",373.0,,,Global
2008-03-24 06:00:00,99994,warning,"[0, 162, 163, 164]",165.0,,,Midwest
2008-03-24 07:00:00,31194,warning,"[0, 72, 73, 74]",75.0,,,Northeast
2008-03-24 08:00:00,747498,drift,"[0, 366, 369, 372]",,,,Global
2008-03-24 08:00:00,747498,promotion,"[0, 369, 372, 373]",,373.0,366.0,Global
2008-03-24 09:00:00,747626,warning,"[0, 369, 372, 373]",374.0,,,Global
2008-03-24 12:00:00,749498,drift,"[0, 369, 372, 373]",,,,Global
2008-03-24 12:00:00,749498,promotion,"[0, 372, 373, 374]",,374.0,369.0,Global
2008-03-24 12:00:00,353498,drift,"[0, 81, 86, 87]",,,,West
2008-03-24 12:00:00,353498,promotion,"[0, 86, 87, 88]",,88.0,81.0,West
2008-03-24 12:00:00,349498,drift,"[0, 83, 85, 86]",,,,South
2008-03-24 12:00:00,349498,promotion,"[0, 85, 86, 87]",,87.0,83.0,South
2008-03-24 12:00:00,353594,warning,"[0, 86, 87, 88]",89.0,,,West
2008-03-24 12:00:00,749818,warning,"[0, 372, 373, 374]",375.0,,,Global
2008-03-24 12:00:00,349626,warning,"[0, 85, 86, 87]",88.0,,,South
2008-03-24 13:00:00,100498,drift,"[0, 162, 163, 164]",,,,Midwest
2008-03-24 13:00:00,100498,promotion,"[0, 162, 164, 165]",,165.0,163.0,Midwest
2008-03-24 13:00:00,100562,warning,"[0, 162, 164, 165]",166.0,,,Midwest
2008-03-24 15:00:00,751498,drift,"[0, 372, 373, 374]",,,,Global
2008-03-24 15:00:00,751498,promotion,"[0, 373, 374, 375]",,375.0,372.0,Global
2008-03-24 15:00:00,751658,warning,"[0, 373, 374, 375]",376.0,,,Global
2008-03-24 18:00:00,753498,drift,"[0, 373, 374, 375]",,,,Global
2008-03-24 18:00:00,753498,promotion,"[0, 373, 374, 376]",,376.0,375.0,Global
2008-03-24 19:00:00,753626,warning,"[0, 373, 374, 376]",377.0,,,Global
2008-03-24 19:00:00,101098,drift,"[0, 162, 164, 165]",,,,Midwest
2008-03-24 19:00:00,101098,promotion,"[0, 162, 164, 166]",,166.0,165.0,Midwest
2008-03-24 19:00:00,31498,drift,"[0, 72, 73, 74]",,,,Northeast
2008-03-24 19:00:00,31498,promotion,"[0, 73, 74, 75]",,75.0,72.0,Northeast
2008-03-24 21:00:00,101226,warning,"[0, 162, 164, 166]",167.0,,,Midwest
2008-03-25 06:00:00,755498,drift,"[0, 373, 374, 376]",,,,Global
2008-03-25 06:00:00,755498,promotion,"[0, 373, 374, 377]",,377.0,376.0,Global
2008-03-25 06:00:00,755594,warning,"[0, 373, 374, 377]",378.0,,,Global
2008-03-25 07:00:00,31594,warning,"[0, 73, 74, 75]",76.0,,,Northeast
2008-03-25 09:00:00,757498,drift,"[0, 373, 374, 377]",,,,Global
2008-03-25 09:00:00,757498,promotion,"[0, 373, 374, 378]",,378.0,377.0,Global
2008-03-25 09:00:00,757786,warning,"[0, 373, 374, 378]",379.0,,,Global
2008-03-25 10:00:00,353498,drift,"[0, 85, 86, 87]",,,,South
2008-03-25 10:00:00,353498,promotion,"[0, 86, 87, 88]",,88.0,85.0,South
2008-03-25 10:00:00,101698,drift,"[0, 162, 164, 166]",,,,Midwest
2008-03-25 10:00:00,101698,promotion,"[0, 162, 164, 167]",,167.0,166.0,Midwest
2008-03-25 10:00:00,353594,warning,"[0, 86, 87, 88]",89.0,,,South
2008-03-25 11:00:00,357498,drift,"[0, 86, 87, 88]",,,,West
2008-03-25 11:00:00,357498,promotion,"[0, 86, 88, 89]",,89.0,87.0,West
2008-03-25 11:00:00,357594,warning,"[0, 86, 88, 89]",90.0,,,West
2008-03-25 11:00:00,101794,warning,"[0, 162, 164, 167]",168.0,,,Midwest
2008-03-25 12:00:00,759498,drift,"[0, 373, 374, 378]",,,,Global
2008-03-25 12:00:00,759498,promotion,"[0, 373, 374, 379]",,379.0,378.0,Global
2008-03-25 13:00:00,759658,warning,"[0, 373, 374, 379]",380.0,,,Global
2008-03-25 16:00:00,761498,drift,"[0, 373, 374, 379]",,,,Global
2008-03-25 16:00:00,761498,promotion,"[0, 373, 374, 380]",,380.0,379.0,Global
2008-03-25 16:00:00,761594,warning,"[0, 373, 374, 380]",381.0,,,Global
2008-03-25 18:00:00,31898,drift,"[0, 73, 74, 75]",,,,Northeast
2008-03-25 18:00:00,31898,promotion,"[0, 73, 74, 76]",,76.0,75.0,Northeast
2008-03-25 18:00:00,102298,drift,"[0, 162, 164, 167]",,,,Midwest
2008-03-25 18:00:00,102298,promotion,"[0, 162, 167, 168]",,168.0,164.0,Midwest
2008-03-25 19:00:00,763498,drift,"[0, 373, 374, 380]",,,,Global
2008-03-25 19:00:00,763498,promotion,"[0, 373, 374, 381]",,381.0,380.0,Global
2008-03-25 19:00:00,763626,warning,"[0, 373, 374, 381]",382.0,,,Global
2008-03-25 19:00:00,102458,warning,"[0, 162, 167, 168]",169.0,,,Midwest
2008-03-26 07:00:00,765498,drift,"[0, 373, 374, 381]",,,,Global
2008-03-26 07:00:00,765498,promotion,"[0, 373, 381, 382]",,382.0,374.0,Global
2008-03-26 07:00:00,765658,warning,"[0, 373, 381, 382]",383.0,,,Global
2008-03-26 08:00:00,357498,drift,"[0, 86, 87, 88]",,,,South
2008-03-26 08:00:00,357498,promotion,"[0, 87, 88, 89]",,89.0,86.0,South
2008-03-26 09:00:00,102898,drift,"[0, 162, 167, 168]",,,,Midwest
2008-03-26 09:00:00,102898,promotion,"[0, 167, 168, 169]",,169.0,162.0,Midwest
2008-03-26 09:00:00,357626,warning,"[0, 87, 88, 89]",90.0,,,South
2008-03-26 10:00:00,767498,drift,"[0, 373, 381, 382]",,,,Global
2008-03-26 10:00:00,767498,promotion,"[0, 381, 382, 383]",,383.0,373.0,Global
2008-03-26 10:00:00,102994,warning,"[0, 167, 168, 169]",170.0,,,Midwest
2008-03-26 10:00:00,361498,drift,"[0, 86, 88, 89]",,,,West
2008-03-26 10:00:00,361498,promotion,"[0, 86, 88, 90]",,90.0,89.0,West
2008-03-26 10:00:00,767722,warning,"[0, 381, 382, 383]",384.0,,,Global
2008-03-26 11:00:00,361658,warning,"[0, 86, 88, 90]",91.0,,,West
2008-03-26 12:00:00,32154,warning,"[0, 73, 74, 76]",77.0,,,Northeast
2008-03-26 13:00:00,769498,drift,"[0, 381, 382, 383]",,,,Global
2008-03-26 13:00:00,769498,promotion,"[0, 381, 382, 384]",,384.0,383.0,Global
2008-03-26 13:00:00,769626,warning,"[0, 381, 382, 384]",385.0,,,Global
2008-03-26 16:00:00,103498,drift,"[0, 167, 168, 169]",,,,Midwest
2008-03-26 16:00:00,103498,promotion,"[0, 168, 169, 170]",,170.0,167.0,Midwest
2008-03-26 17:00:00,771498,drift,"[0, 381, 382, 384]",,,,Global
2008-03-26 17:00:00,771498,promotion,"[0, 381, 382, 385]",,385.0,384.0,Global
2008-03-26 17:00:00,32298,drift,"[0, 73, 74, 76]",,,,Northeast
2008-03-26 17:00:00,32298,promotion,"[0, 73, 74, 77]",,77.0,76.0,Northeast
2008-03-26 17:00:00,771658,warning,"[0, 381, 382, 385]",386.0,,,Global
2008-03-26 18:00:00,103626,warning,"[0, 168, 169, 170]",171.0,,,Midwest
2008-03-26 20:00:00,773498,drift,"[0, 381, 382, 385]",,,,Global
2008-03-26 20:00:00,773498,promotion,"[0, 382, 385, 386]",,386.0,381.0,Global
2008-03-26 21:00:00,32394,warning,"[0, 73, 74, 77]",78.0,,,Northeast
2008-03-26 21:00:00,773754,warning,"[0, 382, 385, 386]",387.0,,,Global
2008-03-27 07:00:00,104098,drift,"[0, 168, 169, 170]",,,,Midwest
2008-03-27 07:00:00,104098,promotion,"[0, 169, 170, 171]",,171.0,168.0,Midwest
2008-03-27 07:00:00,361498,drift,"[0, 87, 88, 89]",,,,South
2008-03-27 07:00:00,361498,promotion,"[0, 88, 89, 90]",,90.0,87.0,South
2008-03-27 07:00:00,775498,drift,"[0, 382, 385, 386]",,,,Global
2008-03-27 07:00:00,775498,promotion,"[0, 385, 386, 387]",,387.0,382.0,Global
2008-03-27 07:00:00,775626,warning,"[0, 385, 386, 387]",388.0,,,Global
2008-03-27 08:00:00,361658,warning,"[0, 88, 89, 90]",91.0,,,South
2008-03-27 09:00:00,365498,drift,"[0, 86, 88, 90]",,,,West
2008-03-27 09:00:00,365498,promotion,"[0, 86, 90, 91]",,91.0,88.0,West
2008-03-27 09:00:00,365594,warning,"[0, 86, 90, 91]",92.0,,,West
2008-03-27 10:00:00,104354,warning,"[0, 169, 170, 171]",172.0,,,Midwest
2008-03-27 10:00:00,777498,drift,"[0, 385, 386, 387]",,,,Global
2008-03-27 10:00:00,777498,promotion,"[0, 386, 387, 388]",,388.0,385.0,Global
2008-03-27 11:00:00,777594,warning,"[0, 386, 387, 388]",389.0,,,Global
2008-03-27 14:00:00,779498,drift,"[0, 386, 387, 388]",,,,Global
2008-03-27 14:00:00,779498,promotion,"[0, 386, 387, 389]",,389.0,388.0,Global
2008-03-27 14:00:00,779626,warning,"[0, 386, 387, 389]",390.0,,,Global
2008-03-27 15:00:00,104698,drift,"[0, 169, 170, 171]",,,,Midwest
2008-03-27 15:00:00,104698,promotion,"[0, 169, 170, 172]",,172.0,171.0,Midwest
2008-03-27 16:00:00,104762,warning,"[0, 169, 170, 172]",173.0,,,Midwest
2008-03-27 16:00:00,32698,drift,"[0, 73, 74, 77]",,,,Northeast
2008-03-27 16:00:00,32698,promotion,"[0, 73, 77, 78]",,78.0,74.0,Northeast
2008-03-27 17:00:00,781498,drift,"[0, 386, 387, 389]",,,,Global
2008-03-27 17:00:00,781498,promotion,"[0, 386, 387, 390]",,390.0,389.0,Global
2008-03-27 17:00:00,781594,warning,"[0, 386, 387, 390]",391.0,,,Global
2008-03-27 22:00:00,783498,drift,"[0, 386, 387, 390]",,,,Global
2008-03-27 22:00:00,783498,promotion,"[0, 386, 387, 391]",,391.0,390.0,Global
2008-03-27 23:00:00,783594,warning,"[0, 386, 387, 391]",392.0,,,Global
2008-03-28 06:00:00,365498,drift,"[0, 88, 89, 90]",,,,South
2008-03-28 06:00:00,365498,promotion,"[0, 88, 89, 91]",,91.0,90.0,South
2008-03-28 06:00:00,365594,warning,"[0, 88, 89, 91]",92.0,,,South
2008-03-28 06:00:00,32858,warning,"[0, 73, 77, 78]",79.0,,,Northeast
2008-03-28 07:00:00,105298,drift,"[0, 169, 170, 172]",,,,Midwest
2008-03-28 07:00:00,105298,promotion,"[0, 170, 172, 173]",,173.0,169.0,Midwest
2008-03-28 07:00:00,369498,drift,"[0, 86, 90, 91]",,,,West
2008-03-28 07:00:00,369498,promotion,"[0, 90, 91, 92]",,92.0,86.0,West
2008-03-28 08:00:00,369562,warning,"[0, 90, 91, 92]",93.0,,,West
2008-03-28 08:00:00,105394,warning,"[0, 170, 172, 173]",174.0,,,Midwest
2008-03-28 08:00:00,785498,drift,"[0, 386, 387, 391]",,,,Global
2008-03-28 08:00:00,785498,promotion,"[0, 386, 387, 392]",,392.0,391.0,Global
2008-03-28 08:00:00,785690,warning,"[0, 386, 387, 392]",393.0,,,Global
2008-03-28 11:00:00,787498,drift,"[0, 386, 387, 392]",,,,Global
2008-03-28 11:00:00,787498,promotion,"[0, 386, 387, 393]",,393.0,392.0,Global
2008-03-28 11:00:00,787594,warning,"[0, 386, 387, 393]",394.0,,,Global
2008-03-28 14:00:00,105898,drift,"[0, 170, 172, 173]",,,,Midwest
2008-03-28 14:00:00,105898,promotion,"[0, 170, 172, 174]",,174.0,173.0,Midwest
2008-03-28 14:00:00,789498,drift,"[0, 386, 387, 393]",,,,Global
2008-03-28 14:00:00,789498,promotion,"[0, 386, 387, 394]",,394.0,393.0,Global
2008-03-28 15:00:00,789594,warning,"[0, 386, 387, 394]",395.0,,,Global
2008-03-28 15:00:00,33098,drift,"[0, 73, 77, 78]",,,,Northeast
2008-03-28 15:00:00,33098,promotion,"[0, 73, 77, 79]",,79.0,78.0,Northeast
2008-03-28 15:00:00,105994,warning,"[0, 170, 172, 174]",175.0,,,Midwest
2008-03-28 18:00:00,791498,drift,"[0, 386, 387, 394]",,,,Global
2008-03-28 18:00:00,791498,promotion,"[0, 386, 394, 395]",,395.0,387.0,Global
2008-03-28 18:00:00,791658,warning,"[0, 386, 394, 395]",396.0,,,Global
2008-03-28 19:00:00,33194,warning,"[0, 73, 77, 79]",80.0,,,Northeast
2008-03-28 19:00:00,369498,drift,"[0, 88, 89, 91]",,,,South
2008-03-28 19:00:00,369498,promotion,"[0, 88, 89, 92]",,92.0,91.0,South
2008-03-28 21:00:00,369754,warning,"[0, 88, 89, 92]",93.0,,,South
2008-03-28 22:00:00,106498,drift,"[0, 170, 172, 174]",,,,Midwest
2008-03-28 22:00:00,106498,promotion,"[0, 170, 174, 175]",,175.0,172.0,Midwest
2008-03-29 00:00:00,793498,drift,"[0, 386, 394, 395]",,,,Global
2008-03-29 00:00:00,793498,promotion,"[0, 394, 395, 396]",,396.0,386.0,Global
2008-03-29 06:00:00,793594,warning,"[0, 394, 395, 396]",397.0,,,Global
2008-03-29 06:00:00,373498,drift,"[0, 90, 91, 92]",,,,West
2008-03-29 06:00:00,373498,promotion,"[0, 90, 91, 93]",,93.0,92.0,West
2008-03-29 06:00:00,373562,warning,"[0, 90, 91, 93]",94.0,,,West
2008-03-29 07:00:00,106626,warning,"[0, 170, 174, 175]",176.0,,,Midwest
2008-03-29 09:00:00,795498,drift,"[0, 394, 395, 396]",,,,Global
2008-03-29 09:00:00,795498,promotion,"[0, 395, 396, 397]",,397.0,394.0,Global
2008-03-29 09:00:00,795626,warning,"[0, 395, 396, 397]",398.0,,,Global
2008-03-29 12:00:00,797498,drift,"[0, 395, 396, 397]",,,,Global
2008-03-29 12:00:00,797498,promotion,"[0, 396, 397, 398]",,398.0,395.0,Global
2008-03-29 12:00:00,797594,warning,"[0, 396, 397, 398]",399.0,,,Global
2008-03-29 14:00:00,107098,drift,"[0, 170, 174, 175]",,,,Midwest
2008-03-29 14:00:00,107098,promotion,"[0, 174, 175, 176]",,176.0,170.0,Midwest
2008-03-29 15:00:00,107162,warning,"[0, 174, 175, 176]",177.0,,,Midwest
2008-03-29 16:00:00,799498,drift,"[0, 396, 397, 398]",,,,Global
2008-03-29 16:00:00,799498,promotion,"[0, 397, 398, 399]",,399.0,396.0,Global
2008-03-29 16:00:00,799626,warning,"[0, 397, 398, 399]",400.0,,,Global
2008-03-29 18:00:00,33498,drift,"[0, 73, 77, 79]",,,,Northeast
2008-03-29 18:00:00,33498,promotion,"[0, 77, 79, 80]",,80.0,73.0,Northeast
2008-03-29 20:00:00,373498,drift,"[0, 88, 89, 92]",,,,South
2008-03-29 20:00:00,373498,promotion,"[0, 89, 92, 93]",,93.0,88.0,South
2008-03-29 21:00:00,801498,drift,"[0, 397, 398, 399]",,,,Global
2008-03-29 21:00:00,801498,promotion,"[0, 398, 399, 400]",,400.0,397.0,Global
2008-03-29 21:00:00,801594,warning,"[0, 398, 399, 400]",401.0,,,Global
2008-03-29 22:00:00,373658,warning,"[0, 89, 92, 93]",94.0,,,South
2008-03-30 08:00:00,377498,drift,"[0, 90, 91, 93]",,,,West
2008-03-30 08:00:00,377498,promotion,"[0, 90, 93, 94]",,94.0,91.0,West
2008-03-30 08:00:00,33594,warning,"[0, 77, 79, 80]",81.0,,,Northeast
2008-03-30 08:00:00,377658,warning,"[0, 90, 93, 94]",95.0,,,West
2008-03-30 08:00:00,803498,drift,"[0, 398, 399, 400]",,,,Global
2008-03-30 08:00:00,803498,promotion,"[0, 398, 400, 401]",,401.0,399.0,Global
2008-03-30 08:00:00,107698,drift,"[0, 174, 175, 176]",,,,Midwest
2008-03-30 08:00:00,107698,promotion,"[0, 174, 176, 177]",,177.0,175.0,Midwest
2008-03-30 08:00:00,803594,warning,"[0, 398, 400, 401]",402.0,,,Global
2008-03-30 10:00:00,107826,warning,"[0, 174, 176, 177]",178.0,,,Midwest
2008-03-30 11:00:00,805498,drift,"[0, 398, 400, 401]",,,,Global
2008-03-30 11:00:00,805498,promotion,"[0, 398, 400, 402]",,402.0,401.0,Global
2008-03-30 12:00:00,805658,warning,"[0, 398, 400, 402]",403.0,,,Global
2008-03-30 15:00:00,807498,drift,"[0, 398, 400, 402]",,,,Global
2008-03-30 15:00:00,807498,promotion,"[0, 398, 400, 403]",,403.0,402.0,Global
2008-03-30 15:00:00,807594,warning,"[0, 398, 400, 403]",404.0,,,Global
2008-03-30 16:00:00,108298,drift,"[0, 174, 176, 177]",,,,Midwest
2008-03-30 16:00:00,108298,promotion,"[0, 174, 177, 178]",,178.0,176.0,Midwest
2008-03-30 17:00:00,108362,warning,"[0, 174, 177, 178]",179.0,,,Midwest
2008-03-30 18:00:00,809498,drift,"[0, 398, 400, 403]",,,,Global
2008-03-30 18:00:00,809498,promotion,"[0, 398, 400, 404]",,404.0,403.0,Global
2008-03-30 18:00:00,809626,warning,"[0, 398, 400, 404]",405.0,,,Global
2008-03-30 19:00:00,377498,drift,"[0, 89, 92, 93]",,,,South
2008-03-30 19:00:00,377498,promotion,"[0, 89, 92, 94]",,94.0,93.0,South
2008-03-30 19:00:00,377562,warning,"[0, 89, 92, 94]",95.0,,,South
2008-03-31 06:00:00,33898,drift,"[0, 77, 79, 80]",,,,Northeast
2008-03-31 06:00:00,33898,promotion,"[0, 77, 80, 81]",,81.0,79.0,Northeast
2008-03-31 06:00:00,811498,drift,"[0, 398, 400, 404]",,,,Global
2008-03-31 06:00:00,811498,promotion,"[0, 398, 400, 405]",,405.0,404.0,Global
2008-03-31 06:00:00,811594,warning,"[0, 398, 400, 405]",406.0,,,Global
2008-03-31 06:00:00,381498,drift,"[0, 90, 93, 94]",,,,West
2008-03-31 06:00:00,381498,promotion,"[0, 90, 93, 95]",,95.0,94.0,West
2008-03-31 07:00:00,381690,warning,"[0, 90, 93, 95]",96.0,,,West
2008-03-31 07:00:00,108898,drift,"[0, 174, 177, 178]",,,,Midwest
2008-03-31 07:00:00,108898,promotion,"[0, 174, 177, 179]",,179.0,178.0,Midwest
2008-03-31 08:00:00,108962,warning,"[0, 174, 177, 179]",180.0,,,Midwest
2008-03-31 09:00:00,33994,warning,"[0, 77, 80, 81]",82.0,,,Northeast
2008-03-31 09:00:00,813498,drift,"[0, 398, 400, 405]",,,,Global
2008-03-31 09:00:00,813498,promotion,"[0, 398, 405, 406]",,406.0,400.0,Global
2008-03-31 09:00:00,813690,warning,"[0, 398, 405, 406]",407.0,,,Global
2008-03-31 12:00:00,815498,drift,"[0, 398, 405, 406]",,,,Global
2008-03-31 12:00:00,815498,promotion,"[0, 398, 406, 407]",,407.0,405.0,Global
2008-03-31 12:00:00,815594,warning,"[0, 398, 406, 407]",408.0,,,Global
2008-03-31 16:00:00,817498,drift,"[0, 398, 406, 407]",,,,Global
2008-03-31 16:00:00,817498,promotion,"[0, 398, 406, 408]",,408.0,407.0,Global
2008-03-31 16:00:00,109498,drift,"[0, 174, 177, 179]",,,,Midwest
2008-03-31 16:00:00,109498,promotion,"[0, 174, 177, 180]",,180.0,179.0,Midwest
2008-03-31 16:00:00,817658,warning,"[0, 398, 406, 408]",409.0,,,Global
2008-03-31 17:00:00,109562,warning,"[0, 174, 177, 180]",181.0,,,Midwest
2008-03-31 17:00:00,381498,drift,"[0, 89, 92, 94]",,,,South
2008-03-31 17:00:00,381498,promotion,"[0, 89, 92, 95]",,95.0,94.0,South
2008-03-31 18:00:00,381594,warning,"[0, 89, 92, 95]",96.0,,,South
2008-03-31 19:00:00,819498,drift,"[0, 398, 406, 408]",,,,Global
2008-03-31 19:00:00,819498,promotion,"[0, 398, 406, 409]",,409.0,408.0,Global
2008-03-31 19:00:00,819594,warning,"[0, 398, 406, 409]",410.0,,,Global
2008-04-01 06:00:00,385498,drift,"[0, 90, 93, 95]",,,,West
2008-04-01 06:00:00,385498,promotion,"[0, 90, 95, 96]",,96.0,93.0,West
2008-04-01 06:00:00,34298,drift,"[0, 77, 80, 81]",,,,Northeast
2008-04-01 06:00:00,34298,promotion,"[0, 77, 80, 82]",,82.0,81.0,Northeast
2008-04-01 06:00:00,385594,warning,"[0, 90, 95, 96]",97.0,,,West
2008-04-01 07:00:00,821498,drift,"[0, 398, 406, 409]",,,,Global
2008-04-01 07:00:00,821498,promotion,"[0, 398, 409, 410]",,410.0,406.0,Global
2008-04-01 07:00:00,821658,warning,"[0, 398, 409, 410]",411.0,,,Global
2008-04-01 08:00:00,110098,drift,"[0, 174, 177, 180]",,,,Midwest
2008-04-01 08:00:00,110098,promotion,"[0, 174, 177, 181]",,181.0,180.0,Midwest
2008-04-01 09:00:00,110162,warning,"[0, 174, 177, 181]",182.0,,,Midwest
2008-04-01 10:00:00,823498,drift,"[0, 398, 409, 410]",,,,Global
2008-04-01 10:00:00,823498,promotion,"[0, 398, 410, 411]",,411.0,409.0,Global
2008-04-01 10:00:00,823626,warning,"[0, 398, 410, 411]",412.0,,,Global
2008-04-01 10:00:00,34426,warning,"[0, 77, 80, 82]",83.0,,,Northeast
2008-04-01 13:00:00,825498,drift,"[0, 398, 410, 411]",,,,Global
2008-04-01 13:00:00,825498,promotion,"[0, 398, 410, 412]",,412.0,411.0,Global
2008-04-01 14:00:00,825626,warning,"[0, 398, 410, 412]",413.0,,,Global
2008-04-01 15:00:00,110698,drift,"[0, 174, 177, 181]",,,,Midwest
2008-04-01 15:00:00,110698,promotion,"[0, 174, 177, 182]",,182.0,181.0,Midwest
2008-04-01 16:00:00,110762,warning,"[0, 174, 177, 182]",183.0,,,Midwest
2008-04-01 16:00:00,385498,drift,"[0, 89, 92, 95]",,,,South
2008-04-01 16:00:00,385498,promotion,"[0, 89, 92, 96]",,96.0,95.0,South
2008-04-01 17:00:00,385594,warning,"[0, 89, 92, 96]",97.0,,,South
2008-04-01 17:00:00,827498,drift,"[0, 398, 410, 412]",,,,Global
2008-04-01 17:00:00,827498,promotion,"[0, 398, 410, 413]",,413.0,412.0,Global
2008-04-01 17:00:00,827594,warning,"[0, 398, 410, 413]",414.0,,,Global
2008-04-01 21:00:00,389498,drift,"[0, 90, 95, 96]",,,,West
2008-04-01 21:00:00,389498,promotion,"[0, 95, 96, 97]",,97.0,90.0,West
2008-04-01 21:00:00,829498,drift,"[0, 398, 410, 413]",,,,Global
2008-04-01 21:00:00,829498,promotion,"[0, 398, 410, 414]",,414.0,413.0,Global
2008-04-01 21:00:00,829562,warning,"[0, 398, 410, 414]",415.0,,,Global
2008-04-01 21:00:00,389594,warning,"[0, 95, 96, 97]",98.0,,,West
2008-04-02 06:00:00,111298,drift,"[0, 174, 177, 182]",,,,Midwest
2008-04-02 06:00:00,111298,promotion,"[0, 174, 182, 183]",,183.0,177.0,Midwest
2008-04-02 06:00:00,34698,drift,"[0, 77, 80, 82]",,,,Northeast
2008-04-02 06:00:00,34698,promotion,"[0, 77, 80, 83]",,83.0,82.0,Northeast
2008-04-02 07:00:00,111394,warning,"[0, 174, 182, 183]",184.0,,,Midwest
2008-04-02 08:00:00,831498,drift,"[0, 398, 410, 414]",,,,Global
2008-04-02 08:00:00,831498,promotion,"[0, 398, 410, 415]",,415.0,414.0,Global
2008-04-02 08:00:00,831658,warning,"[0, 398, 410, 415]",416.0,,,Global
2008-04-02 08:00:00,34762,warning,"[0, 77, 80, 83]",84.0,,,Northeast
2008-04-02 11:00:00,833498,drift,"[0, 398, 410, 415]",,,,Global
2008-04-02 11:00:00,833498,promotion,"[0, 398, 415, 416]",,416.0,410.0,Global
2008-04-02 11:00:00,833626,warning,"[0, 398, 415, 416]",417.0,,,Global
2008-04-02 13:00:00,111898,drift,"[0, 174, 182, 183]",,,,Midwest
2008-04-02 13:00:00,111898,promotion,"[0, 182, 183, 184]",,184.0,174.0,Midwest
2008-04-02 14:00:00,835498,drift,"[0, 398, 415, 416]",,,,Global
2008-04-02 14:00:00,835498,promotion,"[0, 415, 416, 417]",,417.0,398.0,Global
2008-04-02 14:00:00,389498,drift,"[0, 89, 92, 96]",,,,South
2008-04-02 14:00:00,389498,promotion,"[0, 89, 96, 97]",,97.0,92.0,South
2008-04-02 15:00:00,835626,warning,"[0, 415, 416, 417]",418.0,,,Global
2008-04-02 15:00:00,389626,warning,"[0, 89, 96, 97]",98.0,,,South
2008-04-02 15:00:00,112090,warning,"[0, 182, 183, 184]",185.0,,,Midwest
2008-04-02 18:00:00,837498,drift,"[0, 415, 416, 417]",,,,Global
2008-04-02 18:00:00,837498,promotion,"[0, 415, 417, 418]",,418.0,416.0,Global
2008-04-02 18:00:00,837722,warning,"[0, 415, 417, 418]",419.0,,,Global
2008-04-02 19:00:00,393498,drift,"[0, 95, 96, 97]",,,,West
2008-04-02 19:00:00,393498,promotion,"[0, 96, 97, 98]",,98.0,95.0,West
2008-04-02 20:00:00,112498,drift,"[0, 182, 183, 184]",,,,Midwest
2008-04-02 20:00:00,112498,promotion,"[0, 183, 184, 185]",,185.0,182.0,Midwest
2008-04-02 20:00:00,393594,warning,"[0, 96, 97, 98]",99.0,,,West
2008-04-02 22:00:00,112594,warning,"[0, 183, 184, 185]",186.0,,,Midwest
2008-04-03 05:00:00,839498,drift,"[0, 415, 417, 418]",,,,Global
2008-04-03 05:00:00,839498,promotion,"[0, 417, 418, 419]",,419.0,415.0,Global
2008-04-03 06:00:00,35098,drift,"[0, 77, 80, 83]",,,,Northeast
2008-04-03 06:00:00,35098,promotion,"[0, 77, 80, 84]",,84.0,83.0,Northeast
2008-04-03 06:00:00,839690,warning,"[0, 417, 418, 419]",420.0,,,Global
2008-04-03 08:00:00,35162,warning,"[0, 77, 80, 84]",85.0,,,Northeast
2008-04-03 08:00:00,841498,drift,"[0, 417, 418, 419]",,,,Global
2008-04-03 08:00:00,841498,promotion,"[0, 418, 419, 420]",,420.0,417.0,Global
2008-04-03 09:00:00,841722,warning,"[0, 418, 419, 420]",421.0,,,Global
2008-04-03 11:00:00,113098,drift,"[0, 183, 184, 185]",,,,Midwest
2008-04-03 11:00:00,113098,promotion,"[0, 183, 184, 186]",,186.0,185.0,Midwest
2008-04-03 11:00:00,843498,drift,"[0, 418, 419, 420]",,,,Global
2008-04-03 11:00:00,843498,promotion,"[0, 418, 419, 421]",,421.0,420.0,Global
2008-04-03 12:00:00,843626,warning,"[0, 418, 419, 421]",422.0,,,Global
2008-04-03 12:00:00,113226,warning,"[0, 183, 184, 186]",187.0,,,Midwest
2008-04-03 13:00:00,393498,drift,"[0, 89, 96, 97]",,,,South
2008-04-03 13:00:00,393498,promotion,"[0, 89, 96, 98]",,98.0,97.0,South
2008-04-03 13:00:00,393562,warning,"[0, 89, 96, 98]",99.0,,,South
2008-04-03 15:00:00,845498,drift,"[0, 418, 419, 421]",,,,Global
2008-04-03 15:00:00,845498,promotion,"[0, 418, 419, 422]",,422.0,421.0,Global
2008-04-03 15:00:00,845626,warning,"[0, 418, 419, 422]",423.0,,,Global
2008-04-03 17:00:00,113698,drift,"[0, 183, 184, 186]",,,,Midwest
2008-04-03 17:00:00,113698,promotion,"[0, 183, 184, 187]",,187.0,186.0,Midwest
2008-04-03 18:00:00,397498,drift,"[0, 96, 97, 98]",,,,West
2008-04-03 18:00:00,397498,promotion,"[0, 97, 98, 99]",,99.0,96.0,West
2008-04-03 18:00:00,847498,drift,"[0, 418, 419, 422]",,,,Global
2008-04-03 18:00:00,847498,promotion,"[0, 418, 419, 423]",,423.0,422.0,Global
2008-04-03 18:00:00,113762,warning,"[0, 183, 184, 187]",188.0,,,Midwest
2008-04-03 18:00:00,847594,warning,"[0, 418, 419, 423]",424.0,,,Global
2008-04-03 18:00:00,397626,warning,"[0, 97, 98, 99]",100.0,,,West
2008-04-03 22:00:00,35498,drift,"[0, 77, 80, 84]",,,,Northeast
2008-04-03 22:00:00,35498,promotion,"[0, 77, 84, 85]",,85.0,80.0,Northeast
2008-04-04 06:00:00,849498,drift,"[0, 418, 419, 423]",,,,Global
2008-04-04 06:00:00,849498,promotion,"[0, 418, 423, 424]",,424.0,419.0,Global
2008-04-04 06:00:00,849594,warning,"[0, 418, 423, 424]",425.0,,,Global
2008-04-04 08:00:00,114298,drift,"[0, 183, 184, 187]",,,,Midwest
2008-04-04 08:00:00,114298,promotion,"[0, 183, 184, 188]",,188.0,187.0,Midwest
2008-04-04 09:00:00,851498,drift,"[0, 418, 423, 424]",,,,Global
2008-04-04 09:00:00,851498,promotion,"[0, 418, 423, 425]",,425.0,424.0,Global
2008-04-04 09:00:00,851690,warning,"[0, 418, 423, 425]",426.0,,,Global
2008-04-04 09:00:00,114394,warning,"[0, 183, 184, 188]",189.0,,,Midwest
2008-04-04 11:00:00,397498,drift,"[0, 89, 96, 98]",,,,South
2008-04-04 11:00:00,397498,promotion,"[0, 89, 98, 99]",,99.0,96.0,South
2008-04-04 11:00:00,397594,warning,"[0, 89, 98, 99]",100.0,,,South
2008-04-04 12:00:00,853498,drift,"[0, 418, 423, 425]",,,,Global
2008-04-04 12:00:00,853498,promotion,"[0, 418, 423, 426]",,426.0,425.0,Global
2008-04-04 12:00:00,853594,warning,"[0, 418, 423, 426]",427.0,,,Global
2008-04-04 13:00:00,35690,warning,"[0, 77, 84, 85]",86.0,,,Northeast
2008-04-04 15:00:00,114898,drift,"[0, 183, 184, 188]",,,,Midwest
2008-04-04 15:00:00,114898,promotion,"[0, 183, 184, 189]",,189.0,188.0,Midwest
2008-04-04 16:00:00,855498,drift,"[0, 418, 423, 426]",,,,Global
2008-04-04 16:00:00,855498,promotion,"[0, 418, 423, 427]",,427.0,426.0,Global
2008-04-04 16:00:00,855594,warning,"[0, 418, 423, 427]",428.0,,,Global
2008-04-04 16:00:00,114994,warning,"[0, 183, 184, 189]",190.0,,,Midwest
2008-04-04 16:00:00,401498,drift,"[0, 97, 98, 99]",,,,West
2008-04-04 16:00:00,401498,promotion,"[0, 97, 99, 100]",,100.0,98.0,West
2008-04-04 17:00:00,401626,warning,"[0, 97, 99, 100]",101.0,,,West
2008-04-04 19:00:00,857498,drift,"[0, 418, 423, 427]",,,,Global
2008-04-04 19:00:00,857498,promotion,"[0, 418, 423, 428]",,428.0,427.0,Global
2008-04-04 19:00:00,857658,warning,"[0, 418, 423, 428]",429.0,,,Global
2008-04-05 06:00:00,115498,drift,"[0, 183, 184, 189]",,,,Midwest
2008-04-05 06:00:00,115498,promotion,"[0, 183, 184, 190]",,190.0,189.0,Midwest
2008-04-05 07:00:00,859498,drift,"[0, 418, 423, 428]",,,,Global
2008-04-05 07:00:00,859498,promotion,"[0, 418, 423, 429]",,429.0,428.0,Global
2008-04-05 07:00:00,35898,drift,"[0, 77, 84, 85]",,,,Northeast
2008-04-05 07:00:00,35898,promotion,"[0, 77, 84, 86]",,86.0,85.0,Northeast
2008-04-05 07:00:00,859626,warning,"[0, 418, 423, 429]",430.0,,,Global
2008-04-05 08:00:00,115626,warning,"[0, 183, 184, 190]",191.0,,,Midwest
2008-04-05 10:00:00,861498,drift,"[0, 418, 423, 429]",,,,Global
2008-04-05 10:00:00,861498,promotion,"[0, 418, 429, 430]",,430.0,423.0,Global
2008-04-05 10:00:00,861722,warning,"[0, 418, 429, 430]",431.0,,,Global
2008-04-05 11:00:00,401498,drift,"[0, 89, 98, 99]",,,,South
2008-04-05 11:00:00,401498,promotion,"[0, 89, 98, 100]",,100.0,99.0,South
2008-04-05 11:00:00,401658,warning,"[0, 89, 98, 100]",101.0,,,South
2008-04-05 14:00:00,863498,drift,"[0, 418, 429, 430]",,,,Global
2008-04-05 14:00:00,863498,promotion,"[0, 418, 430, 431]",,431.0,429.0,Global
2008-04-05 14:00:00,36026,warning,"[0, 77, 84, 86]",87.0,,,Northeast
2008-04-05 14:00:00,863626,warning,"[0, 418, 430, 431]",432.0,,,Global
2008-04-05 15:00:00,116098,drift,"[0, 183, 184, 190]",,,,Midwest
2008-04-05 15:00:00,116098,promotion,"[0, 183, 190, 191]",,191.0,184.0,Midwest
2008-04-05 16:00:00,405498,drift,"[0, 97, 99, 100]",,,,West
2008-04-05 16:00:00,405498,promotion,"[0, 97, 99, 101]",,101.0,100.0,West
2008-04-05 17:00:00,405594,warning,"[0, 97, 99, 101]",102.0,,,West
2008-04-05 18:00:00,865498,drift,"[0, 418, 430, 431]",,,,Global
2008-04-05 18:00:00,865498,promotion,"[0, 430, 431, 432]",,432.0,418.0,Global
2008-04-05 18:00:00,865690,warning,"[0, 430, 431, 432]",433.0,,,Global
2008-04-05 19:00:00,116354,warning,"[0, 183, 190, 191]",192.0,,,Midwest
2008-04-06 07:00:00,867498,drift,"[0, 430, 431, 432]",,,,Global
2008-04-06 07:00:00,867498,promotion,"[0, 430, 432, 433]",,433.0,431.0,Global
2008-04-06 07:00:00,867594,warning,"[0, 430, 432, 433]",434.0,,,Global
2008-04-06 09:00:00,116698,drift,"[0, 183, 190, 191]",,,,Midwest
2008-04-06 09:00:00,116698,promotion,"[0, 190, 191, 192]",,192.0,183.0,Midwest
2008-04-06 10:00:00,869498,drift,"[0, 430, 432, 433]",,,,Global
2008-04-06 10:00:00,869498,promotion,"[0, 432, 433, 434]",,434.0,430.0,Global
2008-04-06 10:00:00,869690,warning,"[0, 432, 433, 434]",435.0,,,Global
2008-04-06 11:00:00,116826,warning,"[0, 190, 191, 192]",193.0,,,Midwest
2008-04-06 11:00:00,405498,drift,"[0, 89, 98, 100]",,,,South
2008-04-06 11:00:00,405498,promotion,"[0, 89, 98, 101]",,101.0,100.0,South
2008-04-06 12:00:00,405594,warning,"[0, 89, 98, 101]",102.0,,,South
2008-04-06 12:00:00,36298,drift,"[0, 77, 84, 86]",,,,Northeast
2008-04-06 12:00:00,36298,promotion,"[0, 77, 84, 87]",,87.0,86.0,Northeast
2008-04-06 13:00:00,871498,drift,"[0, 432, 433, 434]",,,,Global
2008-04-06 13:00:00,871498,promotion,"[0, 433, 434, 435]",,435.0,432.0,Global
2008-04-06 13:00:00,871594,warning,"[0, 433, 434, 435]",436.0,,,Global
2008-04-06 16:00:00,117298,drift,"[0, 190, 191, 192]",,,,Midwest
2008-04-06 16:00:00,117298,promotion,"[0, 191, 192, 193]",,193.0,190.0,Midwest
2008-04-06 17:00:00,873498,drift,"[0, 433, 434, 435]",,,,Global
2008-04-06 17:00:00,873498,promotion,"[0, 433, 434, 436]",,436.0,435.0,Global
2008-04-06 17:00:00,36394,warning,"[0, 77, 84, 87]",88.0,,,Northeast
2008-04-06 17:00:00,409498,drift,"[0, 97, 99, 101]",,,,West
2008-04-06 17:00:00,409498,promotion,"[0, 97, 101, 102]",,102.0,99.0,West
2008-04-06 17:00:00,873594,warning,"[0, 433, 434, 436]",437.0,,,Global
2008-04-06 17:00:00,117394,warning,"[0, 191, 192, 193]",194.0,,,Midwest
2008-04-06 18:00:00,409722,warning,"[0, 97, 101, 102]",103.0,,,West
2008-04-06 20:00:00,875498,drift,"[0, 433, 434, 436]",,,,Global
2008-04-06 20:00:00,875498,promotion,"[0, 433, 434, 437]",,437.0,436.0,Global
2008-04-06 21:00:00,875594,warning,"[0, 433, 434, 437]",438.0,,,Global
2008-04-07 07:00:00,117898,drift,"[0, 191, 192, 193]",,,,Midwest
2008-04-07 07:00:00,117898,promotion,"[0, 192, 193, 194]",,194.0,191.0,Midwest
2008-04-07 07:00:00,877498,drift,"[0, 433, 434, 437]",,,,Global
2008-04-07 07:00:00,877498,promotion,"[0, 433, 437, 438]",,438.0,434.0,Global
2008-04-07 08:00:00,877690,warning,"[0, 433, 437, 438]",439.0,,,Global
2008-04-07 08:00:00,117994,warning,"[0, 192, 193, 194]",195.0,,,Midwest
2008-04-07 10:00:00,409498,drift,"[0, 89, 98, 101]",,,,South
2008-04-07 10:00:00,409498,promotion,"[0, 89, 101, 102]",,102.0,98.0,South
2008-04-07 10:00:00,409658,warning,"[0, 89, 101, 102]",103.0,,,South
2008-04-07 10:00:00,879498,drift,"[0, 433, 437, 438]",,,,Global
2008-04-07 10:00:00,879498,promotion,"[0, 433, 438, 439]",,439.0,437.0,Global
2008-04-07 11:00:00,879690,warning,"[0, 433, 438, 439]",440.0,,,Global
2008-04-07 13:00:00,36698,drift,"[0, 77, 84, 87]",,,,Northeast
2008-04-07 13:00:00,36698,promotion,"[0, 84, 87, 88]",,88.0,77.0,Northeast
2008-04-07 14:00:00,881498,drift,"[0, 433, 438, 439]",,,,Global
2008-04-07 14:00:00,881498,promotion,"[0, 438, 439, 440]",,440.0,433.0,Global
2008-04-07 14:00:00,118498,drift,"[0, 192, 193, 194]",,,,Midwest
2008-04-07 14:00:00,118498,promotion,"[0, 193, 194, 195]",,195.0,192.0,Midwest
2008-04-07 14:00:00,881626,warning,"[0, 438, 439, 440]",441.0,,,Global
2008-04-07 15:00:00,413498,drift,"[0, 97, 101, 102]",,,,West
2008-04-07 15:00:00,413498,promotion,"[0, 97, 102, 103]",,103.0,101.0,West
2008-04-07 16:00:00,118690,warning,"[0, 193, 194, 195]",196.0,,,Midwest
2008-04-07 16:00:00,413690,warning,"[0, 97, 102, 103]",104.0,,,West
2008-04-07 17:00:00,36794,warning,"[0, 84, 87, 88]",89.0,,,Northeast
2008-04-07 17:00:00,883498,drift,"[0, 438, 439, 440]",,,,Global
2008-04-07 17:00:00,883498,promotion,"[0, 439, 440, 441]",,441.0,438.0,Global
2008-04-07 17:00:00,883626,warning,"[0, 439, 440, 441]",442.0,,,Global
2008-04-07 21:00:00,119098,drift,"[0, 193, 194, 195]",,,,Midwest
2008-04-07 21:00:00,119098,promotion,"[0, 193, 195, 196]",,196.0,194.0,Midwest
2008-04-07 21:00:00,885498,drift,"[0, 439, 440, 441]",,,,Global
2008-04-07 21:00:00,885498,promotion,"[0, 439, 440, 442]",,442.0,441.0,Global
2008-04-07 23:00:00,885690,warning,"[0, 439, 440, 442]",443.0,,,Global
2008-04-08 06:00:00,119258,warning,"[0, 193, 195, 196]",197.0,,,Midwest
2008-04-08 08:00:00,887498,drift,"[0, 439, 440, 442]",,,,Global
2008-04-08 08:00:00,887498,promotion,"[0, 440, 442, 443]",,443.0,439.0,Global
2008-04-08 08:00:00,413498,drift,"[0, 89, 101, 102]",,,,South
2008-04-08 08:00:00,413498,promotion,"[0, 101, 102, 103]",,103.0,89.0,South
2008-04-08 08:00:00,887658,warning,"[0, 440, 442, 443]",444.0,,,Global
2008-04-08 09:00:00,413690,warning,"[0, 101, 102, 103]",104.0,,,South
2008-04-08 11:00:00,119698,drift,"[0, 193, 195, 196]",,,,Midwest
2008-04-08 11:00:00,119698,promotion,"[0, 193, 195, 197]",,197.0,196.0,Midwest
2008-04-08 11:00:00,889498,drift,"[0, 440, 442, 443]",,,,Global
2008-04-08 11:00:00,889498,promotion,"[0, 442, 443, 444]",,444.0,440.0,Global
2008-04-08 11:00:00,889626,warning,"[0, 442, 443, 444]",445.0,,,Global
2008-04-08 12:00:00,119794,warning,"[0, 193, 195, 197]",198.0,,,Midwest
2008-04-08 12:00:00,37098,drift,"[0, 84, 87, 88]",,,,Northeast
2008-04-08 12:00:00,37098,promotion,"[0, 87, 88, 89]",,89.0,84.0,Northeast
2008-04-08 14:00:00,417498,drift,"[0, 97, 102, 103]",,,,West
2008-04-08 14:00:00,417498,promotion,"[0, 97, 103, 104]",,104.0,102.0,West
2008-04-08 15:00:00,891498,drift,"[0, 442, 443, 444]",,,,Global
2008-04-08 15:00:00,891498,promotion,"[0, 442, 443, 445]",,445.0,444.0,Global
2008-04-08 15:00:00,891626,warning,"[0, 442, 443, 445]",446.0,,,Global
2008-04-08 15:00:00,417626,warning,"[0, 97, 103, 104]",105.0,,,West
2008-04-08 17:00:00,37226,warning,"[0, 87, 88, 89]",90.0,,,Northeast
2008-04-08 17:00:00,120298,drift,"[0, 193, 195, 197]",,,,Midwest
2008-04-08 17:00:00,120298,promotion,"[0, 193, 195, 198]",,198.0,197.0,Midwest
2008-04-08 18:00:00,120362,warning,"[0, 193, 195, 198]",199.0,,,Midwest
2008-04-08 18:00:00,893498,drift,"[0, 442, 443, 445]",,,,Global
2008-04-08 18:00:00,893498,promotion,"[0, 442, 443, 446]",,446.0,445.0,Global
2008-04-08 19:00:00,893786,warning,"[0, 442, 443, 446]",447.0,,,Global
2008-04-09 06:00:00,895498,drift,"[0, 442, 443, 446]",,,,Global
2008-04-09 06:00:00,895498,promotion,"[0, 442, 443, 447]",,447.0,446.0,Global
2008-04-09 07:00:00,895626,warning,"[0, 442, 443, 447]",448.0,,,Global
2008-04-09 07:00:00,417498,drift,"[0, 101, 102, 103]",,,,South
2008-04-09 07:00:00,417498,promotion,"[0, 102, 103, 104]",,104.0,101.0,South
2008-04-09 07:00:00,417626,warning,"[0, 102, 103, 104]",105.0,,,South
2008-04-09 09:00:00,120898,drift,"[0, 193, 195, 198]",,,,Midwest
2008-04-09 09:00:00,120898,promotion,"[0, 193, 195, 199]",,199.0,198.0,Midwest
2008-04-09 10:00:00,897498,drift,"[0, 442, 443, 447]",,,,Global
2008-04-09 10:00:00,897498,promotion,"[0, 442, 443, 448]",,448.0,447.0,Global
2008-04-09 10:00:00,120962,warning,"[0, 193, 195, 199]",200.0,,,Midwest
2008-04-09 10:00:00,897594,warning,"[0, 442, 443, 448]",449.0,,,Global
2008-04-09 11:00:00,37498,drift,"[0, 87, 88, 89]",,,,Northeast
2008-04-09 11:00:00,37498,promotion,"[0, 87, 89, 90]",,90.0,88.0,Northeast
2008-04-09 13:00:00,899498,drift,"[0, 442, 443, 448]",,,,Global
2008-04-09 13:00:00,899498,promotion,"[0, 442, 448, 449]",,449.0,443.0,Global
2008-04-09 13:00:00,899626,warning,"[0, 442, 448, 449]",450.0,,,Global
2008-04-09 13:00:00,421498,drift,"[0, 97, 103, 104]",,,,West
2008-04-09 13:00:00,421498,promotion,"[0, 103, 104, 105]",,105.0,97.0,West
2008-04-09 14:00:00,421562,warning,"[0, 103, 104, 105]",106.0,,,West
2008-04-09 15:00:00,37594,warning,"[0, 87, 89, 90]",91.0,,,Northeast
2008-04-09 16:00:00,121498,drift,"[0, 193, 195, 199]",,,,Midwest
2008-04-09 16:00:00,121498,promotion,"[0, 193, 195, 200]",,200.0,199.0,Midwest
2008-04-09 17:00:00,121594,warning,"[0, 193, 195, 200]",201.0,,,Midwest
2008-04-09 17:00:00,901498,drift,"[0, 442, 448, 449]",,,,Global
2008-04-09 17:00:00,901498,promotion,"[0, 442, 449, 450]",,450.0,448.0,Global
2008-04-09 17:00:00,901626,warning,"[0, 442, 449, 450]",451.0,,,Global
2008-04-09 21:00:00,903498,drift,"[0, 442, 449, 450]",,,,Global
2008-04-09 21:00:00,903498,promotion,"[0, 442, 449, 451]",,451.0,450.0,Global
2008-04-09 22:00:00,903626,warning,"[0, 442, 449, 451]",452.0,,,Global
2008-04-10 06:00:00,122098,drift,"[0, 193, 195, 200]",,,,Midwest
2008-04-10 06:00:00,122098,promotion,"[0, 193, 200, 201]",,201.0,195.0,Midwest
2008-04-10 07:00:00,421498,drift,"[0, 102, 103, 104]",,,,South
2008-04-10 07:00:00,421498,promotion,"[0, 102, 103, 105]",,105.0,104.0,South
2008-04-10 07:00:00,421594,warning,"[0, 102, 103, 105]",106.0,,,South
2008-04-10 08:00:00,905498,drift,"[0, 442, 449, 451]",,,,Global
2008-04-10 08:00:00,905498,promotion,"[0, 442, 449, 452]",,452.0,451.0,Global
2008-04-10 08:00:00,905754,warning,"[0, 442, 449, 452]",453.0,,,Global
2008-04-10 08:00:00,122290,warning,"[0, 193, 200, 201]",202.0,,,Midwest
2008-04-10 10:00:00,37898,drift,"[0, 87, 89, 90]",,,,Northeast
2008-04-10 10:00:00,37898,promotion,"[0, 87, 89, 91]",,91.0,90.0,Northeast
2008-04-10 11:00:00,907498,drift,"[0, 442, 449, 452]",,,,Global
2008-04-10 11:00:00,907498,promotion,"[0, 442, 449, 453]",,453.0,452.0,Global
2008-04-10 12:00:00,907594,warning,"[0, 442, 449, 453]",454.0,,,Global
2008-04-10 13:00:00,425498,drift,"[0, 103, 104, 105]",,,,West
2008-04-10 13:00:00,425498,promotion,"[0, 103, 104, 106]",,106.0,105.0,West
2008-04-10 13:00:00,425594,warning,"[0, 103, 104, 106]",107.0,,,West
2008-04-10 13:00:00,122698,drift,"[0, 193, 200, 201]",,,,Midwest
2008-04-10 13:00:00,122698,promotion,"[0, 193, 200, 202]",,202.0,201.0,Midwest
2008-04-10 14:00:00,122762,warning,"[0, 193, 200, 202]",203.0,,,Midwest
2008-04-10 14:00:00,37994,warning,"[0, 87, 89, 91]",92.0,,,Northeast
2008-04-10 15:00:00,909498,drift,"[0, 442, 449, 453]",,,,Global
2008-04-10 15:00:00,909498,promotion,"[0, 449, 453, 454]",,454.0,442.0,Global
2008-04-10 15:00:00,909562,warning,"[0, 449, 453, 454]",455.0,,,Global
2008-04-10 19:00:00,911498,drift,"[0, 449, 453, 454]",,,,Global
2008-04-10 19:00:00,911498,promotion,"[0, 449, 453, 455]",,455.0,454.0,Global
2008-04-10 19:00:00,911594,warning,"[0, 449, 453, 455]",456.0,,,Global
2008-04-11 06:00:00,123298,drift,"[0, 193, 200, 202]",,,,Midwest
2008-04-11 06:00:00,123298,promotion,"[0, 193, 200, 203]",,203.0,202.0,Midwest
2008-04-11 06:00:00,425498,drift,"[0, 102, 103, 105]",,,,South
2008-04-11 06:00:00,425498,promotion,"[0, 102, 103, 106]",,106.0,105.0,South
2008-04-11 06:00:00,425594,warning,"[0, 102, 103, 106]",107.0,,,South
2008-04-11 06:00:00,913498,drift,"[0, 449, 453, 455]",,,,Global
2008-04-11 06:00:00,913498,promotion,"[0, 449, 455, 456]",,456.0,453.0,Global
2008-04-11 07:00:00,123394,warning,"[0, 193, 200, 203]",204.0,,,Midwest
2008-04-11 07:00:00,913594,warning,"[0, 449, 455, 456]",457.0,,,Global
2008-04-11 09:00:00,38298,drift,"[0, 87, 89, 91]",,,,Northeast
2008-04-11 09:00:00,38298,promotion,"[0, 87, 89, 92]",,92.0,91.0,Northeast
2008-04-11 10:00:00,915498,drift,"[0, 449, 455, 456]",,,,Global
2008-04-11 10:00:00,915498,promotion,"[0, 449, 456, 457]",,457.0,455.0,Global
2008-04-11 10:00:00,915722,warning,"[0, 449, 456, 457]",458.0,,,Global
2008-04-11 11:00:00,429498,drift,"[0, 103, 104, 106]",,,,West
2008-04-11 11:00:00,429498,promotion,"[0, 103, 104, 107]",,107.0,106.0,West
2008-04-11 12:00:00,429626,warning,"[0, 103, 104, 107]",108.0,,,West
2008-04-11 13:00:00,38394,warning,"[0, 87, 89, 92]",93.0,,,Northeast
2008-04-11 13:00:00,123898,drift,"[0, 193, 200, 203]",,,,Midwest
2008-04-11 13:00:00,123898,promotion,"[0, 193, 200, 204]",,204.0,203.0,Midwest
2008-04-11 13:00:00,917498,drift,"[0, 449, 456, 457]",,,,Global
2008-04-11 13:00:00,917498,promotion,"[0, 456, 457, 458]",,458.0,449.0,Global
2008-04-11 13:00:00,917594,warning,"[0, 456, 457, 458]",459.0,,,Global
2008-04-11 14:00:00,123994,warning,"[0, 193, 200, 204]",205.0,,,Midwest
2008-04-11 17:00:00,919498,drift,"[0, 456, 457, 458]",,,,Global
2008-04-11 17:00:00,919498,promotion,"[0, 456, 457, 459]",,459.0,458.0,Global
2008-04-11 17:00:00,919594,warning,"[0, 456, 457, 459]",460.0,,,Global
2008-04-11 20:00:00,124498,drift,"[0, 193, 200, 204]",,,,Midwest
2008-04-11 20:00:00,124498,promotion,"[0, 193, 204, 205]",,205.0,200.0,Midwest
2008-04-11 20:00:00,921498,drift,"[0, 456, 457, 459]",,,,Global
2008-04-11 20:00:00,921498,promotion,"[0, 456, 457, 460]",,460.0,459.0,Global
2008-04-11 21:00:00,429498,drift,"[0, 102, 103, 106]",,,,South
2008-04-11 21:00:00,429498,promotion,"[0, 102, 103, 107]",,107.0,106.0,South
2008-04-11 21:00:00,921594,warning,"[0, 456, 457, 460]",461.0,,,Global
2008-04-11 21:00:00,429594,warning,"[0, 102, 103, 107]",108.0,,,South
2008-04-12 05:00:00,124626,warning,"[0, 193, 204, 205]",206.0,,,Midwest
2008-04-12 08:00:00,923498,drift,"[0, 456, 457, 460]",,,,Global
2008-04-12 08:00:00,923498,promotion,"[0, 456, 460, 461]",,461.0,457.0,Global
2008-04-12 08:00:00,923594,warning,"[0, 456, 460, 461]",462.0,,,Global
2008-04-12 11:00:00,433498,drift,"[0, 103, 104, 107]",,,,West
2008-04-12 11:00:00,433498,promotion,"[0, 104, 107, 108]",,108.0,103.0,West
2008-04-12 11:00:00,38698,drift,"[0, 87, 89, 92]",,,,Northeast
2008-04-12 11:00:00,38698,promotion,"[0, 87, 89, 93]",,93.0,92.0,Northeast
2008-04-12 11:00:00,925498,drift,"[0, 456, 460, 461]",,,,Global
2008-04-12 11:00:00,925498,promotion,"[0, 456, 461, 462]",,462.0,460.0,Global
2008-04-12 11:00:00,433722,warning,"[0, 104, 107, 108]",109.0,,,West
2008-04-12 11:00:00,125098,drift,"[0, 193, 204, 205]",,,,Midwest
2008-04-12 11:00:00,125098,promotion,"[0, 193, 205, 206]",,206.0,204.0,Midwest
2008-04-12 12:00:00,925690,warning,"[0, 456, 461, 462]",463.0,,,Global
2008-04-12 12:00:00,125162,warning,"[0, 193, 205, 206]",207.0,,,Midwest
2008-04-12 15:00:00,38762,warning,"[0, 87, 89, 93]",94.0,,,Northeast
2008-04-12 15:00:00,927498,drift,"[0, 456, 461, 462]",,,,Global
2008-04-12 15:00:00,927498,promotion,"[0, 461, 462, 463]",,463.0,456.0,Global
2008-04-12 15:00:00,927658,warning,"[0, 461, 462, 463]",464.0,,,Global
2008-04-12 19:00:00,929498,drift,"[0, 461, 462, 463]",,,,Global
2008-04-12 19:00:00,929498,promotion,"[0, 461, 462, 464]",,464.0,463.0,Global
2008-04-12 20:00:00,929594,warning,"[0, 461, 462, 464]",465.0,,,Global
2008-04-12 21:00:00,125698,drift,"[0, 193, 205, 206]",,,,Midwest
2008-04-12 21:00:00,125698,promotion,"[0, 205, 206, 207]",,207.0,193.0,Midwest
2008-04-13 06:00:00,433498,drift,"[0, 102, 103, 107]",,,,South
2008-04-13 06:00:00,433498,promotion,"[0, 103, 107, 108]",,108.0,102.0,South
2008-04-13 07:00:00,433626,warning,"[0, 103, 107, 108]",109.0,,,South
2008-04-13 07:00:00,125826,warning,"[0, 205, 206, 207]",208.0,,,Midwest
2008-04-13 08:00:00,931498,drift,"[0, 461, 462, 464]",,,,Global
2008-04-13 08:00:00,931498,promotion,"[0, 461, 464, 465]",,465.0,462.0,Global
2008-04-13 08:00:00,931562,warning,"[0, 461, 464, 465]",466.0,,,Global
2008-04-13 11:00:00,933498,drift,"[0, 461, 464, 465]",,,,Global
2008-04-13 11:00:00,933498,promotion,"[0, 461, 465, 466]",,466.0,464.0,Global
2008-04-13 11:00:00,933594,warning,"[0, 461, 465, 466]",467.0,,,Global
2008-04-13 12:00:00,437498,drift,"[0, 104, 107, 108]",,,,West
2008-04-13 12:00:00,437498,promotion,"[0, 107, 108, 109]",,109.0,104.0,West
2008-04-13 12:00:00,437562,warning,"[0, 107, 108, 109]",110.0,,,West
2008-04-13 13:00:00,126298,drift,"[0, 205, 206, 207]",,,,Midwest
2008-04-13 13:00:00,126298,promotion,"[0, 206, 207, 208]",,208.0,205.0,Midwest
2008-04-13 14:00:00,126458,warning,"[0, 206, 207, 208]",209.0,,,Midwest
2008-04-13 15:00:00,935498,drift,"[0, 461, 465, 466]",,,,Global
2008-04-13 15:00:00,935498,promotion,"[0, 465, 466, 467]",,467.0,461.0,Global
2008-04-13 15:00:00,935658,warning,"[0, 465, 466, 467]",468.0,,,Global
2008-04-13 16:00:00,39098,drift,"[0, 87, 89, 93]",,,,Northeast
2008-04-13 16:00:00,39098,promotion,"[0, 87, 89, 94]",,94.0,93.0,Northeast
2008-04-13 18:00:00,937498,drift,"[0, 465, 466, 467]",,,,Global
2008-04-13 18:00:00,937498,promotion,"[0, 466, 467, 468]",,468.0,465.0,Global
2008-04-13 18:00:00,937658,warning,"[0, 466, 467, 468]",469.0,,,Global
2008-04-13 19:00:00,126898,drift,"[0, 206, 207, 208]",,,,Midwest
2008-04-13 19:00:00,126898,promotion,"[0, 207, 208, 209]",,209.0,206.0,Midwest
2008-04-13 20:00:00,39162,warning,"[0, 87, 89, 94]",95.0,,,Northeast
2008-04-13 21:00:00,437498,drift,"[0, 103, 107, 108]",,,,South
2008-04-13 21:00:00,437498,promotion,"[0, 107, 108, 109]",,109.0,103.0,South
2008-04-13 21:00:00,127026,warning,"[0, 207, 208, 209]",210.0,,,Midwest
2008-04-13 22:00:00,437594,warning,"[0, 107, 108, 109]",110.0,,,South
2008-04-14 06:00:00,939498,drift,"[0, 466, 467, 468]",,,,Global
2008-04-14 06:00:00,939498,promotion,"[0, 466, 467, 469]",,469.0,468.0,Global
2008-04-14 06:00:00,939594,warning,"[0, 466, 467, 469]",470.0,,,Global
2008-04-14 08:00:00,941498,drift,"[0, 466, 467, 469]",,,,Global
2008-04-14 08:00:00,941498,promotion,"[0, 467, 469, 470]",,470.0,466.0,Global
2008-04-14 09:00:00,941754,warning,"[0, 467, 469, 470]",471.0,,,Global
2008-04-14 10:00:00,127498,drift,"[0, 207, 208, 209]",,,,Midwest
2008-04-14 10:00:00,127498,promotion,"[0, 207, 208, 210]",,210.0,209.0,Midwest
2008-04-14 10:00:00,127594,warning,"[0, 207, 208, 210]",211.0,,,Midwest
2008-04-14 11:00:00,441498,drift,"[0, 107, 108, 109]",,,,West
2008-04-14 11:00:00,441498,promotion,"[0, 107, 108, 110]",,110.0,109.0,West
2008-04-14 11:00:00,441594,warning,"[0, 107, 108, 110]",111.0,,,West
2008-04-14 12:00:00,943498,drift,"[0, 467, 469, 470]",,,,Global
2008-04-14 12:00:00,943498,promotion,"[0, 469, 470, 471]",,471.0,467.0,Global
2008-04-14 12:00:00,943626,warning,"[0, 469, 470, 471]",472.0,,,Global
2008-04-14 15:00:00,945498,drift,"[0, 469, 470, 471]",,,,Global
2008-04-14 15:00:00,945498,promotion,"[0, 470, 471, 472]",,472.0,469.0,Global
2008-04-14 15:00:00,945626,warning,"[0, 470, 471, 472]",473.0,,,Global
2008-04-14 16:00:00,39498,drift,"[0, 87, 89, 94]",,,,Northeast
2008-04-14 16:00:00,39498,promotion,"[0, 87, 94, 95]",,95.0,89.0,Northeast
2008-04-14 16:00:00,128098,drift,"[0, 207, 208, 210]",,,,Midwest
2008-04-14 16:00:00,128098,promotion,"[0, 207, 208, 211]",,211.0,210.0,Midwest
2008-04-14 17:00:00,128194,warning,"[0, 207, 208, 211]",212.0,,,Midwest
2008-04-14 18:00:00,947498,drift,"[0, 470, 471, 472]",,,,Global
2008-04-14 18:00:00,947498,promotion,"[0, 470, 471, 473]",,473.0,472.0,Global
2008-04-14 18:00:00,441498,drift,"[0, 107, 108, 109]",,,,South
2008-04-14 18:00:00,441498,promotion,"[0, 108, 109, 110]",,110.0,107.0,South
2008-04-14 18:00:00,947626,warning,"[0, 470, 471, 473]",474.0,,,Global
2008-04-14 19:00:00,441690,warning,"[0, 108, 109, 110]",111.0,,,South
2008-04-14 20:00:00,39594,warning,"[0, 87, 94, 95]",96.0,,,Northeast
2008-04-15 06:00:00,949498,drift,"[0, 470, 471, 473]",,,,Global
2008-04-15 06:00:00,949498,promotion,"[0, 470, 471, 474]",,474.0,473.0,Global
2008-04-15 06:00:00,949626,warning,"[0, 470, 471, 474]",475.0,,,Global
2008-04-15 07:00:00,128698,drift,"[0, 207, 208, 211]",,,,Midwest
2008-04-15 07:00:00,128698,promotion,"[0, 207, 211, 212]",,212.0,208.0,Midwest
2008-04-15 07:00:00,128794,warning,"[0, 207, 211, 212]",213.0,,,Midwest
2008-04-15 09:00:00,951498,drift,"[0, 470, 471, 474]",,,,Global
2008-04-15 09:00:00,951498,promotion,"[0, 470, 474, 475]",,475.0,471.0,Global
2008-04-15 09:00:00,951626,warning,"[0, 470, 474, 475]",476.0,,,Global
2008-04-15 10:00:00,445498,drift,"[0, 107, 108, 110]",,,,West
2008-04-15 10:00:00,445498,promotion,"[0, 107, 108, 111]",,111.0,110.0,West
2008-04-15 10:00:00,445690,warning,"[0, 107, 108, 111]",112.0,,,West
2008-04-15 12:00:00,953498,drift,"[0, 470, 474, 475]",,,,Global
2008-04-15 12:00:00,953498,promotion,"[0, 470, 474, 476]",,476.0,475.0,Global
2008-04-15 13:00:00,953658,warning,"[0, 470, 474, 476]",477.0,,,Global
2008-04-15 13:00:00,129298,drift,"[0, 207, 211, 212]",,,,Midwest
2008-04-15 13:00:00,129298,promotion,"[0, 211, 212, 213]",,213.0,207.0,Midwest
2008-04-15 15:00:00,39898,drift,"[0, 87, 94, 95]",,,,Northeast
2008-04-15 15:00:00,39898,promotion,"[0, 94, 95, 96]",,96.0,87.0,Northeast
2008-04-15 15:00:00,129522,warning,"[0, 211, 212, 213]",214.0,,,Midwest
2008-04-15 16:00:00,955498,drift,"[0, 470, 474, 476]",,,,Global
2008-04-15 16:00:00,955498,promotion,"[0, 470, 474, 477]",,477.0,476.0,Global
2008-04-15 16:00:00,955658,warning,"[0, 470, 474, 477]",478.0,,,Global
2008-04-15 17:00:00,445498,drift,"[0, 108, 109, 110]",,,,South
2008-04-15 17:00:00,445498,promotion,"[0, 109, 110, 111]",,111.0,108.0,South
2008-04-15 17:00:00,445658,warning,"[0, 109, 110, 111]",112.0,,,South
2008-04-15 19:00:00,129898,drift,"[0, 211, 212, 213]",,,,Midwest
2008-04-15 19:00:00,129898,promotion,"[0, 212, 213, 214]",,214.0,211.0,Midwest
2008-04-15 19:00:00,957498,drift,"[0, 470, 474, 477]",,,,Global
2008-04-15 19:00:00,957498,promotion,"[0, 470, 477, 478]",,478.0,474.0,Global
2008-04-15 20:00:00,957658,warning,"[0, 470, 477, 478]",479.0,,,Global
2008-04-15 20:00:00,40026,warning,"[0, 94, 95, 96]",97.0,,,Northeast
2008-04-16 06:00:00,130122,warning,"[0, 212, 213, 214]",215.0,,,Midwest
2008-04-16 07:00:00,959498,drift,"[0, 470, 477, 478]",,,,Global
2008-04-16 07:00:00,959498,promotion,"[0, 477, 478, 479]",,479.0,470.0,Global
2008-04-16 07:00:00,959658,warning,"[0, 477, 478, 479]",480.0,,,Global
2008-04-16 09:00:00,449498,drift,"[0, 107, 108, 111]",,,,West
2008-04-16 09:00:00,449498,promotion,"[0, 107, 111, 112]",,112.0,108.0,West
2008-04-16 09:00:00,449562,warning,"[0, 107, 111, 112]",113.0,,,West
2008-04-16 10:00:00,130498,drift,"[0, 212, 213, 214]",,,,Midwest
2008-04-16 10:00:00,130498,promotion,"[0, 213, 214, 215]",,215.0,212.0,Midwest
2008-04-16 10:00:00,961498,drift,"[0, 477, 478, 479]",,,,Global
2008-04-16 10:00:00,961498,promotion,"[0, 478, 479, 480]",,480.0,477.0,Global
2008-04-16 10:00:00,961626,warning,"[0, 478, 479, 480]",481.0,,,Global
2008-04-16 11:00:00,130594,warning,"[0, 213, 214, 215]",216.0,,,Midwest
2008-04-16 13:00:00,963498,drift,"[0, 478, 479, 480]",,,,Global
2008-04-16 13:00:00,963498,promotion,"[0, 478, 479, 481]",,481.0,480.0,Global
2008-04-16 13:00:00,963594,warning,"[0, 478, 479, 481]",482.0,,,Global
2008-04-16 14:00:00,40298,drift,"[0, 94, 95, 96]",,,,Northeast
2008-04-16 14:00:00,40298,promotion,"[0, 95, 96, 97]",,97.0,94.0,Northeast
2008-04-16 15:00:00,449498,drift,"[0, 109, 110, 111]",,,,South
2008-04-16 15:00:00,449498,promotion,"[0, 110, 111, 112]",,112.0,109.0,South
2008-04-16 16:00:00,449690,warning,"[0, 110, 111, 112]",113.0,,,South
2008-04-16 16:00:00,131098,drift,"[0, 213, 214, 215]",,,,Midwest
2008-04-16 16:00:00,131098,promotion,"[0, 213, 214, 216]",,216.0,215.0,Midwest
2008-04-16 17:00:00,965498,drift,"[0, 478, 479, 481]",,,,Global
2008-04-16 17:00:00,965498,promotion,"[0, 478, 479, 482]",,482.0,481.0,Global
2008-04-16 17:00:00,131162,warning,"[0, 213, 214, 216]",217.0,,,Midwest
2008-04-16 17:00:00,965754,warning,"[0, 478, 479, 482]",483.0,,,Global
2008-04-16 20:00:00,40458,warning,"[0, 95, 96, 97]",98.0,,,Northeast
2008-04-16 20:00:00,967498,drift,"[0, 478, 479, 482]",,,,Global
2008-04-16 20:00:00,967498,promotion,"[0, 478, 479, 483]",,483.0,482.0,Global
2008-04-16 21:00:00,967658,warning,"[0, 478, 479, 483]",484.0,,,Global
2008-04-17 07:00:00,131698,drift,"[0, 213, 214, 216]",,,,Midwest
2008-04-17 07:00:00,131698,promotion,"[0, 213, 214, 217]",,217.0,216.0,Midwest
2008-04-17 07:00:00,969498,drift,"[0, 478, 479, 483]",,,,Global
2008-04-17 07:00:00,969498,promotion,"[0, 478, 483, 484]",,484.0,479.0,Global
2008-04-17 08:00:00,453498,drift,"[0, 107, 111, 112]",,,,West
2008-04-17 08:00:00,453498,promotion,"[0, 111, 112, 113]",,113.0,107.0,West
2008-04-17 08:00:00,969658,warning,"[0, 478, 483, 484]",485.0,,,Global
2008-04-17 08:00:00,131762,warning,"[0, 213, 214, 217]",218.0,,,Midwest
2008-04-17 08:00:00,453562,warning,"[0, 111, 112, 113]",114.0,,,West
2008-04-17 10:00:00,971498,drift,"[0, 478, 483, 484]",,,,Global
2008-04-17 10:00:00,971498,promotion,"[0, 483, 484, 485]",,485.0,478.0,Global
2008-04-17 11:00:00,971722,warning,"[0, 483, 484, 485]",486.0,,,Global
2008-04-17 13:00:00,40698,drift,"[0, 95, 96, 97]",,,,Northeast
2008-04-17 13:00:00,40698,promotion,"[0, 96, 97, 98]",,98.0,95.0,Northeast
2008-04-17 13:00:00,453498,drift,"[0, 110, 111, 112]",,,,South
2008-04-17 13:00:00,453498,promotion,"[0, 111, 112, 113]",,113.0,110.0,South
2008-04-17 14:00:00,132298,drift,"[0, 213, 214, 217]",,,,Midwest
2008-04-17 14:00:00,132298,promotion,"[0, 213, 214, 218]",,218.0,217.0,Midwest
2008-04-17 14:00:00,973498,drift,"[0, 483, 484, 485]",,,,Global
2008-04-17 14:00:00,973498,promotion,"[0, 484, 485, 486]",,486.0,483.0,Global
2008-04-17 14:00:00,453690,warning,"[0, 111, 112, 113]",114.0,,,South
2008-04-17 14:00:00,973594,warning,"[0, 484, 485, 486]",487.0,,,Global
2008-04-17 15:00:00,132426,warning,"[0, 213, 214, 218]",219.0,,,Midwest
2008-04-17 17:00:00,975498,drift,"[0, 484, 485, 486]",,,,Global
2008-04-17 17:00:00,975498,promotion,"[0, 484, 485, 487]",,487.0,486.0,Global
2008-04-17 17:00:00,975626,warning,"[0, 484, 485, 487]",488.0,,,Global
2008-04-17 19:00:00,40858,warning,"[0, 96, 97, 98]",99.0,,,Northeast
2008-04-17 20:00:00,132898,drift,"[0, 213, 214, 218]",,,,Midwest
2008-04-17 20:00:00,132898,promotion,"[0, 214, 218, 219]",,219.0,213.0,Midwest
2008-04-17 21:00:00,977498,drift,"[0, 484, 485, 487]",,,,Global
2008-04-17 21:00:00,977498,promotion,"[0, 484, 485, 488]",,488.0,487.0,Global
2008-04-17 22:00:00,977594,warning,"[0, 484, 485, 488]",489.0,,,Global
2008-04-17 22:00:00,132994,warning,"[0, 214, 218, 219]",220.0,,,Midwest
2008-04-18 06:00:00,457498,drift,"[0, 111, 112, 113]",,,,West
2008-04-18 06:00:00,457498,promotion,"[0, 112, 113, 114]",,114.0,111.0,West
2008-04-18 07:00:00,457626,warning,"[0, 112, 113, 114]",115.0,,,West
2008-04-18 08:00:00,979498,drift,"[0, 484, 485, 488]",,,,Global
2008-04-18 08:00:00,979498,promotion,"[0, 484, 485, 489]",,489.0,488.0,Global
2008-04-18 08:00:00,979562,warning,"[0, 484, 485, 489]",490.0,,,Global
2008-04-18 10:00:00,133498,drift,"[0, 214, 218, 219]",,,,Midwest
2008-04-18 10:00:00,133498,promotion,"[0, 214, 218, 220]",,220.0,219.0,Midwest
2008-04-18 11:00:00,981498,drift,"[0, 484, 485, 489]",,,,Global
2008-04-18 11:00:00,981498,promotion,"[0, 484, 485, 490]",,490.0,489.0,Global
2008-04-18 11:00:00,981626,warning,"[0, 484, 485, 490]",491.0,,,Global
2008-04-18 11:00:00,457498,drift,"[0, 111, 112, 113]",,,,South
2008-04-18 11:00:00,457498,promotion,"[0, 111, 112, 114]",,114.0,113.0,South
2008-04-18 11:00:00,133594,warning,"[0, 214, 218, 220]",221.0,,,Midwest
2008-04-18 12:00:00,41098,drift,"[0, 96, 97, 98]",,,,Northeast
2008-04-18 12:00:00,41098,promotion,"[0, 96, 97, 99]",,99.0,98.0,Northeast
2008-04-18 12:00:00,457626,warning,"[0, 111, 112, 114]",115.0,,,South
2008-04-18 14:00:00,983498,drift,"[0, 484, 485, 490]",,,,Global
2008-04-18 14:00:00,983498,promotion,"[0, 485, 490, 491]",,491.0,484.0,Global
2008-04-18 15:00:00,983690,warning,"[0, 485, 490, 491]",492.0,,,Global
2008-04-18 16:00:00,41226,warning,"[0, 96, 97, 99]",100.0,,,Northeast
2008-04-18 17:00:00,134098,drift,"[0, 214, 218, 220]",,,,Midwest
2008-04-18 17:00:00,134098,promotion,"[0, 214, 218, 221]",,221.0,220.0,Midwest
2008-04-18 18:00:00,985498,drift,"[0, 485, 490, 491]",,,,Global
2008-04-18 18:00:00,985498,promotion,"[0, 490, 491, 492]",,492.0,485.0,Global
2008-04-18 18:00:00,985626,warning,"[0, 490, 491, 492]",493.0,,,Global
2008-04-18 19:00:00,134290,warning,"[0, 214, 218, 221]",222.0,,,Midwest
2008-04-18 21:00:00,461498,drift,"[0, 112, 113, 114]",,,,West
2008-04-18 21:00:00,461498,promotion,"[0, 112, 113, 115]",,115.0,114.0,West
2008-04-19 01:00:00,461594,warning,"[0, 112, 113, 115]",116.0,,,West
2008-04-19 05:00:00,987498,drift,"[0, 490, 491, 492]",,,,Global
2008-04-19 05:00:00,987498,promotion,"[0, 490, 492, 493]",,493.0,491.0,Global
2008-04-19 06:00:00,987594,warning,"[0, 490, 492, 493]",494.0,,,Global
2008-04-19 08:00:00,134698,drift,"[0, 214, 218, 221]",,,,Midwest
2008-04-19 08:00:00,134698,promotion,"[0, 214, 218, 222]",,222.0,221.0,Midwest
2008-04-19 09:00:00,989498,drift,"[0, 490, 492, 493]",,,,Global
2008-04-19 09:00:00,989498,promotion,"[0, 490, 493, 494]",,494.0,492.0,Global
2008-04-19 09:00:00,989690,warning,"[0, 490, 493, 494]",495.0,,,Global
2008-04-19 10:00:00,461498,drift,"[0, 111, 112, 114]",,,,South
2008-04-19 10:00:00,461498,promotion,"[0, 111, 112, 115]",,115.0,114.0,South
2008-04-19 10:00:00,134890,warning,"[0, 214, 218, 222]",223.0,,,Midwest
2008-04-19 11:00:00,461626,warning,"[0, 111, 112, 115]",116.0,,,South
2008-04-19 12:00:00,41498,drift,"[0, 96, 97, 99]",,,,Northeast
2008-04-19 12:00:00,41498,promotion,"[0, 96, 97, 100]",,100.0,99.0,Northeast
2008-04-19 12:00:00,991498,drift,"[0, 490, 493, 494]",,,,Global
2008-04-19 12:00:00,991498,promotion,"[0, 490, 493, 495]",,495.0,494.0,Global
2008-04-19 12:00:00,991626,warning,"[0, 490, 493, 495]",496.0,,,Global
2008-04-19 16:00:00,993498,drift,"[0, 490, 493, 495]",,,,Global
2008-04-19 16:00:00,993498,promotion,"[0, 490, 495, 496]",,496.0,493.0,Global
2008-04-19 16:00:00,993594,warning,"[0, 490, 495, 496]",497.0,,,Global
2008-04-19 16:00:00,135298,drift,"[0, 214, 218, 222]",,,,Midwest
2008-04-19 16:00:00,135298,promotion,"[0, 214, 218, 223]",,223.0,222.0,Midwest
2008-04-19 21:00:00,995498,drift,"[0, 490, 495, 496]",,,,Global
2008-04-19 21:00:00,995498,promotion,"[0, 495, 496, 497]",,497.0,490.0,Global
2008-04-19 23:00:00,41658,warning,"[0, 96, 97, 100]",101.0,,,Northeast
2008-04-20 00:00:00,995658,warning,"[0, 495, 496, 497]",498.0,,,Global
2008-04-20 06:00:00,135618,warning,"[0, 214, 218, 223]",224.0,,,Midwest
2008-04-20 07:00:00,465498,drift,"[0, 112, 113, 115]",,,,West
2008-04-20 07:00:00,465498,promotion,"[0, 112, 113, 116]",,116.0,115.0,West
2008-04-20 07:00:00,465594,warning,"[0, 112, 113, 116]",117.0,,,West
2008-04-20 08:00:00,997498,drift,"[0, 495, 496, 497]",,,,Global
2008-04-20 08:00:00,997498,promotion,"[0, 496, 497, 498]",,498.0,495.0,Global
2008-04-20 09:00:00,997626,warning,"[0, 496, 497, 498]",499.0,,,Global
2008-04-20 10:00:00,135898,drift,"[0, 214, 218, 223]",,,,Midwest
2008-04-20 10:00:00,135898,promotion,"[0, 214, 223, 224]",,224.0,218.0,Midwest
2008-04-20 11:00:00,136026,warning,"[0, 214, 223, 224]",225.0,,,Midwest
2008-04-20 11:00:00,465498,drift,"[0, 111, 112, 115]",,,,South
2008-04-20 11:00:00,465498,promotion,"[0, 111, 112, 116]",,116.0,115.0,South
2008-04-20 12:00:00,999498,drift,"[0, 496, 497, 498]",,,,Global
2008-04-20 12:00:00,999498,promotion,"[0, 496, 497, 499]",,499.0,498.0,Global
2008-04-20 12:00:00,999594,warning,"[0, 496, 497, 499]",500.0,,,Global
2008-04-20 12:00:00,465818,warning,"[0, 111, 112, 116]",117.0,,,South
2008-04-20 15:00:00,1001498,drift,"[0, 496, 497, 499]",,,,Global
2008-04-20 15:00:00,1001498,promotion,"[0, 496, 497, 500]",,500.0,499.0,Global
2008-04-20 15:00:00,1001594,warning,"[0, 496, 497, 500]",501.0,,,Global
2008-04-20 16:00:00,136498,drift,"[0, 214, 223, 224]",,,,Midwest
2008-04-20 16:00:00,136498,promotion,"[0, 223, 224, 225]",,225.0,214.0,Midwest
2008-04-20 17:00:00,41898,drift,"[0, 96, 97, 100]",,,,Northeast
2008-04-20 17:00:00,41898,promotion,"[0, 96, 97, 101]",,101.0,100.0,Northeast
2008-04-20 18:00:00,136658,warning,"[0, 223, 224, 225]",226.0,,,Midwest
2008-04-20 19:00:00,1003498,drift,"[0, 496, 497, 500]",,,,Global
2008-04-20 19:00:00,1003498,promotion,"[0, 496, 497, 501]",,501.0,500.0,Global
2008-04-20 19:00:00,1003658,warning,"[0, 496, 497, 501]",502.0,,,Global
2008-04-20 20:00:00,41962,warning,"[0, 96, 97, 101]",102.0,,,Northeast
2008-04-21 06:00:00,469498,drift,"[0, 112, 113, 116]",,,,West
2008-04-21 06:00:00,469498,promotion,"[0, 112, 113, 117]",,117.0,116.0,West
2008-04-21 06:00:00,469594,warning,"[0, 112, 113, 117]",118.0,,,West
2008-04-21 06:00:00,1005498,drift,"[0, 496, 497, 501]",,,,Global
2008-04-21 06:00:00,1005498,promotion,"[0, 496, 497, 502]",,502.0,501.0,Global
2008-04-21 06:00:00,1005658,warning,"[0, 496, 497, 502]",503.0,,,Global
2008-04-21 07:00:00,137098,drift,"[0, 223, 224, 225]",,,,Midwest
2008-04-21 07:00:00,137098,promotion,"[0, 223, 224, 226]",,226.0,225.0,Midwest
2008-04-21 08:00:00,137226,warning,"[0, 223, 224, 226]",227.0,,,Midwest
2008-04-21 09:00:00,1007498,drift,"[0, 496, 497, 502]",,,,Global
2008-04-21 09:00:00,1007498,promotion,"[0, 496, 502, 503]",,503.0,497.0,Global
2008-04-21 09:00:00,1007658,warning,"[0, 496, 502, 503]",504.0,,,Global
2008-04-21 10:00:00,469498,drift,"[0, 111, 112, 116]",,,,South
2008-04-21 10:00:00,469498,promotion,"[0, 111, 112, 117]",,117.0,116.0,South
2008-04-21 10:00:00,469658,warning,"[0, 111, 112, 117]",118.0,,,South
2008-04-21 12:00:00,1009498,drift,"[0, 496, 502, 503]",,,,Global
2008-04-21 12:00:00,1009498,promotion,"[0, 502, 503, 504]",,504.0,496.0,Global
2008-04-21 13:00:00,1009658,warning,"[0, 502, 503, 504]",505.0,,,Global
2008-04-21 13:00:00,137698,drift,"[0, 223, 224, 226]",,,,Midwest
2008-04-21 13:00:00,137698,promotion,"[0, 223, 224, 227]",,227.0,226.0,Midwest
2008-04-21 16:00:00,137922,warning,"[0, 223, 224, 227]",228.0,,,Midwest
2008-04-21 16:00:00,1011498,drift,"[0, 502, 503, 504]",,,,Global
2008-04-21 16:00:00,1011498,promotion,"[0, 503, 504, 505]",,505.0,502.0,Global
2008-04-21 16:00:00,1011658,warning,"[0, 503, 504, 505]",506.0,,,Global
2008-04-21 16:00:00,42298,drift,"[0, 96, 97, 101]",,,,Northeast
2008-04-21 16:00:00,42298,promotion,"[0, 96, 97, 102]",,102.0,101.0,Northeast
2008-04-21 19:00:00,1013498,drift,"[0, 503, 504, 505]",,,,Global
2008-04-21 19:00:00,1013498,promotion,"[0, 503, 504, 506]",,506.0,505.0,Global
2008-04-21 20:00:00,1013722,warning,"[0, 503, 504, 506]",507.0,,,Global
2008-04-21 20:00:00,138298,drift,"[0, 223, 224, 227]",,,,Midwest
2008-04-21 20:00:00,138298,promotion,"[0, 223, 227, 228]",,228.0,224.0,Midwest
2008-04-21 20:00:00,42394,warning,"[0, 96, 97, 102]",103.0,,,Northeast
2008-04-21 21:00:00,473498,drift,"[0, 112, 113, 117]",,,,West
2008-04-21 21:00:00,473498,promotion,"[0, 112, 113, 118]",,118.0,117.0,West
2008-04-21 21:00:00,138394,warning,"[0, 223, 227, 228]",229.0,,,Midwest
2008-04-21 22:00:00,473722,warning,"[0, 112, 113, 118]",119.0,,,West
2008-04-22 07:00:00,1015498,drift,"[0, 503, 504, 506]",,,,Global
2008-04-22 07:00:00,1015498,promotion,"[0, 503, 504, 507]",,507.0,506.0,Global
2008-04-22 07:00:00,1015722,warning,"[0, 503, 504, 507]",508.0,,,Global
2008-04-22 08:00:00,473498,drift,"[0, 111, 112, 117]",,,,South
2008-04-22 08:00:00,473498,promotion,"[0, 111, 112, 118]",,118.0,117.0,South
2008-04-22 08:00:00,473658,warning,"[0, 111, 112, 118]",119.0,,,South
2008-04-22 10:00:00,1017498,drift,"[0, 503, 504, 507]",,,,Global
2008-04-22 10:00:00,1017498,promotion,"[0, 503, 507, 508]",,508.0,504.0,Global
2008-04-22 10:00:00,1017626,warning,"[0, 503, 507, 508]",509.0,,,Global
2008-04-22 10:00:00,138898,drift,"[0, 223, 227, 228]",,,,Midwest
2008-04-22 10:00:00,138898,promotion,"[0, 227, 228, 229]",,229.0,223.0,Midwest
2008-04-22 12:00:00,139090,warning,"[0, 227, 228, 229]",230.0,,,Midwest
2008-04-22 13:00:00,1019498,drift,"[0, 503, 507, 508]",,,,Global
2008-04-22 13:00:00,1019498,promotion,"[0, 507, 508, 509]",,509.0,503.0,Global
2008-04-22 13:00:00,1019658,warning,"[0, 507, 508, 509]",510.0,,,Global
2008-04-22 15:00:00,42698,drift,"[0, 96, 97, 102]",,,,Northeast
2008-04-22 15:00:00,42698,promotion,"[0, 96, 97, 103]",,103.0,102.0,Northeast
2008-04-22 17:00:00,139498,drift,"[0, 227, 228, 229]",,,,Midwest
2008-04-22 17:00:00,139498,promotion,"[0, 228, 229, 230]",,230.0,227.0,Midwest
2008-04-22 17:00:00,1021498,drift,"[0, 507, 508, 509]",,,,Global
2008-04-22 17:00:00,1021498,promotion,"[0, 507, 508, 510]",,510.0,509.0,Global
2008-04-22 17:00:00,1021594,warning,"[0, 507, 508, 510]",511.0,,,Global
2008-04-22 18:00:00,139594,warning,"[0, 228, 229, 230]",231.0,,,Midwest
2008-04-22 20:00:00,477498,drift,"[0, 112, 113, 118]",,,,West
2008-04-22 20:00:00,477498,promotion,"[0, 112, 118, 119]",,119.0,113.0,West
2008-04-22 21:00:00,1023498,drift,"[0, 507, 508, 510]",,,,Global
2008-04-22 21:00:00,1023498,promotion,"[0, 507, 508, 511]",,511.0,510.0,Global
2008-04-22 21:00:00,477690,warning,"[0, 112, 118, 119]",120.0,,,West
2008-04-22 21:00:00,42826,warning,"[0, 96, 97, 103]",104.0,,,Northeast
2008-04-22 21:00:00,1023754,warning,"[0, 507, 508, 511]",512.0,,,Global
2008-04-23 06:00:00,477498,drift,"[0, 111, 112, 118]",,,,South
2008-04-23 06:00:00,477498,promotion,"[0, 111, 118, 119]",,119.0,112.0,South
2008-04-23 07:00:00,477722,warning,"[0, 111, 118, 119]",120.0,,,South
2008-04-23 07:00:00,140098,drift,"[0, 228, 229, 230]",,,,Midwest
2008-04-23 07:00:00,140098,promotion,"[0, 228, 230, 231]",,231.0,229.0,Midwest
2008-04-23 08:00:00,1025498,drift,"[0, 507, 508, 511]",,,,Global
2008-04-23 08:00:00,1025498,promotion,"[0, 507, 508, 512]",,512.0,511.0,Global
2008-04-23 08:00:00,140162,warning,"[0, 228, 230, 231]",232.0,,,Midwest
2008-04-23 08:00:00,1025754,warning,"[0, 507, 508, 512]",513.0,,,Global
2008-04-23 11:00:00,1027498,drift,"[0, 507, 508, 512]",,,,Global
2008-04-23 11:00:00,1027498,promotion,"[0, 507, 508, 513]",,513.0,512.0,Global
2008-04-23 11:00:00,1027626,warning,"[0, 507, 508, 513]",514.0,,,Global
2008-04-23 14:00:00,140698,drift,"[0, 228, 230, 231]",,,,Midwest
2008-04-23 14:00:00,140698,promotion,"[0, 228, 230, 232]",,232.0,231.0,Midwest
2008-04-23 14:00:00,1029498,drift,"[0, 507, 508, 513]",,,,Global
2008-04-23 14:00:00,1029498,promotion,"[0, 507, 508, 514]",,514.0,513.0,Global
2008-04-23 14:00:00,1029594,warning,"[0, 507, 508, 514]",515.0,,,Global
2008-04-23 15:00:00,43098,drift,"[0, 96, 97, 103]",,,,Northeast
2008-04-23 15:00:00,43098,promotion,"[0, 96, 103, 104]",,104.0,97.0,Northeast
2008-04-23 15:00:00,140794,warning,"[0, 228, 230, 232]",233.0,,,Midwest
2008-04-23 17:00:00,1031498,drift,"[0, 507, 508, 514]",,,,Global
2008-04-23 17:00:00,1031498,promotion,"[0, 507, 508, 515]",,515.0,514.0,Global
2008-04-23 18:00:00,1031626,warning,"[0, 507, 508, 515]",516.0,,,Global
2008-04-23 18:00:00,481498,drift,"[0, 112, 118, 119]",,,,West
2008-04-23 18:00:00,481498,promotion,"[0, 118, 119, 120]",,120.0,112.0,West
2008-04-23 19:00:00,481690,warning,"[0, 118, 119, 120]",121.0,,,West
2008-04-23 20:00:00,43226,warning,"[0, 96, 103, 104]",105.0,,,Northeast
2008-04-23 20:00:00,141298,drift,"[0, 228, 230, 232]",,,,Midwest
2008-04-23 20:00:00,141298,promotion,"[0, 228, 230, 233]",,233.0,232.0,Midwest
2008-04-23 21:00:00,481498,drift,"[0, 111, 118, 119]",,,,South
2008-04-23 21:00:00,481498,promotion,"[0, 118, 119, 120]",,120.0,111.0,South
2008-04-23 21:00:00,481562,warning,"[0, 118, 119, 120]",121.0,,,South
2008-04-23 23:00:00,1033498,drift,"[0, 507, 508, 515]",,,,Global
2008-04-23 23:00:00,1033498,promotion,"[0, 507, 508, 516]",,516.0,515.0,Global
2008-04-24 06:00:00,1033626,warning,"[0, 507, 508, 516]",517.0,,,Global
2008-04-24 06:00:00,141490,warning,"[0, 228, 230, 233]",234.0,,,Midwest
2008-04-24 08:00:00,1035498,drift,"[0, 507, 508, 516]",,,,Global
2008-04-24 08:00:00,1035498,promotion,"[0, 507, 508, 517]",,517.0,516.0,Global
2008-04-24 08:00:00,1035626,warning,"[0, 507, 508, 517]",518.0,,,Global
2008-04-24 10:00:00,141898,drift,"[0, 228, 230, 233]",,,,Midwest
2008-04-24 10:00:00,141898,promotion,"[0, 228, 233, 234]",,234.0,230.0,Midwest
2008-04-24 11:00:00,1037498,drift,"[0, 507, 508, 517]",,,,Global
2008-04-24 11:00:00,1037498,promotion,"[0, 507, 508, 518]",,518.0,517.0,Global
2008-04-24 11:00:00,1037626,warning,"[0, 507, 508, 518]",519.0,,,Global
2008-04-24 12:00:00,142026,warning,"[0, 228, 233, 234]",235.0,,,Midwest
2008-04-24 14:00:00,43498,drift,"[0, 96, 103, 104]",,,,Northeast
2008-04-24 14:00:00,43498,promotion,"[0, 103, 104, 105]",,105.0,96.0,Northeast
2008-04-24 15:00:00,1039498,drift,"[0, 507, 508, 518]",,,,Global
2008-04-24 15:00:00,1039498,promotion,"[0, 507, 508, 519]",,519.0,518.0,Global
2008-04-24 15:00:00,1039594,warning,"[0, 507, 508, 519]",520.0,,,Global
2008-04-24 17:00:00,142498,drift,"[0, 228, 233, 234]",,,,Midwest
2008-04-24 17:00:00,142498,promotion,"[0, 228, 233, 235]",,235.0,234.0,Midwest
2008-04-24 17:00:00,485498,drift,"[0, 118, 119, 120]",,,,West
2008-04-24 17:00:00,485498,promotion,"[0, 119, 120, 121]",,121.0,118.0,West
2008-04-24 17:00:00,485594,warning,"[0, 119, 120, 121]",122.0,,,West
2008-04-24 18:00:00,142562,warning,"[0, 228, 233, 235]",236.0,,,Midwest
2008-04-24 18:00:00,1041498,drift,"[0, 507, 508, 519]",,,,Global
2008-04-24 18:00:00,1041498,promotion,"[0, 507, 519, 520]",,520.0,508.0,Global
2008-04-24 18:00:00,1041594,warning,"[0, 507, 519, 520]",521.0,,,Global
2008-04-24 18:00:00,485498,drift,"[0, 118, 119, 120]",,,,South
2008-04-24 18:00:00,485498,promotion,"[0, 118, 119, 121]",,121.0,120.0,South
2008-04-24 19:00:00,485690,warning,"[0, 118, 119, 121]",122.0,,,South
2008-04-24 20:00:00,43658,warning,"[0, 103, 104, 105]",106.0,,,Northeast
2008-04-25 06:00:00,1043498,drift,"[0, 507, 519, 520]",,,,Global
2008-04-25 06:00:00,1043498,promotion,"[0, 507, 519, 521]",,521.0,520.0,Global
2008-04-25 06:00:00,1043626,warning,"[0, 507, 519, 521]",522.0,,,Global
2008-04-25 08:00:00,143098,drift,"[0, 228, 233, 235]",,,,Midwest
2008-04-25 08:00:00,143098,promotion,"[0, 228, 235, 236]",,236.0,233.0,Midwest
2008-04-25 09:00:00,1045498,drift,"[0, 507, 519, 521]",,,,Global
2008-04-25 09:00:00,1045498,promotion,"[0, 519, 521, 522]",,522.0,507.0,Global
2008-04-25 09:00:00,143194,warning,"[0, 228, 235, 236]",237.0,,,Midwest
2008-04-25 09:00:00,1045722,warning,"[0, 519, 521, 522]",523.0,,,Global
2008-04-25 12:00:00,1047498,drift,"[0, 519, 521, 522]",,,,Global
2008-04-25 12:00:00,1047498,promotion,"[0, 519, 521, 523]",,523.0,522.0,Global
2008-04-25 12:00:00,1047626,warning,"[0, 519, 521, 523]",524.0,,,Global
2008-04-25 13:00:00,43898,drift,"[0, 103, 104, 105]",,,,Northeast
2008-04-25 13:00:00,43898,promotion,"[0, 103, 105, 106]",,106.0,104.0,Northeast
2008-04-25 15:00:00,143698,drift,"[0, 228, 235, 236]",,,,Midwest
2008-04-25 15:00:00,143698,promotion,"[0, 228, 235, 237]",,237.0,236.0,Midwest
2008-04-25 15:00:00,1049498,drift,"[0, 519, 521, 523]",,,,Global
2008-04-25 15:00:00,1049498,promotion,"[0, 519, 521, 524]",,524.0,523.0,Global
2008-04-25 16:00:00,1049658,warning,"[0, 519, 521, 524]",525.0,,,Global
2008-04-25 16:00:00,489498,drift,"[0, 119, 120, 121]",,,,West
2008-04-25 16:00:00,489498,promotion,"[0, 119, 120, 122]",,122.0,121.0,West
2008-04-25 16:00:00,143762,warning,"[0, 228, 235, 237]",238.0,,,Midwest
2008-04-25 16:00:00,489594,warning,"[0, 119, 120, 122]",123.0,,,West
2008-04-25 17:00:00,489498,drift,"[0, 118, 119, 121]",,,,South
2008-04-25 17:00:00,489498,promotion,"[0, 118, 119, 122]",,122.0,121.0,South
2008-04-25 17:00:00,44026,warning,"[0, 103, 105, 106]",107.0,,,Northeast
2008-04-25 18:00:00,489786,warning,"[0, 118, 119, 122]",123.0,,,South
2008-04-25 19:00:00,1051498,drift,"[0, 519, 521, 524]",,,,Global
2008-04-25 19:00:00,1051498,promotion,"[0, 519, 521, 525]",,525.0,524.0,Global
2008-04-25 19:00:00,1051594,warning,"[0, 519, 521, 525]",526.0,,,Global
2008-04-26 07:00:00,1053498,drift,"[0, 519, 521, 525]",,,,Global
2008-04-26 07:00:00,1053498,promotion,"[0, 519, 521, 526]",,526.0,525.0,Global
2008-04-26 07:00:00,1053626,warning,"[0, 519, 521, 526]",527.0,,,Global
2008-04-26 08:00:00,144298,drift,"[0, 228, 235, 237]",,,,Midwest
2008-04-26 08:00:00,144298,promotion,"[0, 228, 235, 238]",,238.0,237.0,Midwest
2008-04-26 09:00:00,144362,warning,"[0, 228, 235, 238]",239.0,,,Midwest
2008-04-26 10:00:00,1055498,drift,"[0, 519, 521, 526]",,,,Global
2008-04-26 10:00:00,1055498,promotion,"[0, 519, 521, 527]",,527.0,526.0,Global
2008-04-26 11:00:00,1055978,warning,"[0, 519, 521, 527]",528.0,,,Global
2008-04-26 14:00:00,1057498,drift,"[0, 519, 521, 527]",,,,Global
2008-04-26 14:00:00,1057498,promotion,"[0, 519, 527, 528]",,528.0,521.0,Global
2008-04-26 14:00:00,1057562,warning,"[0, 519, 527, 528]",529.0,,,Global
2008-04-26 14:00:00,44298,drift,"[0, 103, 105, 106]",,,,Northeast
2008-04-26 14:00:00,44298,promotion,"[0, 105, 106, 107]",,107.0,103.0,Northeast
2008-04-26 15:00:00,493498,drift,"[0, 119, 120, 122]",,,,West
2008-04-26 15:00:00,493498,promotion,"[0, 119, 120, 123]",,123.0,122.0,West
2008-04-26 16:00:00,493626,warning,"[0, 119, 120, 123]",124.0,,,West
2008-04-26 16:00:00,144898,drift,"[0, 228, 235, 238]",,,,Midwest
2008-04-26 16:00:00,144898,promotion,"[0, 228, 235, 239]",,239.0,238.0,Midwest
2008-04-26 17:00:00,493498,drift,"[0, 118, 119, 122]",,,,South
2008-04-26 17:00:00,493498,promotion,"[0, 118, 119, 123]",,123.0,122.0,South
2008-04-26 17:00:00,493626,warning,"[0, 118, 119, 123]",124.0,,,South
2008-04-26 17:00:00,144994,warning,"[0, 228, 235, 239]",240.0,,,Midwest
2008-04-26 18:00:00,1059498,drift,"[0, 519, 527, 528]",,,,Global
2008-04-26 18:00:00,1059498,promotion,"[0, 527, 528, 529]",,529.0,519.0,Global
2008-04-26 18:00:00,1059594,warning,"[0, 527, 528, 529]",530.0,,,Global
2008-04-26 20:00:00,44394,warning,"[0, 105, 106, 107]",108.0,,,Northeast
2008-04-27 07:00:00,1061498,drift,"[0, 527, 528, 529]",,,,Global
2008-04-27 07:00:00,1061498,promotion,"[0, 527, 528, 530]",,530.0,529.0,Global
2008-04-27 07:00:00,1061658,warning,"[0, 527, 528, 530]",531.0,,,Global
2008-04-27 10:00:00,145498,drift,"[0, 228, 235, 239]",,,,Midwest
2008-04-27 10:00:00,145498,promotion,"[0, 228, 239, 240]",,240.0,235.0,Midwest
2008-04-27 10:00:00,1063498,drift,"[0, 527, 528, 530]",,,,Global
2008-04-27 10:00:00,1063498,promotion,"[0, 527, 530, 531]",,531.0,528.0,Global
2008-04-27 10:00:00,1063594,warning,"[0, 527, 530, 531]",532.0,,,Global
2008-04-27 11:00:00,145594,warning,"[0, 228, 239, 240]",241.0,,,Midwest
2008-04-27 13:00:00,1065498,drift,"[0, 527, 530, 531]",,,,Global
2008-04-27 13:00:00,1065498,promotion,"[0, 530, 531, 532]",,532.0,527.0,Global
2008-04-27 14:00:00,1065722,warning,"[0, 530, 531, 532]",533.0,,,Global
2008-04-27 16:00:00,497498,drift,"[0, 119, 120, 123]",,,,West
2008-04-27 16:00:00,497498,promotion,"[0, 119, 120, 124]",,124.0,123.0,West
2008-04-27 17:00:00,146098,drift,"[0, 228, 239, 240]",,,,Midwest
2008-04-27 17:00:00,146098,promotion,"[0, 228, 239, 241]",,241.0,240.0,Midwest
2008-04-27 17:00:00,497594,warning,"[0, 119, 120, 124]",125.0,,,West
2008-04-27 17:00:00,497498,drift,"[0, 118, 119, 123]",,,,South
2008-04-27 17:00:00,497498,promotion,"[0, 118, 119, 124]",,124.0,123.0,South
2008-04-27 17:00:00,1067498,drift,"[0, 530, 531, 532]",,,,Global
2008-04-27 17:00:00,1067498,promotion,"[0, 530, 531, 533]",,533.0,532.0,Global
2008-04-27 17:00:00,1067626,warning,"[0, 530, 531, 533]",534.0,,,Global
2008-04-27 17:00:00,497594,warning,"[0, 118, 119, 124]",125.0,,,South
2008-04-27 18:00:00,146258,warning,"[0, 228, 239, 241]",242.0,,,Midwest
2008-04-27 19:00:00,44698,drift,"[0, 105, 106, 107]",,,,Northeast
2008-04-27 19:00:00,44698,promotion,"[0, 105, 106, 108]",,108.0,107.0,Northeast
2008-04-27 21:00:00,1069498,drift,"[0, 530, 531, 533]",,,,Global
2008-04-27 21:00:00,1069498,promotion,"[0, 530, 531, 534]",,534.0,533.0,Global
2008-04-27 21:00:00,1069690,warning,"[0, 530, 531, 534]",535.0,,,Global
2008-04-28 07:00:00,146698,drift,"[0, 228, 239, 241]",,,,Midwest
2008-04-28 07:00:00,146698,promotion,"[0, 228, 239, 242]",,242.0,241.0,Midwest
2008-04-28 07:00:00,1071498,drift,"[0, 530, 531, 534]",,,,Global
2008-04-28 07:00:00,1071498,promotion,"[0, 531, 534, 535]",,535.0,530.0,Global
2008-04-28 08:00:00,1071626,warning,"[0, 531, 534, 535]",536.0,,,Global
2008-04-28 08:00:00,44858,warning,"[0, 105, 106, 108]",109.0,,,Northeast
2008-04-28 09:00:00,146858,warning,"[0, 228, 239, 242]",243.0,,,Midwest
2008-04-28 11:00:00,1073498,drift,"[0, 531, 534, 535]",,,,Global
2008-04-28 11:00:00,1073498,promotion,"[0, 531, 534, 536]",,536.0,535.0,Global
2008-04-28 11:00:00,1073658,warning,"[0, 531, 534, 536]",537.0,,,Global
2008-04-28 14:00:00,147298,drift,"[0, 228, 239, 242]",,,,Midwest
2008-04-28 14:00:00,147298,promotion,"[0, 228, 242, 243]",,243.0,239.0,Midwest
2008-04-28 14:00:00,1075498,drift,"[0, 531, 534, 536]",,,,Global
2008-04-28 14:00:00,1075498,promotion,"[0, 531, 534, 537]",,537.0,536.0,Global
2008-04-28 14:00:00,1075626,warning,"[0, 531, 534, 537]",538.0,,,Global
2008-04-28 14:00:00,147362,warning,"[0, 228, 242, 243]",244.0,,,Midwest
2008-04-28 15:00:00,501498,drift,"[0, 119, 120, 124]",,,,West
2008-04-28 15:00:00,501498,promotion,"[0, 119, 120, 125]",,125.0,124.0,West
2008-04-28 15:00:00,501498,drift,"[0, 118, 119, 124]",,,,South
2008-04-28 15:00:00,501498,promotion,"[0, 118, 119, 125]",,125.0,124.0,South
2008-04-28 15:00:00,501626,warning,"[0, 118, 119, 125]",126.0,,,South
2008-04-28 15:00:00,501626,warning,"[0, 119, 120, 125]",126.0,,,West
2008-04-28 17:00:00,1077498,drift,"[0, 531, 534, 537]",,,,Global
2008-04-28 17:00:00,1077498,promotion,"[0, 534, 537, 538]",,538.0,531.0,Global
2008-04-28 18:00:00,1077690,warning,"[0, 534, 537, 538]",539.0,,,Global
2008-04-28 21:00:00,147898,drift,"[0, 228, 242, 243]",,,,Midwest
2008-04-28 21:00:00,147898,promotion,"[0, 228, 242, 244]",,244.0,243.0,Midwest
2008-04-29 05:00:00,45098,drift,"[0, 105, 106, 108]",,,,Northeast
2008-04-29 05:00:00,45098,promotion,"[0, 105, 106, 109]",,109.0,108.0,Northeast
2008-04-29 06:00:00,147962,warning,"[0, 228, 242, 244]",245.0,,,Midwest
2008-04-29 06:00:00,1079498,drift,"[0, 534, 537, 538]",,,,Global
2008-04-29 06:00:00,1079498,promotion,"[0, 534, 537, 539]",,539.0,538.0,Global
2008-04-29 06:00:00,1079562,warning,"[0, 534, 537, 539]",540.0,,,Global
2008-04-29 07:00:00,45162,warning,"[0, 105, 106, 109]",110.0,,,Northeast
2008-04-29 08:00:00,1081498,drift,"[0, 534, 537, 539]",,,,Global
2008-04-29 08:00:00,1081498,promotion,"[0, 534, 539, 540]",,540.0,537.0,Global
2008-04-29 09:00:00,1081626,warning,"[0, 534, 539, 540]",541.0,,,Global
2008-04-29 11:00:00,148498,drift,"[0, 228, 242, 244]",,,,Midwest
2008-04-29 11:00:00,148498,promotion,"[0, 242, 244, 245]",,245.0,228.0,Midwest
2008-04-29 12:00:00,1083498,drift,"[0, 534, 539, 540]",,,,Global
2008-04-29 12:00:00,1083498,promotion,"[0, 539, 540, 541]",,541.0,534.0,Global
2008-04-29 12:00:00,1083658,warning,"[0, 539, 540, 541]",542.0,,,Global
2008-04-29 13:00:00,148658,warning,"[0, 242, 244, 245]",246.0,,,Midwest
2008-04-29 13:00:00,505498,drift,"[0, 118, 119, 125]",,,,South
2008-04-29 13:00:00,505498,promotion,"[0, 118, 125, 126]",,126.0,119.0,South
2008-04-29 14:00:00,505498,drift,"[0, 119, 120, 125]",,,,West
2008-04-29 14:00:00,505498,promotion,"[0, 120, 125, 126]",,126.0,119.0,West
2008-04-29 14:00:00,505722,warning,"[0, 118, 125, 126]",127.0,,,South
2008-04-29 14:00:00,505594,warning,"[0, 120, 125, 126]",127.0,,,West
2008-04-29 15:00:00,1085498,drift,"[0, 539, 540, 541]",,,,Global
2008-04-29 15:00:00,1085498,promotion,"[0, 540, 541, 542]",,542.0,539.0,Global
2008-04-29 15:00:00,1085658,warning,"[0, 540, 541, 542]",543.0,,,Global
2008-04-29 17:00:00,149098,drift,"[0, 242, 244, 245]",,,,Midwest
2008-04-29 17:00:00,149098,promotion,"[0, 244, 245, 246]",,246.0,242.0,Midwest
2008-04-29 19:00:00,1087498,drift,"[0, 540, 541, 542]",,,,Global
2008-04-29 19:00:00,1087498,promotion,"[0, 540, 541, 543]",,543.0,542.0,Global
2008-04-29 19:00:00,1087818,warning,"[0, 540, 541, 543]",544.0,,,Global
2008-04-29 21:00:00,149386,warning,"[0, 244, 245, 246]",247.0,,,Midwest
2008-04-29 22:00:00,45498,drift,"[0, 105, 106, 109]",,,,Northeast
2008-04-29 22:00:00,45498,promotion,"[0, 105, 106, 110]",,110.0,109.0,Northeast
2008-04-30 06:00:00,1089498,drift,"[0, 540, 541, 543]",,,,Global
2008-04-30 06:00:00,1089498,promotion,"[0, 540, 541, 544]",,544.0,543.0,Global
2008-04-30 06:00:00,1089594,warning,"[0, 540, 541, 544]",545.0,,,Global
2008-04-30 07:00:00,45562,warning,"[0, 105, 106, 110]",111.0,,,Northeast
2008-04-30 08:00:00,149698,drift,"[0, 244, 245, 246]",,,,Midwest
2008-04-30 08:00:00,149698,promotion,"[0, 245, 246, 247]",,247.0,244.0,Midwest
2008-04-30 09:00:00,149826,warning,"[0, 245, 246, 247]",248.0,,,Midwest
2008-04-30 09:00:00,1091498,drift,"[0, 540, 541, 544]",,,,Global
2008-04-30 09:00:00,1091498,promotion,"[0, 540, 541, 545]",,545.0,544.0,Global
2008-04-30 10:00:00,1091626,warning,"[0, 540, 541, 545]",546.0,,,Global
2008-04-30 12:00:00,509498,drift,"[0, 118, 125, 126]",,,,South
2008-04-30 12:00:00,509498,promotion,"[0, 125, 126, 127]",,127.0,118.0,South
2008-04-30 12:00:00,509626,warning,"[0, 125, 126, 127]",128.0,,,South
2008-04-30 13:00:00,1093498,drift,"[0, 540, 541, 545]",,,,Global
2008-04-30 13:00:00,1093498,promotion,"[0, 540, 541, 546]",,546.0,545.0,Global
2008-04-30 13:00:00,509498,drift,"[0, 120, 125, 126]",,,,West
2008-04-30 13:00:00,509498,promotion,"[0, 125, 126, 127]",,127.0,120.0,West
2008-04-30 13:00:00,1093626,warning,"[0, 540, 541, 546]",547.0,,,Global
2008-04-30 13:00:00,509594,warning,"[0, 125, 126, 127]",128.0,,,West
2008-04-30 14:00:00,150298,drift,"[0, 245, 246, 247]",,,,Midwest
2008-04-30 14:00:00,150298,promotion,"[0, 246, 247, 248]",,248.0,245.0,Midwest
2008-04-30 16:00:00,150426,warning,"[0, 246, 247, 248]",249.0,,,Midwest
2008-04-30 16:00:00,1095498,drift,"[0, 540, 541, 546]",,,,Global
2008-04-30 16:00:00,1095498,promotion,"[0, 540, 546, 547]",,547.0,541.0,Global
2008-04-30 16:00:00,1095626,warning,"[0, 540, 546, 547]",548.0,,,Global
2008-04-30 19:00:00,1097498,drift,"[0, 540, 546, 547]",,,,Global
2008-04-30 19:00:00,1097498,promotion,"[0, 546, 547, 548]",,548.0,540.0,Global
2008-04-30 20:00:00,1097690,warning,"[0, 546, 547, 548]",549.0,,,Global
2008-04-30 20:00:00,45898,drift,"[0, 105, 106, 110]",,,,Northeast
2008-04-30 20:00:00,45898,promotion,"[0, 106, 110, 111]",,111.0,105.0,Northeast
2008-04-30 22:00:00,150898,drift,"[0, 246, 247, 248]",,,,Midwest
2008-04-30 22:00:00,150898,promotion,"[0, 247, 248, 249]",,249.0,246.0,Midwest
