timestamp,n_seen,event_type,ensemble_ids,shadow_id,promoted_id,evicted_id,district
2008-01-01 08:00:00,1594,warning,[0],1.0,,,Global
2008-01-01 11:00:00,3498,drift,[0],,,,Global
2008-01-01 11:00:00,3498,promotion,"[0, 1]",,1.0,,Global
2008-01-01 12:00:00,3626,warning,"[0, 1]",2.0,,,Global
2008-01-01 12:00:00,1594,warning,[0],1.0,,,West
2008-01-01 12:00:00,1594,warning,[0],1.0,,,South
2008-01-01 15:00:00,5498,drift,"[0, 1]",,,,Global
2008-01-01 15:00:00,5498,promotion,"[0, 1, 2]",,2.0,,Global
2008-01-01 15:00:00,5594,warning,"[0, 1, 2]",3.0,,,Global
2008-01-01 18:00:00,7498,drift,"[0, 1, 2]",,,,Global
2008-01-01 18:00:00,7498,promotion,"[0, 1, 2, 3]",,3.0,,Global
2008-01-01 18:00:00,7562,warning,"[0, 1, 2, 3]",4.0,,,Global
2008-01-02 06:00:00,9498,drift,"[0, 1, 2, 3]",,,,Global
2008-01-02 06:00:00,9498,promotion,"[0, 1, 3, 4]",,4.0,2.0,Global
2008-01-02 06:00:00,9562,warning,"[0, 1, 3, 4]",5.0,,,Global
2008-01-02 09:00:00,11498,drift,"[0, 1, 3, 4]",,,,Global
2008-01-02 09:00:00,11498,promotion,"[0, 3, 4, 5]",,5.0,1.0,Global
2008-01-02 09:00:00,11562,warning,"[0, 3, 4, 5]",6.0,,,Global
2008-01-02 10:00:00,5498,drift,[0],,,,West
2008-01-02 10:00:00,5498,promotion,"[0, 1]",,1.0,,West
2008-01-02 10:00:00,5594,warning,"[0, 1]",2.0,,,West
2008-01-02 11:00:00,5498,drift,[0],,,,South
2008-01-02 11:00:00,5498,promotion,"[0, 1]",,1.0,,South
2008-01-02 11:00:00,5562,warning,"[0, 1]",2.0,,,South
2008-01-02 11:00:00,1562,warning,[0],1.0,,,Midwest
2008-01-02 12:00:00,13498,drift,"[0, 3, 4, 5]",,,,Global
2008-01-02 12:00:00,13498,promotion,"[0, 3, 5, 6]",,6.0,4.0,Global
2008-01-02 12:00:00,13530,warning,"[0, 3, 5, 6]",7.0,,,Global
2008-01-02 15:00:00,15498,drift,"[0, 3, 5, 6]",,,,Global
2008-01-02 15:00:00,15498,promotion,"[0, 3, 5, 7]",,7.0,6.0,Global
2008-01-02 16:00:00,15562,warning,"[0, 3, 5, 7]",8.0,,,Global
2008-01-02 18:00:00,2098,drift,[0],,,,Midwest
2008-01-02 18:00:00,2098,promotion,"[0, 1]",,1.0,,Midwest
2008-01-02 19:00:00,2162,warning,"[0, 1]",2.0,,,Midwest
2008-01-02 19:00:00,17498,drift,"[0, 3, 5, 7]",,,,Global
2008-01-02 19:00:00,17498,promotion,"[0, 3, 5, 8]",,8.0,7.0,Global
2008-01-02 19:00:00,17594,warning,"[0, 3, 5, 8]",9.0,,,Global
2008-01-03 06:00:00,19498,drift,"[0, 3, 5, 8]",,,,Global
2008-01-03 06:00:00,19498,promotion,"[0, 3, 5, 9]",,9.0,8.0,Global
2008-01-03 06:00:00,19562,warning,"[0, 3, 5, 9]",10.0,,,Global
2008-01-03 08:00:00,9498,drift,"[0, 1]",,,,West
2008-01-03 08:00:00,9498,promotion,"[0, 1, 2]",,2.0,,West
2008-01-03 08:00:00,9594,warning,"[0, 1, 2]",3.0,,,West
2008-01-03 09:00:00,21498,drift,"[0, 3, 5, 9]",,,,Global
2008-01-03 09:00:00,21498,promotion,"[0, 3, 5, 10]",,10.0,9.0,Global
2008-01-03 09:00:00,9498,drift,"[0, 1]",,,,South
2008-01-03 09:00:00,9498,promotion,"[0, 1, 2]",,2.0,,South
2008-01-03 09:00:00,2698,drift,"[0, 1]",,,,Midwest
2008-01-03 09:00:00,2698,promotion,"[0, 1, 2]",,2.0,,Midwest
2008-01-03 09:00:00,21626,warning,"[0, 3, 5, 10]",11.0,,,Global
2008-01-03 10:00:00,9626,warning,"[0, 1, 2]",3.0,,,South
2008-01-03 10:00:00,2762,warning,"[0, 1, 2]",3.0,,,Midwest
2008-01-03 12:00:00,23498,drift,"[0, 3, 5, 10]",,,,Global
2008-01-03 12:00:00,23498,promotion,"[0, 5, 10, 11]",,11.0,3.0,Global
2008-01-03 13:00:00,23562,warning,"[0, 5, 10, 11]",12.0,,,Global
2008-01-03 16:00:00,25498,drift,"[0, 5, 10, 11]",,,,Global
2008-01-03 16:00:00,25498,promotion,"[0, 5, 10, 12]",,12.0,11.0,Global
2008-01-03 16:00:00,25594,warning,"[0, 5, 10, 12]",13.0,,,Global
2008-01-03 16:00:00,3298,drift,"[0, 1, 2]",,,,Midwest
2008-01-03 16:00:00,3298,promotion,"[0, 1, 2, 3]",,3.0,,Midwest
2008-01-03 18:00:00,3394,warning,"[0, 1, 2, 3]",4.0,,,Midwest
2008-01-03 19:00:00,27498,drift,"[0, 5, 10, 12]",,,,Global
2008-01-03 19:00:00,27498,promotion,"[0, 5, 10, 13]",,13.0,12.0,Global
2008-01-03 19:00:00,27562,warning,"[0, 5, 10, 13]",14.0,,,Global
2008-01-04 06:00:00,13498,drift,"[0, 1, 2]",,,,West
2008-01-04 06:00:00,13498,promotion,"[0, 1, 2, 3]",,3.0,,West
2008-01-04 06:00:00,29498,drift,"[0, 5, 10, 13]",,,,Global
2008-01-04 06:00:00,29498,promotion,"[0, 10, 13, 14]",,14.0,5.0,Global
2008-01-04 07:00:00,29562,warning,"[0, 10, 13, 14]",15.0,,,Global
2008-01-04 07:00:00,13594,warning,"[0, 1, 2, 3]",4.0,,,West
2008-01-04 08:00:00,13498,drift,"[0, 1, 2]",,,,South
2008-01-04 08:00:00,13498,promotion,"[0, 1, 2, 3]",,3.0,,South
2008-01-04 08:00:00,3898,drift,"[0, 1, 2, 3]",,,,Midwest
2008-01-04 08:00:00,3898,promotion,"[0, 1, 3, 4]",,4.0,2.0,Midwest
2008-01-04 08:00:00,13626,warning,"[0, 1, 2, 3]",4.0,,,South
2008-01-04 09:00:00,3962,warning,"[0, 1, 3, 4]",5.0,,,Midwest
2008-01-04 09:00:00,31498,drift,"[0, 10, 13, 14]",,,,Global
2008-01-04 09:00:00,31498,promotion,"[0, 13, 14, 15]",,15.0,10.0,Global
2008-01-04 09:00:00,31562,warning,"[0, 13, 14, 15]",16.0,,,Global
2008-01-04 13:00:00,33498,drift,"[0, 13, 14, 15]",,,,Global
2008-01-04 13:00:00,33498,promotion,"[0, 14, 15, 16]",,16.0,13.0,Global
2008-01-04 13:00:00,33562,warning,"[0, 14, 15, 16]",17.0,,,Global
2008-01-04 15:00:00,4498,drift,"[0, 1, 3, 4]",,,,Midwest
2008-01-04 15:00:00,4498,promotion,"[0, 3, 4, 5]",,5.0,1.0,Midwest
2008-01-04 16:00:00,35498,drift,"[0, 14, 15, 16]",,,,Global
2008-01-04 16:00:00,35498,promotion,"[0, 15, 16, 17]",,17.0,14.0,Global
2008-01-04 16:00:00,35626,warning,"[0, 15, 16, 17]",18.0,,,Global
2008-01-04 17:00:00,4658,warning,"[0, 3, 4, 5]",6.0,,,Midwest
2008-01-04 19:00:00,37498,drift,"[0, 15, 16, 17]",,,,Global
2008-01-04 19:00:00,37498,promotion,"[0, 16, 17, 18]",,18.0,15.0,Global
2008-01-04 19:00:00,37562,warning,"[0, 16, 17, 18]",19.0,,,Global
2008-01-05 06:00:00,5098,drift,"[0, 3, 4, 5]",,,,Midwest
2008-01-05 06:00:00,5098,promotion,"[0, 3, 5, 6]",,6.0,4.0,Midwest
2008-01-05 06:00:00,17498,drift,"[0, 1, 2, 3]",,,,South
2008-01-05 06:00:00,17498,promotion,"[0, 2, 3, 4]",,4.0,1.0,South
2008-01-05 06:00:00,17498,drift,"[0, 1, 2, 3]",,,,West
2008-01-05 06:00:00,17498,promotion,"[0, 1, 2, 4]",,4.0,3.0,West
2008-01-05 07:00:00,17562,warning,"[0, 1, 2, 4]",5.0,,,West
2008-01-05 07:00:00,17658,warning,"[0, 2, 3, 4]",5.0,,,South
2008-01-05 07:00:00,39498,drift,"[0, 16, 17, 18]",,,,Global
2008-01-05 07:00:00,39498,promotion,"[0, 17, 18, 19]",,19.0,16.0,Global
2008-01-05 07:00:00,39594,warning,"[0, 17, 18, 19]",20.0,,,Global
2008-01-05 08:00:00,1562,warning,[0],1.0,,,Northeast
2008-01-05 08:00:00,5258,warning,"[0, 3, 5, 6]",7.0,,,Midwest
2008-01-05 10:00:00,41498,drift,"[0, 17, 18, 19]",,,,Global
2008-01-05 10:00:00,41498,promotion,"[0, 17, 18, 20]",,20.0,19.0,Global
2008-01-05 10:00:00,41594,warning,"[0, 17, 18, 20]",21.0,,,Global
2008-01-05 14:00:00,43498,drift,"[0, 17, 18, 20]",,,,Global
2008-01-05 14:00:00,43498,promotion,"[0, 17, 18, 21]",,21.0,20.0,Global
2008-01-05 14:00:00,43626,warning,"[0, 17, 18, 21]",22.0,,,Global
2008-01-05 14:00:00,5698,drift,"[0, 3, 5, 6]",,,,Midwest
2008-01-05 14:00:00,5698,promotion,"[0, 5, 6, 7]",,7.0,3.0,Midwest
2008-01-05 15:00:00,5762,warning,"[0, 5, 6, 7]",8.0,,,Midwest
2008-01-05 18:00:00,45498,drift,"[0, 17, 18, 21]",,,,Global
2008-01-05 18:00:00,45498,promotion,"[0, 17, 21, 22]",,22.0,18.0,Global
2008-01-05 18:00:00,45562,warning,"[0, 17, 21, 22]",23.0,,,Global
2008-01-06 06:00:00,47498,drift,"[0, 17, 21, 22]",,,,Global
2008-01-06 06:00:00,47498,promotion,"[0, 21, 22, 23]",,23.0,17.0,Global
2008-01-06 06:00:00,47562,warning,"[0, 21, 22, 23]",24.0,,,Global
2008-01-06 07:00:00,21498,drift,"[0, 1, 2, 4]",,,,West
2008-01-06 07:00:00,21498,promotion,"[0, 1, 2, 5]",,5.0,4.0,West
2008-01-06 07:00:00,21562,warning,"[0, 1, 2, 5]",6.0,,,West
2008-01-06 07:00:00,21498,drift,"[0, 2, 3, 4]",,,,South
2008-01-06 07:00:00,21498,promotion,"[0, 3, 4, 5]",,5.0,2.0,South
2008-01-06 08:00:00,21562,warning,"[0, 3, 4, 5]",6.0,,,South
2008-01-06 08:00:00,6298,drift,"[0, 5, 6, 7]",,,,Midwest
2008-01-06 08:00:00,6298,promotion,"[0, 5, 6, 8]",,8.0,7.0,Midwest
2008-01-06 09:00:00,6330,warning,"[0, 5, 6, 8]",9.0,,,Midwest
2008-01-06 09:00:00,49498,drift,"[0, 21, 22, 23]",,,,Global
2008-01-06 09:00:00,49498,promotion,"[0, 21, 22, 24]",,24.0,23.0,Global
2008-01-06 09:00:00,49594,warning,"[0, 21, 22, 24]",25.0,,,Global
2008-01-06 10:00:00,1898,drift,[0],,,,Northeast
2008-01-06 10:00:00,1898,promotion,"[0, 1]",,1.0,,Northeast
2008-01-06 13:00:00,51498,drift,"[0, 21, 22, 24]",,,,Global
2008-01-06 13:00:00,51498,promotion,"[0, 21, 22, 25]",,25.0,24.0,Global
2008-01-06 13:00:00,51594,warning,"[0, 21, 22, 25]",26.0,,,Global
2008-01-06 13:00:00,1962,warning,"[0, 1]",2.0,,,Northeast
2008-01-06 16:00:00,53498,drift,"[0, 21, 22, 25]",,,,Global
2008-01-06 16:00:00,53498,promotion,"[0, 21, 22, 26]",,26.0,25.0,Global
2008-01-06 16:00:00,53562,warning,"[0, 21, 22, 26]",27.0,,,Global
2008-01-06 17:00:00,6898,drift,"[0, 5, 6, 8]",,,,Midwest
2008-01-06 17:00:00,6898,promotion,"[0, 5, 6, 9]",,9.0,8.0,Midwest
2008-01-06 18:00:00,6930,warning,"[0, 5, 6, 9]",10.0,,,Midwest
2008-01-06 20:00:00,55498,drift,"[0, 21, 22, 26]",,,,Global
2008-01-06 20:00:00,55498,promotion,"[0, 21, 22, 27]",,27.0,26.0,Global
2008-01-06 20:00:00,55594,warning,"[0, 21, 22, 27]",28.0,,,Global
2008-01-07 06:00:00,25498,drift,"[0, 1, 2, 5]",,,,West
2008-01-07 06:00:00,25498,promotion,"[0, 1, 2, 6]",,6.0,5.0,West
2008-01-07 06:00:00,25562,warning,"[0, 1, 2, 6]",7.0,,,West
2008-01-07 06:00:00,25498,drift,"[0, 3, 4, 5]",,,,South
2008-01-07 06:00:00,25498,promotion,"[0, 3, 4, 6]",,6.0,5.0,South
2008-01-07 06:00:00,25530,warning,"[0, 3, 4, 6]",7.0,,,South
2008-01-07 07:00:00,57498,drift,"[0, 21, 22, 27]",,,,Global
2008-01-07 07:00:00,57498,promotion,"[0, 22, 27, 28]",,28.0,21.0,Global
2008-01-07 07:00:00,57562,warning,"[0, 22, 27, 28]",29.0,,,Global
2008-01-07 09:00:00,7498,drift,"[0, 5, 6, 9]",,,,Midwest
2008-01-07 09:00:00,7498,promotion,"[0, 5, 6, 10]",,10.0,9.0,Midwest
2008-01-07 10:00:00,59498,drift,"[0, 22, 27, 28]",,,,Global
2008-01-07 10:00:00,59498,promotion,"[0, 27, 28, 29]",,29.0,22.0,Global
2008-01-07 10:00:00,59562,warning,"[0, 27, 28, 29]",30.0,,,Global
2008-01-07 10:00:00,2298,drift,"[0, 1]",,,,Northeast
2008-01-07 10:00:00,2298,promotion,"[0, 1, 2]",,2.0,,Northeast
2008-01-07 12:00:00,7690,warning,"[0, 5, 6, 10]",11.0,,,Midwest
2008-01-07 13:00:00,2362,warning,"[0, 1, 2]",3.0,,,Northeast
2008-01-07 13:00:00,61498,drift,"[0, 27, 28, 29]",,,,Global
2008-01-07 13:00:00,61498,promotion,"[0, 27, 28, 30]",,30.0,29.0,Global
2008-01-07 14:00:00,61562,warning,"[0, 27, 28, 30]",31.0,,,Global
2008-01-07 17:00:00,63498,drift,"[0, 27, 28, 30]",,,,Global
2008-01-07 17:00:00,63498,promotion,"[0, 27, 28, 31]",,31.0,30.0,Global
2008-01-07 17:00:00,63594,warning,"[0, 27, 28, 31]",32.0,,,Global
2008-01-07 18:00:00,8098,drift,"[0, 5, 6, 10]",,,,Midwest
2008-01-07 18:00:00,8098,promotion,"[0, 5, 6, 11]",,11.0,10.0,Midwest
2008-01-07 19:00:00,8162,warning,"[0, 5, 6, 11]",12.0,,,Midwest
2008-01-07 21:00:00,29498,drift,"[0, 3, 4, 6]",,,,South
2008-01-07 21:00:00,29498,promotion,"[0, 3, 4, 7]",,7.0,6.0,South
2008-01-07 21:00:00,29498,drift,"[0, 1, 2, 6]",,,,West
2008-01-07 21:00:00,29498,promotion,"[0, 1, 6, 7]",,7.0,2.0,West
2008-01-07 21:00:00,29562,warning,"[0, 3, 4, 7]",8.0,,,South
2008-01-07 21:00:00,29658,warning,"[0, 1, 6, 7]",8.0,,,West
2008-01-07 21:00:00,65498,drift,"[0, 27, 28, 31]",,,,Global
2008-01-07 21:00:00,65498,promotion,"[0, 27, 28, 32]",,32.0,31.0,Global
2008-01-07 22:00:00,65562,warning,"[0, 27, 28, 32]",33.0,,,Global
2008-01-08 08:00:00,67498,drift,"[0, 27, 28, 32]",,,,Global
2008-01-08 08:00:00,67498,promotion,"[0, 27, 28, 33]",,33.0,32.0,Global
2008-01-08 08:00:00,67562,warning,"[0, 27, 28, 33]",34.0,,,Global
2008-01-08 09:00:00,2698,drift,"[0, 1, 2]",,,,Northeast
2008-01-08 09:00:00,2698,promotion,"[0, 1, 2, 3]",,3.0,,Northeast
2008-01-08 10:00:00,8698,drift,"[0, 5, 6, 11]",,,,Midwest
2008-01-08 10:00:00,8698,promotion,"[0, 5, 6, 12]",,12.0,11.0,Midwest
2008-01-08 10:00:00,8730,warning,"[0, 5, 6, 12]",13.0,,,Midwest
2008-01-08 12:00:00,69498,drift,"[0, 27, 28, 33]",,,,Global
2008-01-08 12:00:00,69498,promotion,"[0, 27, 33, 34]",,34.0,28.0,Global
2008-01-08 12:00:00,69626,warning,"[0, 27, 33, 34]",35.0,,,Global
2008-01-08 15:00:00,2858,warning,"[0, 1, 2, 3]",4.0,,,Northeast
2008-01-08 15:00:00,71498,drift,"[0, 27, 33, 34]",,,,Global
2008-01-08 15:00:00,71498,promotion,"[0, 33, 34, 35]",,35.0,27.0,Global
2008-01-08 15:00:00,71594,warning,"[0, 33, 34, 35]",36.0,,,Global
2008-01-08 17:00:00,9298,drift,"[0, 5, 6, 12]",,,,Midwest
2008-01-08 17:00:00,9298,promotion,"[0, 5, 6, 13]",,13.0,12.0,Midwest
2008-01-08 18:00:00,9362,warning,"[0, 5, 6, 13]",14.0,,,Midwest
2008-01-08 19:00:00,73498,drift,"[0, 33, 34, 35]",,,,Global
2008-01-08 19:00:00,73498,promotion,"[0, 33, 34, 36]",,36.0,35.0,Global
2008-01-08 19:00:00,73594,warning,"[0, 33, 34, 36]",37.0,,,Global
2008-01-08 19:00:00,33498,drift,"[0, 3, 4, 7]",,,,South
2008-01-08 19:00:00,33498,promotion,"[0, 3, 4, 8]",,8.0,7.0,South
2008-01-08 19:00:00,33498,drift,"[0, 1, 6, 7]",,,,West
2008-01-08 19:00:00,33498,promotion,"[0, 6, 7, 8]",,8.0,1.0,West
2008-01-08 20:00:00,33562,warning,"[0, 3, 4, 8]",9.0,,,South
2008-01-08 20:00:00,33594,warning,"[0, 6, 7, 8]",9.0,,,West
2008-01-09 07:00:00,75498,drift,"[0, 33, 34, 36]",,,,Global
2008-01-09 07:00:00,75498,promotion,"[0, 33, 34, 37]",,37.0,36.0,Global
2008-01-09 07:00:00,75594,warning,"[0, 33, 34, 37]",38.0,,,Global
2008-01-09 08:00:00,3098,drift,"[0, 1, 2, 3]",,,,Northeast
2008-01-09 08:00:00,3098,promotion,"[0, 1, 2, 4]",,4.0,3.0,Northeast
2008-01-09 09:00:00,9898,drift,"[0, 5, 6, 13]",,,,Midwest
2008-01-09 09:00:00,9898,promotion,"[0, 5, 13, 14]",,14.0,6.0,Midwest
2008-01-09 10:00:00,9962,warning,"[0, 5, 13, 14]",15.0,,,Midwest
2008-01-09 10:00:00,77498,drift,"[0, 33, 34, 37]",,,,Global
2008-01-09 10:00:00,77498,promotion,"[0, 33, 34, 38]",,38.0,37.0,Global
2008-01-09 10:00:00,77562,warning,"[0, 33, 34, 38]",39.0,,,Global
2008-01-09 10:00:00,3162,warning,"[0, 1, 2, 4]",5.0,,,Northeast
2008-01-09 13:00:00,79498,drift,"[0, 33, 34, 38]",,,,Global
2008-01-09 13:00:00,79498,promotion,"[0, 33, 38, 39]",,39.0,34.0,Global
2008-01-09 14:00:00,79626,warning,"[0, 33, 38, 39]",40.0,,,Global
2008-01-09 16:00:00,10498,drift,"[0, 5, 13, 14]",,,,Midwest
2008-01-09 16:00:00,10498,promotion,"[0, 13, 14, 15]",,15.0,5.0,Midwest
2008-01-09 17:00:00,10594,warning,"[0, 13, 14, 15]",16.0,,,Midwest
2008-01-09 17:00:00,81498,drift,"[0, 33, 38, 39]",,,,Global
2008-01-09 17:00:00,81498,promotion,"[0, 38, 39, 40]",,40.0,33.0,Global
2008-01-09 17:00:00,81594,warning,"[0, 38, 39, 40]",41.0,,,Global
2008-01-09 18:00:00,37498,drift,"[0, 6, 7, 8]",,,,West
2008-01-09 18:00:00,37498,promotion,"[0, 7, 8, 9]",,9.0,6.0,West
2008-01-09 18:00:00,37498,drift,"[0, 3, 4, 8]",,,,South
2008-01-09 18:00:00,37498,promotion,"[0, 4, 8, 9]",,9.0,3.0,South
2008-01-09 19:00:00,37562,warning,"[0, 4, 8, 9]",10.0,,,South
2008-01-09 19:00:00,37690,warning,"[0, 7, 8, 9]",10.0,,,West
2008-01-09 22:00:00,83498,drift,"[0, 38, 39, 40]",,,,Global
2008-01-09 22:00:00,83498,promotion,"[0, 39, 40, 41]",,41.0,38.0,Global
2008-01-09 23:00:00,83594,warning,"[0, 39, 40, 41]",42.0,,,Global
2008-01-10 07:00:00,11098,drift,"[0, 13, 14, 15]",,,,Midwest
2008-01-10 07:00:00,11098,promotion,"[0, 14, 15, 16]",,16.0,13.0,Midwest
2008-01-10 07:00:00,3498,drift,"[0, 1, 2, 4]",,,,Northeast
2008-01-10 07:00:00,3498,promotion,"[0, 1, 2, 5]",,5.0,4.0,Northeast
2008-01-10 08:00:00,85498,drift,"[0, 39, 40, 41]",,,,Global
2008-01-10 08:00:00,85498,promotion,"[0, 40, 41, 42]",,42.0,39.0,Global
2008-01-10 08:00:00,3530,warning,"[0, 1, 2, 5]",6.0,,,Northeast
2008-01-10 08:00:00,85594,warning,"[0, 40, 41, 42]",43.0,,,Global
2008-01-10 08:00:00,11226,warning,"[0, 14, 15, 16]",17.0,,,Midwest
2008-01-10 11:00:00,87498,drift,"[0, 40, 41, 42]",,,,Global
2008-01-10 11:00:00,87498,promotion,"[0, 40, 41, 43]",,43.0,42.0,Global
2008-01-10 11:00:00,87562,warning,"[0, 40, 41, 43]",44.0,,,Global
2008-01-10 14:00:00,11698,drift,"[0, 14, 15, 16]",,,,Midwest
2008-01-10 14:00:00,11698,promotion,"[0, 15, 16, 17]",,17.0,14.0,Midwest
2008-01-10 15:00:00,89498,drift,"[0, 40, 41, 43]",,,,Global
2008-01-10 15:00:00,89498,promotion,"[0, 40, 41, 44]",,44.0,43.0,Global
2008-01-10 15:00:00,89562,warning,"[0, 40, 41, 44]",45.0,,,Global
2008-01-10 16:00:00,11826,warning,"[0, 15, 16, 17]",18.0,,,Midwest
2008-01-10 17:00:00,41498,drift,"[0, 4, 8, 9]",,,,South
2008-01-10 17:00:00,41498,promotion,"[0, 8, 9, 10]",,10.0,4.0,South
2008-01-10 17:00:00,41498,drift,"[0, 7, 8, 9]",,,,West
2008-01-10 17:00:00,41498,promotion,"[0, 7, 9, 10]",,10.0,8.0,West
2008-01-10 17:00:00,41562,warning,"[0, 7, 9, 10]",11.0,,,West
2008-01-10 17:00:00,41594,warning,"[0, 8, 9, 10]",11.0,,,South
2008-01-10 18:00:00,91498,drift,"[0, 40, 41, 44]",,,,Global
2008-01-10 18:00:00,91498,promotion,"[0, 40, 41, 45]",,45.0,44.0,Global
2008-01-10 18:00:00,91562,warning,"[0, 40, 41, 45]",46.0,,,Global
2008-01-11 05:00:00,12298,drift,"[0, 15, 16, 17]",,,,Midwest
2008-01-11 05:00:00,12298,promotion,"[0, 15, 16, 18]",,18.0,17.0,Midwest
2008-01-11 06:00:00,12330,warning,"[0, 15, 16, 18]",19.0,,,Midwest
2008-01-11 06:00:00,3898,drift,"[0, 1, 2, 5]",,,,Northeast
2008-01-11 06:00:00,3898,promotion,"[0, 1, 2, 6]",,6.0,5.0,Northeast
2008-01-11 06:00:00,93498,drift,"[0, 40, 41, 45]",,,,Global
2008-01-11 06:00:00,93498,promotion,"[0, 40, 41, 46]",,46.0,45.0,Global
2008-01-11 06:00:00,93626,warning,"[0, 40, 41, 46]",47.0,,,Global
2008-01-11 08:00:00,3962,warning,"[0, 1, 2, 6]",7.0,,,Northeast
2008-01-11 09:00:00,95498,drift,"[0, 40, 41, 46]",,,,Global
2008-01-11 09:00:00,95498,promotion,"[0, 40, 41, 47]",,47.0,46.0,Global
2008-01-11 09:00:00,95562,warning,"[0, 40, 41, 47]",48.0,,,Global
2008-01-11 12:00:00,97498,drift,"[0, 40, 41, 47]",,,,Global
2008-01-11 12:00:00,97498,promotion,"[0, 40, 41, 48]",,48.0,47.0,Global
2008-01-11 12:00:00,12898,drift,"[0, 15, 16, 18]",,,,Midwest
2008-01-11 12:00:00,12898,promotion,"[0, 15, 16, 19]",,19.0,18.0,Midwest
2008-01-11 13:00:00,97594,warning,"[0, 40, 41, 48]",49.0,,,Global
2008-01-11 13:00:00,12962,warning,"[0, 15, 16, 19]",20.0,,,Midwest
2008-01-11 15:00:00,45498,drift,"[0, 7, 9, 10]",,,,West
2008-01-11 15:00:00,45498,promotion,"[0, 9, 10, 11]",,11.0,7.0,West
2008-01-11 16:00:00,45498,drift,"[0, 8, 9, 10]",,,,South
2008-01-11 16:00:00,45498,promotion,"[0, 9, 10, 11]",,11.0,8.0,South
2008-01-11 16:00:00,45562,warning,"[0, 9, 10, 11]",12.0,,,South
2008-01-11 16:00:00,45626,warning,"[0, 9, 10, 11]",12.0,,,West
2008-01-11 16:00:00,99498,drift,"[0, 40, 41, 48]",,,,Global
2008-01-11 16:00:00,99498,promotion,"[0, 40, 41, 49]",,49.0,48.0,Global
2008-01-11 16:00:00,99594,warning,"[0, 40, 41, 49]",50.0,,,Global
2008-01-11 19:00:00,13498,drift,"[0, 15, 16, 19]",,,,Midwest
2008-01-11 19:00:00,13498,promotion,"[0, 15, 19, 20]",,20.0,16.0,Midwest
2008-01-11 20:00:00,101498,drift,"[0, 40, 41, 49]",,,,Global
2008-01-11 20:00:00,101498,promotion,"[0, 40, 41, 50]",,50.0,49.0,Global
2008-01-11 20:00:00,13562,warning,"[0, 15, 19, 20]",21.0,,,Midwest
2008-01-11 20:00:00,101594,warning,"[0, 40, 41, 50]",51.0,,,Global
2008-01-12 08:00:00,103498,drift,"[0, 40, 41, 50]",,,,Global
2008-01-12 08:00:00,103498,promotion,"[0, 40, 50, 51]",,51.0,41.0,Global
2008-01-12 08:00:00,103562,warning,"[0, 40, 50, 51]",52.0,,,Global
2008-01-12 08:00:00,4298,drift,"[0, 1, 2, 6]",,,,Northeast
2008-01-12 08:00:00,4298,promotion,"[0, 1, 2, 7]",,7.0,6.0,Northeast
2008-01-12 09:00:00,4330,warning,"[0, 1, 2, 7]",8.0,,,Northeast
2008-01-12 11:00:00,105498,drift,"[0, 40, 50, 51]",,,,Global
2008-01-12 11:00:00,105498,promotion,"[0, 50, 51, 52]",,52.0,40.0,Global
2008-01-12 11:00:00,14098,drift,"[0, 15, 19, 20]",,,,Midwest
2008-01-12 11:00:00,14098,promotion,"[0, 19, 20, 21]",,21.0,15.0,Midwest
2008-01-12 12:00:00,105754,warning,"[0, 50, 51, 52]",53.0,,,Global
2008-01-12 12:00:00,14162,warning,"[0, 19, 20, 21]",22.0,,,Midwest
2008-01-12 15:00:00,49498,drift,"[0, 9, 10, 11]",,,,West
2008-01-12 15:00:00,49498,promotion,"[0, 10, 11, 12]",,12.0,9.0,West
2008-01-12 15:00:00,49562,warning,"[0, 10, 11, 12]",13.0,,,West
2008-01-12 15:00:00,107498,drift,"[0, 50, 51, 52]",,,,Global
2008-01-12 15:00:00,107498,promotion,"[0, 51, 52, 53]",,53.0,50.0,Global
2008-01-12 15:00:00,107594,warning,"[0, 51, 52, 53]",54.0,,,Global
2008-01-12 16:00:00,49498,drift,"[0, 9, 10, 11]",,,,South
2008-01-12 16:00:00,49498,promotion,"[0, 10, 11, 12]",,12.0,9.0,South
2008-01-12 16:00:00,49594,warning,"[0, 10, 11, 12]",13.0,,,South
2008-01-12 20:00:00,109498,drift,"[0, 51, 52, 53]",,,,Global
2008-01-12 20:00:00,109498,promotion,"[0, 51, 52, 54]",,54.0,53.0,Global
2008-01-12 21:00:00,109594,warning,"[0, 51, 52, 54]",55.0,,,Global
2008-01-12 22:00:00,14698,drift,"[0, 19, 20, 21]",,,,Midwest
2008-01-12 22:00:00,14698,promotion,"[0, 19, 21, 22]",,22.0,20.0,Midwest
2008-01-13 06:00:00,14762,warning,"[0, 19, 21, 22]",23.0,,,Midwest
2008-01-13 08:00:00,111498,drift,"[0, 51, 52, 54]",,,,Global
2008-01-13 08:00:00,111498,promotion,"[0, 51, 52, 55]",,55.0,54.0,Global
2008-01-13 09:00:00,111658,warning,"[0, 51, 52, 55]",56.0,,,Global
2008-01-13 12:00:00,113498,drift,"[0, 51, 52, 55]",,,,Global
2008-01-13 12:00:00,113498,promotion,"[0, 51, 52, 56]",,56.0,55.0,Global
2008-01-13 12:00:00,113562,warning,"[0, 51, 52, 56]",57.0,,,Global
2008-01-13 13:00:00,4698,drift,"[0, 1, 2, 7]",,,,Northeast
2008-01-13 13:00:00,4698,promotion,"[0, 1, 2, 8]",,8.0,7.0,Northeast
2008-01-13 14:00:00,15298,drift,"[0, 19, 21, 22]",,,,Midwest
2008-01-13 14:00:00,15298,promotion,"[0, 19, 22, 23]",,23.0,21.0,Midwest
2008-01-13 15:00:00,4730,warning,"[0, 1, 2, 8]",9.0,,,Northeast
2008-01-13 15:00:00,15394,warning,"[0, 19, 22, 23]",24.0,,,Midwest
2008-01-13 15:00:00,115498,drift,"[0, 51, 52, 56]",,,,Global
2008-01-13 15:00:00,115498,promotion,"[0, 51, 52, 57]",,57.0,56.0,Global
2008-01-13 15:00:00,115562,warning,"[0, 51, 52, 57]",58.0,,,Global
2008-01-13 16:00:00,53498,drift,"[0, 10, 11, 12]",,,,West
2008-01-13 16:00:00,53498,promotion,"[0, 11, 12, 13]",,13.0,10.0,West
2008-01-13 16:00:00,53562,warning,"[0, 11, 12, 13]",14.0,,,West
2008-01-13 16:00:00,53498,drift,"[0, 10, 11, 12]",,,,South
2008-01-13 16:00:00,53498,promotion,"[0, 11, 12, 13]",,13.0,10.0,South
2008-01-13 17:00:00,53562,warning,"[0, 11, 12, 13]",14.0,,,South
2008-01-13 19:00:00,117498,drift,"[0, 51, 52, 57]",,,,Global
2008-01-13 19:00:00,117498,promotion,"[0, 51, 52, 58]",,58.0,57.0,Global
2008-01-13 19:00:00,117594,warning,"[0, 51, 52, 58]",59.0,,,Global
2008-01-13 21:00:00,15898,drift,"[0, 19, 22, 23]",,,,Midwest
2008-01-13 21:00:00,15898,promotion,"[0, 19, 23, 24]",,24.0,22.0,Midwest
2008-01-14 06:00:00,16026,warning,"[0, 19, 23, 24]",25.0,,,Midwest
2008-01-14 07:00:00,119498,drift,"[0, 51, 52, 58]",,,,Global
2008-01-14 07:00:00,119498,promotion,"[0, 51, 52, 59]",,59.0,58.0,Global
2008-01-14 07:00:00,119594,warning,"[0, 51, 52, 59]",60.0,,,Global
2008-01-14 10:00:00,121498,drift,"[0, 51, 52, 59]",,,,Global
2008-01-14 10:00:00,121498,promotion,"[0, 51, 52, 60]",,60.0,59.0,Global
2008-01-14 11:00:00,121562,warning,"[0, 51, 52, 60]",61.0,,,Global
2008-01-14 12:00:00,16498,drift,"[0, 19, 23, 24]",,,,Midwest
2008-01-14 12:00:00,16498,promotion,"[0, 23, 24, 25]",,25.0,19.0,Midwest
2008-01-14 14:00:00,16658,warning,"[0, 23, 24, 25]",26.0,,,Midwest
2008-01-14 14:00:00,123498,drift,"[0, 51, 52, 60]",,,,Global
2008-01-14 14:00:00,123498,promotion,"[0, 52, 60, 61]",,61.0,51.0,Global
2008-01-14 14:00:00,123594,warning,"[0, 52, 60, 61]",62.0,,,Global
2008-01-14 14:00:00,57498,drift,"[0, 11, 12, 13]",,,,West
2008-01-14 14:00:00,57498,promotion,"[0, 12, 13, 14]",,14.0,11.0,West
2008-01-14 14:00:00,57594,warning,"[0, 12, 13, 14]",15.0,,,West
2008-01-14 15:00:00,57498,drift,"[0, 11, 12, 13]",,,,South
2008-01-14 15:00:00,57498,promotion,"[0, 11, 12, 14]",,14.0,13.0,South
2008-01-14 16:00:00,57626,warning,"[0, 11, 12, 14]",15.0,,,South
2008-01-14 17:00:00,125498,drift,"[0, 52, 60, 61]",,,,Global
2008-01-14 17:00:00,125498,promotion,"[0, 52, 60, 62]",,62.0,61.0,Global
2008-01-14 18:00:00,125562,warning,"[0, 52, 60, 62]",63.0,,,Global
2008-01-14 19:00:00,17098,drift,"[0, 23, 24, 25]",,,,Midwest
2008-01-14 19:00:00,17098,promotion,"[0, 23, 24, 26]",,26.0,25.0,Midwest
2008-01-14 19:00:00,5098,drift,"[0, 1, 2, 8]",,,,Northeast
2008-01-14 19:00:00,5098,promotion,"[0, 2, 8, 9]",,9.0,1.0,Northeast
2008-01-14 19:00:00,17162,warning,"[0, 23, 24, 26]",27.0,,,Midwest
2008-01-15 06:00:00,5162,warning,"[0, 2, 8, 9]",10.0,,,Northeast
2008-01-15 06:00:00,127498,drift,"[0, 52, 60, 62]",,,,Global
2008-01-15 06:00:00,127498,promotion,"[0, 52, 60, 63]",,63.0,62.0,Global
2008-01-15 06:00:00,127562,warning,"[0, 52, 60, 63]",64.0,,,Global
2008-01-15 09:00:00,129498,drift,"[0, 52, 60, 63]",,,,Global
2008-01-15 09:00:00,129498,promotion,"[0, 52, 63, 64]",,64.0,60.0,Global
2008-01-15 09:00:00,129658,warning,"[0, 52, 63, 64]",65.0,,,Global
2008-01-15 10:00:00,17698,drift,"[0, 23, 24, 26]",,,,Midwest
2008-01-15 10:00:00,17698,promotion,"[0, 23, 24, 27]",,27.0,26.0,Midwest
2008-01-15 10:00:00,17730,warning,"[0, 23, 24, 27]",28.0,,,Midwest
2008-01-15 12:00:00,131498,drift,"[0, 52, 63, 64]",,,,Global
2008-01-15 12:00:00,131498,promotion,"[0, 63, 64, 65]",,65.0,52.0,Global
2008-01-15 12:00:00,131562,warning,"[0, 63, 64, 65]",66.0,,,Global
2008-01-15 13:00:00,61498,drift,"[0, 12, 13, 14]",,,,West
2008-01-15 13:00:00,61498,promotion,"[0, 12, 13, 15]",,15.0,14.0,West
2008-01-15 14:00:00,61626,warning,"[0, 12, 13, 15]",16.0,,,West
2008-01-15 14:00:00,61498,drift,"[0, 11, 12, 14]",,,,South
2008-01-15 14:00:00,61498,promotion,"[0, 12, 14, 15]",,15.0,11.0,South
2008-01-15 15:00:00,61594,warning,"[0, 12, 14, 15]",16.0,,,South
2008-01-15 16:00:00,133498,drift,"[0, 63, 64, 65]",,,,Global
2008-01-15 16:00:00,133498,promotion,"[0, 64, 65, 66]",,66.0,63.0,Global
2008-01-15 16:00:00,133562,warning,"[0, 64, 65, 66]",67.0,,,Global
2008-01-15 17:00:00,18298,drift,"[0, 23, 24, 27]",,,,Midwest
2008-01-15 17:00:00,18298,promotion,"[0, 23, 24, 28]",,28.0,27.0,Midwest
2008-01-15 17:00:00,5498,drift,"[0, 2, 8, 9]",,,,Northeast
2008-01-15 17:00:00,5498,promotion,"[0, 8, 9, 10]",,10.0,2.0,Northeast
2008-01-15 18:00:00,18394,warning,"[0, 23, 24, 28]",29.0,,,Midwest
2008-01-15 19:00:00,135498,drift,"[0, 64, 65, 66]",,,,Global
2008-01-15 19:00:00,135498,promotion,"[0, 65, 66, 67]",,67.0,64.0,Global
2008-01-15 19:00:00,135562,warning,"[0, 65, 66, 67]",68.0,,,Global
2008-01-16 06:00:00,5626,warning,"[0, 8, 9, 10]",11.0,,,Northeast
2008-01-16 07:00:00,137498,drift,"[0, 65, 66, 67]",,,,Global
2008-01-16 07:00:00,137498,promotion,"[0, 66, 67, 68]",,68.0,65.0,Global
2008-01-16 07:00:00,137626,warning,"[0, 66, 67, 68]",69.0,,,Global
2008-01-16 08:00:00,18898,drift,"[0, 23, 24, 28]",,,,Midwest
2008-01-16 08:00:00,18898,promotion,"[0, 23, 28, 29]",,29.0,24.0,Midwest
2008-01-16 09:00:00,18962,warning,"[0, 23, 28, 29]",30.0,,,Midwest
2008-01-16 10:00:00,139498,drift,"[0, 66, 67, 68]",,,,Global
2008-01-16 10:00:00,139498,promotion,"[0, 66, 67, 69]",,69.0,68.0,Global
2008-01-16 10:00:00,139594,warning,"[0, 66, 67, 69]",70.0,,,Global
2008-01-16 12:00:00,65498,drift,"[0, 12, 13, 15]",,,,West
2008-01-16 12:00:00,65498,promotion,"[0, 12, 13, 16]",,16.0,15.0,West
2008-01-16 12:00:00,65562,warning,"[0, 12, 13, 16]",17.0,,,West
2008-01-16 13:00:00,65498,drift,"[0, 12, 14, 15]",,,,South
2008-01-16 13:00:00,65498,promotion,"[0, 12, 15, 16]",,16.0,14.0,South
2008-01-16 13:00:00,65562,warning,"[0, 12, 15, 16]",17.0,,,South
2008-01-16 14:00:00,141498,drift,"[0, 66, 67, 69]",,,,Global
2008-01-16 14:00:00,141498,promotion,"[0, 67, 69, 70]",,70.0,66.0,Global
2008-01-16 14:00:00,141626,warning,"[0, 67, 69, 70]",71.0,,,Global
2008-01-16 15:00:00,19498,drift,"[0, 23, 28, 29]",,,,Midwest
2008-01-16 15:00:00,19498,promotion,"[0, 28, 29, 30]",,30.0,23.0,Midwest
2008-01-16 16:00:00,5898,drift,"[0, 8, 9, 10]",,,,Northeast
2008-01-16 16:00:00,5898,promotion,"[0, 9, 10, 11]",,11.0,8.0,Northeast
2008-01-16 16:00:00,19626,warning,"[0, 28, 29, 30]",31.0,,,Midwest
2008-01-16 17:00:00,143498,drift,"[0, 67, 69, 70]",,,,Global
2008-01-16 17:00:00,143498,promotion,"[0, 67, 69, 71]",,71.0,70.0,Global
2008-01-16 18:00:00,143594,warning,"[0, 67, 69, 71]",72.0,,,Global
2008-01-16 19:00:00,5962,warning,"[0, 9, 10, 11]",12.0,,,Northeast
2008-01-17 06:00:00,145498,drift,"[0, 67, 69, 71]",,,,Global
2008-01-17 06:00:00,145498,promotion,"[0, 67, 69, 72]",,72.0,71.0,Global
2008-01-17 06:00:00,145562,warning,"[0, 67, 69, 72]",73.0,,,Global
2008-01-17 06:00:00,20098,drift,"[0, 28, 29, 30]",,,,Midwest
2008-01-17 06:00:00,20098,promotion,"[0, 29, 30, 31]",,31.0,28.0,Midwest
2008-01-17 07:00:00,20194,warning,"[0, 29, 30, 31]",32.0,,,Midwest
2008-01-17 09:00:00,147498,drift,"[0, 67, 69, 72]",,,,Global
2008-01-17 09:00:00,147498,promotion,"[0, 67, 69, 73]",,73.0,72.0,Global
2008-01-17 09:00:00,147562,warning,"[0, 67, 69, 73]",74.0,,,Global
2008-01-17 11:00:00,69498,drift,"[0, 12, 13, 16]",,,,West
2008-01-17 11:00:00,69498,promotion,"[0, 12, 16, 17]",,17.0,13.0,West
2008-01-17 11:00:00,69594,warning,"[0, 12, 16, 17]",18.0,,,West
2008-01-17 12:00:00,149498,drift,"[0, 67, 69, 73]",,,,Global
2008-01-17 12:00:00,149498,promotion,"[0, 67, 73, 74]",,74.0,69.0,Global
2008-01-17 12:00:00,149562,warning,"[0, 67, 73, 74]",75.0,,,Global
2008-01-17 13:00:00,69498,drift,"[0, 12, 15, 16]",,,,South
2008-01-17 13:00:00,69498,promotion,"[0, 12, 15, 17]",,17.0,16.0,South
2008-01-17 13:00:00,20698,drift,"[0, 29, 30, 31]",,,,Midwest
2008-01-17 13:00:00,20698,promotion,"[0, 29, 30, 32]",,32.0,31.0,Midwest
2008-01-17 14:00:00,69562,warning,"[0, 12, 15, 17]",18.0,,,South
2008-01-17 14:00:00,20730,warning,"[0, 29, 30, 32]",33.0,,,Midwest
2008-01-17 15:00:00,6298,drift,"[0, 9, 10, 11]",,,,Northeast
2008-01-17 15:00:00,6298,promotion,"[0, 10, 11, 12]",,12.0,9.0,Northeast
2008-01-17 16:00:00,151498,drift,"[0, 67, 73, 74]",,,,Global
2008-01-17 16:00:00,151498,promotion,"[0, 67, 73, 75]",,75.0,74.0,Global
2008-01-17 16:00:00,151562,warning,"[0, 67, 73, 75]",76.0,,,Global
2008-01-17 16:00:00,6330,warning,"[0, 10, 11, 12]",13.0,,,Northeast
2008-01-17 19:00:00,153498,drift,"[0, 67, 73, 75]",,,,Global
2008-01-17 19:00:00,153498,promotion,"[0, 67, 73, 76]",,76.0,75.0,Global
2008-01-17 19:00:00,153562,warning,"[0, 67, 73, 76]",77.0,,,Global
2008-01-18 06:00:00,21298,drift,"[0, 29, 30, 32]",,,,Midwest
2008-01-18 06:00:00,21298,promotion,"[0, 29, 30, 33]",,33.0,32.0,Midwest
2008-01-18 06:00:00,21330,warning,"[0, 29, 30, 33]",34.0,,,Midwest
2008-01-18 07:00:00,155498,drift,"[0, 67, 73, 76]",,,,Global
2008-01-18 07:00:00,155498,promotion,"[0, 67, 73, 77]",,77.0,76.0,Global
2008-01-18 07:00:00,155594,warning,"[0, 67, 73, 77]",78.0,,,Global
2008-01-18 09:00:00,73498,drift,"[0, 12, 16, 17]",,,,West
2008-01-18 09:00:00,73498,promotion,"[0, 16, 17, 18]",,18.0,12.0,West
2008-01-18 10:00:00,73594,warning,"[0, 16, 17, 18]",19.0,,,West
2008-01-18 10:00:00,157498,drift,"[0, 67, 73, 77]",,,,Global
2008-01-18 10:00:00,157498,promotion,"[0, 67, 77, 78]",,78.0,73.0,Global
2008-01-18 10:00:00,157562,warning,"[0, 67, 77, 78]",79.0,,,Global
2008-01-18 12:00:00,73498,drift,"[0, 12, 15, 17]",,,,South
2008-01-18 12:00:00,73498,promotion,"[0, 12, 15, 18]",,18.0,17.0,South
2008-01-18 12:00:00,73562,warning,"[0, 12, 15, 18]",19.0,,,South
2008-01-18 13:00:00,21898,drift,"[0, 29, 30, 33]",,,,Midwest
2008-01-18 13:00:00,21898,promotion,"[0, 29, 30, 34]",,34.0,33.0,Midwest
2008-01-18 13:00:00,159498,drift,"[0, 67, 77, 78]",,,,Global
2008-01-18 13:00:00,159498,promotion,"[0, 77, 78, 79]",,79.0,67.0,Global
2008-01-18 14:00:00,21930,warning,"[0, 29, 30, 34]",35.0,,,Midwest
2008-01-18 14:00:00,159626,warning,"[0, 77, 78, 79]",80.0,,,Global
2008-01-18 14:00:00,6698,drift,"[0, 10, 11, 12]",,,,Northeast
2008-01-18 14:00:00,6698,promotion,"[0, 10, 11, 13]",,13.0,12.0,Northeast
2008-01-18 16:00:00,6762,warning,"[0, 10, 11, 13]",14.0,,,Northeast
2008-01-18 17:00:00,161498,drift,"[0, 77, 78, 79]",,,,Global
2008-01-18 17:00:00,161498,promotion,"[0, 78, 79, 80]",,80.0,77.0,Global
2008-01-18 17:00:00,161626,warning,"[0, 78, 79, 80]",81.0,,,Global
2008-01-18 21:00:00,22498,drift,"[0, 29, 30, 34]",,,,Midwest
2008-01-18 21:00:00,22498,promotion,"[0, 29, 34, 35]",,35.0,30.0,Midwest
2008-01-18 21:00:00,163498,drift,"[0, 78, 79, 80]",,,,Global
2008-01-18 21:00:00,163498,promotion,"[0, 78, 79, 81]",,81.0,80.0,Global
2008-01-18 21:00:00,163562,warning,"[0, 78, 79, 81]",82.0,,,Global
2008-01-19 05:00:00,22562,warning,"[0, 29, 34, 35]",36.0,,,Midwest
2008-01-19 08:00:00,77498,drift,"[0, 16, 17, 18]",,,,West
2008-01-19 08:00:00,77498,promotion,"[0, 16, 17, 19]",,19.0,18.0,West
2008-01-19 08:00:00,77594,warning,"[0, 16, 17, 19]",20.0,,,West
2008-01-19 08:00:00,165498,drift,"[0, 78, 79, 81]",,,,Global
2008-01-19 08:00:00,165498,promotion,"[0, 78, 79, 82]",,82.0,81.0,Global
2008-01-19 09:00:00,165562,warning,"[0, 78, 79, 82]",83.0,,,Global
2008-01-19 12:00:00,167498,drift,"[0, 78, 79, 82]",,,,Global
2008-01-19 12:00:00,167498,promotion,"[0, 78, 79, 83]",,83.0,82.0,Global
2008-01-19 12:00:00,167562,warning,"[0, 78, 79, 83]",84.0,,,Global
2008-01-19 13:00:00,77498,drift,"[0, 12, 15, 18]",,,,South
2008-01-19 13:00:00,77498,promotion,"[0, 12, 18, 19]",,19.0,15.0,South
2008-01-19 13:00:00,77530,warning,"[0, 12, 18, 19]",20.0,,,South
2008-01-19 13:00:00,23098,drift,"[0, 29, 34, 35]",,,,Midwest
2008-01-19 13:00:00,23098,promotion,"[0, 34, 35, 36]",,36.0,29.0,Midwest
2008-01-19 14:00:00,23162,warning,"[0, 34, 35, 36]",37.0,,,Midwest
2008-01-19 15:00:00,7098,drift,"[0, 10, 11, 13]",,,,Northeast
2008-01-19 15:00:00,7098,promotion,"[0, 10, 11, 14]",,14.0,13.0,Northeast
2008-01-19 17:00:00,169498,drift,"[0, 78, 79, 83]",,,,Global
2008-01-19 17:00:00,169498,promotion,"[0, 78, 79, 84]",,84.0,83.0,Global
2008-01-19 17:00:00,169626,warning,"[0, 78, 79, 84]",85.0,,,Global
2008-01-20 06:00:00,7194,warning,"[0, 10, 11, 14]",15.0,,,Northeast
2008-01-20 06:00:00,171498,drift,"[0, 78, 79, 84]",,,,Global
2008-01-20 06:00:00,171498,promotion,"[0, 78, 79, 85]",,85.0,84.0,Global
2008-01-20 07:00:00,171626,warning,"[0, 78, 79, 85]",86.0,,,Global
2008-01-20 07:00:00,23698,drift,"[0, 34, 35, 36]",,,,Midwest
2008-01-20 07:00:00,23698,promotion,"[0, 35, 36, 37]",,37.0,34.0,Midwest
2008-01-20 09:00:00,23794,warning,"[0, 35, 36, 37]",38.0,,,Midwest
2008-01-20 09:00:00,81498,drift,"[0, 16, 17, 19]",,,,West
2008-01-20 09:00:00,81498,promotion,"[0, 16, 19, 20]",,20.0,17.0,West
2008-01-20 09:00:00,81530,warning,"[0, 16, 19, 20]",21.0,,,West
2008-01-20 10:00:00,173498,drift,"[0, 78, 79, 85]",,,,Global
2008-01-20 10:00:00,173498,promotion,"[0, 78, 79, 86]",,86.0,85.0,Global
2008-01-20 10:00:00,173562,warning,"[0, 78, 79, 86]",87.0,,,Global
2008-01-20 13:00:00,175498,drift,"[0, 78, 79, 86]",,,,Global
2008-01-20 13:00:00,175498,promotion,"[0, 79, 86, 87]",,87.0,78.0,Global
2008-01-20 14:00:00,175658,warning,"[0, 79, 86, 87]",88.0,,,Global
2008-01-20 15:00:00,24298,drift,"[0, 35, 36, 37]",,,,Midwest
2008-01-20 15:00:00,24298,promotion,"[0, 36, 37, 38]",,38.0,35.0,Midwest
2008-01-20 15:00:00,81498,drift,"[0, 12, 18, 19]",,,,South
2008-01-20 15:00:00,81498,promotion,"[0, 12, 18, 20]",,20.0,19.0,South
2008-01-20 16:00:00,81594,warning,"[0, 12, 18, 20]",21.0,,,South
2008-01-20 16:00:00,24394,warning,"[0, 36, 37, 38]",39.0,,,Midwest
2008-01-20 17:00:00,177498,drift,"[0, 79, 86, 87]",,,,Global
2008-01-20 17:00:00,177498,promotion,"[0, 86, 87, 88]",,88.0,79.0,Global
2008-01-20 17:00:00,177562,warning,"[0, 86, 87, 88]",89.0,,,Global
2008-01-20 21:00:00,7498,drift,"[0, 10, 11, 14]",,,,Northeast
2008-01-20 21:00:00,7498,promotion,"[0, 11, 14, 15]",,15.0,10.0,Northeast
2008-01-20 21:00:00,179498,drift,"[0, 86, 87, 88]",,,,Global
2008-01-20 21:00:00,179498,promotion,"[0, 87, 88, 89]",,89.0,86.0,Global
2008-01-20 21:00:00,179562,warning,"[0, 87, 88, 89]",90.0,,,Global
2008-01-21 06:00:00,24898,drift,"[0, 36, 37, 38]",,,,Midwest
2008-01-21 06:00:00,24898,promotion,"[0, 36, 37, 39]",,39.0,38.0,Midwest
2008-01-21 07:00:00,7562,warning,"[0, 11, 14, 15]",16.0,,,Northeast
2008-01-21 08:00:00,25026,warning,"[0, 36, 37, 39]",40.0,,,Midwest
2008-01-21 08:00:00,85498,drift,"[0, 16, 19, 20]",,,,West
2008-01-21 08:00:00,85498,promotion,"[0, 16, 19, 21]",,21.0,20.0,West
2008-01-21 08:00:00,181498,drift,"[0, 87, 88, 89]",,,,Global
2008-01-21 08:00:00,181498,promotion,"[0, 87, 88, 90]",,90.0,89.0,Global
2008-01-21 08:00:00,85562,warning,"[0, 16, 19, 21]",22.0,,,West
2008-01-21 08:00:00,181562,warning,"[0, 87, 88, 90]",91.0,,,Global
2008-01-21 11:00:00,183498,drift,"[0, 87, 88, 90]",,,,Global
2008-01-21 11:00:00,183498,promotion,"[0, 87, 88, 91]",,91.0,90.0,Global
2008-01-21 11:00:00,183562,warning,"[0, 87, 88, 91]",92.0,,,Global
2008-01-21 14:00:00,25498,drift,"[0, 36, 37, 39]",,,,Midwest
2008-01-21 14:00:00,25498,promotion,"[0, 36, 37, 40]",,40.0,39.0,Midwest
2008-01-21 14:00:00,85498,drift,"[0, 12, 18, 20]",,,,South
2008-01-21 14:00:00,85498,promotion,"[0, 12, 18, 21]",,21.0,20.0,South
2008-01-21 14:00:00,85594,warning,"[0, 12, 18, 21]",22.0,,,South
2008-01-21 15:00:00,185498,drift,"[0, 87, 88, 91]",,,,Global
2008-01-21 15:00:00,185498,promotion,"[0, 87, 88, 92]",,92.0,91.0,Global
2008-01-21 15:00:00,25562,warning,"[0, 36, 37, 40]",41.0,,,Midwest
2008-01-21 15:00:00,185594,warning,"[0, 87, 88, 92]",93.0,,,Global
2008-01-21 18:00:00,187498,drift,"[0, 87, 88, 92]",,,,Global
2008-01-21 18:00:00,187498,promotion,"[0, 87, 88, 93]",,93.0,92.0,Global
2008-01-21 18:00:00,187562,warning,"[0, 87, 88, 93]",94.0,,,Global
2008-01-21 20:00:00,7898,drift,"[0, 11, 14, 15]",,,,Northeast
2008-01-21 20:00:00,7898,promotion,"[0, 11, 15, 16]",,16.0,14.0,Northeast
2008-01-22 06:00:00,26098,drift,"[0, 36, 37, 40]",,,,Midwest
2008-01-22 06:00:00,26098,promotion,"[0, 36, 37, 41]",,41.0,40.0,Midwest
2008-01-22 06:00:00,7962,warning,"[0, 11, 15, 16]",17.0,,,Northeast
2008-01-22 06:00:00,189498,drift,"[0, 87, 88, 93]",,,,Global
2008-01-22 06:00:00,189498,promotion,"[0, 87, 88, 94]",,94.0,93.0,Global
2008-01-22 06:00:00,189562,warning,"[0, 87, 88, 94]",95.0,,,Global
2008-01-22 06:00:00,26162,warning,"[0, 36, 37, 41]",42.0,,,Midwest
2008-01-22 07:00:00,89498,drift,"[0, 16, 19, 21]",,,,West
2008-01-22 07:00:00,89498,promotion,"[0, 16, 19, 22]",,22.0,21.0,West
2008-01-22 07:00:00,89562,warning,"[0, 16, 19, 22]",23.0,,,West
2008-01-22 09:00:00,191498,drift,"[0, 87, 88, 94]",,,,Global
2008-01-22 09:00:00,191498,promotion,"[0, 87, 88, 95]",,95.0,94.0,Global
2008-01-22 09:00:00,191562,warning,"[0, 87, 88, 95]",96.0,,,Global
2008-01-22 13:00:00,193498,drift,"[0, 87, 88, 95]",,,,Global
2008-01-22 13:00:00,193498,promotion,"[0, 87, 88, 96]",,96.0,95.0,Global
2008-01-22 13:00:00,193562,warning,"[0, 87, 88, 96]",97.0,,,Global
2008-01-22 13:00:00,26698,drift,"[0, 36, 37, 41]",,,,Midwest
2008-01-22 13:00:00,26698,promotion,"[0, 36, 37, 42]",,42.0,41.0,Midwest
2008-01-22 14:00:00,89498,drift,"[0, 12, 18, 21]",,,,South
2008-01-22 14:00:00,89498,promotion,"[0, 12, 21, 22]",,22.0,18.0,South
2008-01-22 14:00:00,26762,warning,"[0, 36, 37, 42]",43.0,,,Midwest
2008-01-22 14:00:00,89594,warning,"[0, 12, 21, 22]",23.0,,,South
2008-01-22 17:00:00,195498,drift,"[0, 87, 88, 96]",,,,Global
2008-01-22 17:00:00,195498,promotion,"[0, 87, 88, 97]",,97.0,96.0,Global
2008-01-22 17:00:00,195562,warning,"[0, 87, 88, 97]",98.0,,,Global
2008-01-22 19:00:00,8298,drift,"[0, 11, 15, 16]",,,,Northeast
2008-01-22 19:00:00,8298,promotion,"[0, 11, 15, 17]",,17.0,16.0,Northeast
2008-01-22 21:00:00,197498,drift,"[0, 87, 88, 97]",,,,Global
2008-01-22 21:00:00,197498,promotion,"[0, 87, 88, 98]",,98.0,97.0,Global
2008-01-22 21:00:00,197562,warning,"[0, 87, 88, 98]",99.0,,,Global
2008-01-23 06:00:00,93498,drift,"[0, 16, 19, 22]",,,,West
2008-01-23 06:00:00,93498,promotion,"[0, 16, 19, 23]",,23.0,22.0,West
2008-01-23 06:00:00,8362,warning,"[0, 11, 15, 17]",18.0,,,Northeast
2008-01-23 06:00:00,27298,drift,"[0, 36, 37, 42]",,,,Midwest
2008-01-23 06:00:00,27298,promotion,"[0, 36, 37, 43]",,43.0,42.0,Midwest
2008-01-23 06:00:00,27330,warning,"[0, 36, 37, 43]",44.0,,,Midwest
2008-01-23 06:00:00,93594,warning,"[0, 16, 19, 23]",24.0,,,West
2008-01-23 08:00:00,199498,drift,"[0, 87, 88, 98]",,,,Global
2008-01-23 08:00:00,199498,promotion,"[0, 87, 98, 99]",,99.0,88.0,Global
2008-01-23 08:00:00,199594,warning,"[0, 87, 98, 99]",100.0,,,Global
2008-01-23 11:00:00,201498,drift,"[0, 87, 98, 99]",,,,Global
2008-01-23 11:00:00,201498,promotion,"[0, 98, 99, 100]",,100.0,87.0,Global
2008-01-23 12:00:00,201658,warning,"[0, 98, 99, 100]",101.0,,,Global
2008-01-23 13:00:00,27898,drift,"[0, 36, 37, 43]",,,,Midwest
2008-01-23 13:00:00,27898,promotion,"[0, 36, 37, 44]",,44.0,43.0,Midwest
2008-01-23 13:00:00,93498,drift,"[0, 12, 21, 22]",,,,South
2008-01-23 13:00:00,93498,promotion,"[0, 21, 22, 23]",,23.0,12.0,South
2008-01-23 13:00:00,93562,warning,"[0, 21, 22, 23]",24.0,,,South
2008-01-23 14:00:00,27962,warning,"[0, 36, 37, 44]",45.0,,,Midwest
2008-01-23 15:00:00,203498,drift,"[0, 98, 99, 100]",,,,Global
2008-01-23 15:00:00,203498,promotion,"[0, 99, 100, 101]",,101.0,98.0,Global
2008-01-23 15:00:00,203562,warning,"[0, 99, 100, 101]",102.0,,,Global
2008-01-23 18:00:00,8698,drift,"[0, 11, 15, 17]",,,,Northeast
2008-01-23 18:00:00,8698,promotion,"[0, 11, 15, 18]",,18.0,17.0,Northeast
2008-01-23 19:00:00,205498,drift,"[0, 99, 100, 101]",,,,Global
2008-01-23 19:00:00,205498,promotion,"[0, 99, 100, 102]",,102.0,101.0,Global
2008-01-23 19:00:00,205562,warning,"[0, 99, 100, 102]",103.0,,,Global
2008-01-23 20:00:00,8762,warning,"[0, 11, 15, 18]",19.0,,,Northeast
2008-01-23 21:00:00,97498,drift,"[0, 16, 19, 23]",,,,West
2008-01-23 21:00:00,97498,promotion,"[0, 16, 23, 24]",,24.0,19.0,West
2008-01-23 21:00:00,97562,warning,"[0, 16, 23, 24]",25.0,,,West
2008-01-24 06:00:00,28498,drift,"[0, 36, 37, 44]",,,,Midwest
2008-01-24 06:00:00,28498,promotion,"[0, 36, 44, 45]",,45.0,37.0,Midwest
2008-01-24 06:00:00,28562,warning,"[0, 36, 44, 45]",46.0,,,Midwest
2008-01-24 07:00:00,207498,drift,"[0, 99, 100, 102]",,,,Global
2008-01-24 07:00:00,207498,promotion,"[0, 99, 100, 103]",,103.0,102.0,Global
2008-01-24 07:00:00,207594,warning,"[0, 99, 100, 103]",104.0,,,Global
2008-01-24 10:00:00,209498,drift,"[0, 99, 100, 103]",,,,Global
2008-01-24 10:00:00,209498,promotion,"[0, 100, 103, 104]",,104.0,99.0,Global
2008-01-24 10:00:00,209594,warning,"[0, 100, 103, 104]",105.0,,,Global
2008-01-24 12:00:00,97498,drift,"[0, 21, 22, 23]",,,,South
2008-01-24 12:00:00,97498,promotion,"[0, 21, 22, 24]",,24.0,23.0,South
2008-01-24 12:00:00,97562,warning,"[0, 21, 22, 24]",25.0,,,South
2008-01-24 13:00:00,29098,drift,"[0, 36, 44, 45]",,,,Midwest
2008-01-24 13:00:00,29098,promotion,"[0, 36, 44, 46]",,46.0,45.0,Midwest
2008-01-24 13:00:00,211498,drift,"[0, 100, 103, 104]",,,,Global
2008-01-24 13:00:00,211498,promotion,"[0, 103, 104, 105]",,105.0,100.0,Global
2008-01-24 13:00:00,211594,warning,"[0, 103, 104, 105]",106.0,,,Global
2008-01-24 13:00:00,29162,warning,"[0, 36, 44, 46]",47.0,,,Midwest
2008-01-24 16:00:00,9098,drift,"[0, 11, 15, 18]",,,,Northeast
2008-01-24 16:00:00,9098,promotion,"[0, 11, 18, 19]",,19.0,15.0,Northeast
2008-01-24 16:00:00,213498,drift,"[0, 103, 104, 105]",,,,Global
2008-01-24 16:00:00,213498,promotion,"[0, 104, 105, 106]",,106.0,103.0,Global
2008-01-24 17:00:00,213594,warning,"[0, 104, 105, 106]",107.0,,,Global
2008-01-24 19:00:00,29698,drift,"[0, 36, 44, 46]",,,,Midwest
2008-01-24 19:00:00,29698,promotion,"[0, 44, 46, 47]",,47.0,36.0,Midwest
2008-01-24 19:00:00,101498,drift,"[0, 16, 23, 24]",,,,West
2008-01-24 19:00:00,101498,promotion,"[0, 23, 24, 25]",,25.0,16.0,West
2008-01-24 20:00:00,101594,warning,"[0, 23, 24, 25]",26.0,,,West
2008-01-24 20:00:00,215498,drift,"[0, 104, 105, 106]",,,,Global
2008-01-24 20:00:00,215498,promotion,"[0, 104, 105, 107]",,107.0,106.0,Global
2008-01-24 21:00:00,215658,warning,"[0, 104, 105, 107]",108.0,,,Global
2008-01-25 05:00:00,9226,warning,"[0, 11, 18, 19]",20.0,,,Northeast
2008-01-25 06:00:00,29954,warning,"[0, 44, 46, 47]",48.0,,,Midwest
2008-01-25 07:00:00,217498,drift,"[0, 104, 105, 107]",,,,Global
2008-01-25 07:00:00,217498,promotion,"[0, 105, 107, 108]",,108.0,104.0,Global
2008-01-25 08:00:00,217594,warning,"[0, 105, 107, 108]",109.0,,,Global
2008-01-25 10:00:00,30298,drift,"[0, 44, 46, 47]",,,,Midwest
2008-01-25 10:00:00,30298,promotion,"[0, 44, 47, 48]",,48.0,46.0,Midwest
2008-01-25 11:00:00,219498,drift,"[0, 105, 107, 108]",,,,Global
2008-01-25 11:00:00,219498,promotion,"[0, 105, 107, 109]",,109.0,108.0,Global
2008-01-25 11:00:00,219562,warning,"[0, 105, 107, 109]",110.0,,,Global
2008-01-25 11:00:00,101498,drift,"[0, 21, 22, 24]",,,,South
2008-01-25 11:00:00,101498,promotion,"[0, 21, 24, 25]",,25.0,22.0,South
2008-01-25 11:00:00,101594,warning,"[0, 21, 24, 25]",26.0,,,South
2008-01-25 12:00:00,30426,warning,"[0, 44, 47, 48]",49.0,,,Midwest
2008-01-25 14:00:00,221498,drift,"[0, 105, 107, 109]",,,,Global
2008-01-25 14:00:00,221498,promotion,"[0, 105, 107, 110]",,110.0,109.0,Global
2008-01-25 14:00:00,221594,warning,"[0, 105, 107, 110]",111.0,,,Global
2008-01-25 15:00:00,9498,drift,"[0, 11, 18, 19]",,,,Northeast
2008-01-25 15:00:00,9498,promotion,"[0, 18, 19, 20]",,20.0,11.0,Northeast
2008-01-25 17:00:00,223498,drift,"[0, 105, 107, 110]",,,,Global
2008-01-25 17:00:00,223498,promotion,"[0, 105, 107, 111]",,111.0,110.0,Global
2008-01-25 17:00:00,30898,drift,"[0, 44, 47, 48]",,,,Midwest
2008-01-25 17:00:00,30898,promotion,"[0, 47, 48, 49]",,49.0,44.0,Midwest
2008-01-25 18:00:00,223626,warning,"[0, 105, 107, 111]",112.0,,,Global
2008-01-25 18:00:00,105498,drift,"[0, 23, 24, 25]",,,,West
2008-01-25 18:00:00,105498,promotion,"[0, 23, 24, 26]",,26.0,25.0,West
2008-01-25 18:00:00,105562,warning,"[0, 23, 24, 26]",27.0,,,West
2008-01-25 18:00:00,30962,warning,"[0, 47, 48, 49]",50.0,,,Midwest
2008-01-25 18:00:00,9594,warning,"[0, 18, 19, 20]",21.0,,,Northeast
2008-01-26 01:00:00,225498,drift,"[0, 105, 107, 111]",,,,Global
2008-01-26 01:00:00,225498,promotion,"[0, 105, 111, 112]",,112.0,107.0,Global
2008-01-26 06:00:00,225594,warning,"[0, 105, 111, 112]",113.0,,,Global
2008-01-26 09:00:00,227498,drift,"[0, 105, 111, 112]",,,,Global
2008-01-26 09:00:00,227498,promotion,"[0, 105, 112, 113]",,113.0,111.0,Global
2008-01-26 09:00:00,227594,warning,"[0, 105, 112, 113]",114.0,,,Global
2008-01-26 09:00:00,31498,drift,"[0, 47, 48, 49]",,,,Midwest
2008-01-26 09:00:00,31498,promotion,"[0, 47, 48, 50]",,50.0,49.0,Midwest
2008-01-26 10:00:00,31562,warning,"[0, 47, 48, 50]",51.0,,,Midwest
2008-01-26 11:00:00,105498,drift,"[0, 21, 24, 25]",,,,South
2008-01-26 11:00:00,105498,promotion,"[0, 21, 25, 26]",,26.0,24.0,South
2008-01-26 11:00:00,105562,warning,"[0, 21, 25, 26]",27.0,,,South
2008-01-26 13:00:00,229498,drift,"[0, 105, 112, 113]",,,,Global
2008-01-26 13:00:00,229498,promotion,"[0, 112, 113, 114]",,114.0,105.0,Global
2008-01-26 13:00:00,229594,warning,"[0, 112, 113, 114]",115.0,,,Global
2008-01-26 17:00:00,231498,drift,"[0, 112, 113, 114]",,,,Global
2008-01-26 17:00:00,231498,promotion,"[0, 113, 114, 115]",,115.0,112.0,Global
2008-01-26 17:00:00,9898,drift,"[0, 18, 19, 20]",,,,Northeast
2008-01-26 17:00:00,9898,promotion,"[0, 19, 20, 21]",,21.0,18.0,Northeast
2008-01-26 17:00:00,231658,warning,"[0, 113, 114, 115]",116.0,,,Global
2008-01-26 17:00:00,109498,drift,"[0, 23, 24, 26]",,,,West
2008-01-26 17:00:00,109498,promotion,"[0, 23, 24, 27]",,27.0,26.0,West
2008-01-26 18:00:00,109626,warning,"[0, 23, 24, 27]",28.0,,,West
2008-01-26 19:00:00,32098,drift,"[0, 47, 48, 50]",,,,Midwest
2008-01-26 19:00:00,32098,promotion,"[0, 47, 48, 51]",,51.0,50.0,Midwest
2008-01-26 21:00:00,32194,warning,"[0, 47, 48, 51]",52.0,,,Midwest
2008-01-27 06:00:00,9962,warning,"[0, 19, 20, 21]",22.0,,,Northeast
2008-01-27 07:00:00,233498,drift,"[0, 113, 114, 115]",,,,Global
2008-01-27 07:00:00,233498,promotion,"[0, 113, 115, 116]",,116.0,114.0,Global
2008-01-27 07:00:00,233562,warning,"[0, 113, 115, 116]",117.0,,,Global
2008-01-27 10:00:00,235498,drift,"[0, 113, 115, 116]",,,,Global
2008-01-27 10:00:00,235498,promotion,"[0, 113, 115, 117]",,117.0,116.0,Global
2008-01-27 10:00:00,235530,warning,"[0, 113, 115, 117]",118.0,,,Global
2008-01-27 12:00:00,32698,drift,"[0, 47, 48, 51]",,,,Midwest
2008-01-27 12:00:00,32698,promotion,"[0, 47, 51, 52]",,52.0,48.0,Midwest
2008-01-27 13:00:00,32762,warning,"[0, 47, 51, 52]",53.0,,,Midwest
2008-01-27 14:00:00,237498,drift,"[0, 113, 115, 117]",,,,Global
2008-01-27 14:00:00,237498,promotion,"[0, 113, 115, 118]",,118.0,117.0,Global
2008-01-27 14:00:00,109498,drift,"[0, 21, 25, 26]",,,,South
2008-01-27 14:00:00,109498,promotion,"[0, 21, 25, 27]",,27.0,26.0,South
2008-01-27 14:00:00,237594,warning,"[0, 113, 115, 118]",119.0,,,Global
2008-01-27 14:00:00,109658,warning,"[0, 21, 25, 27]",28.0,,,South
2008-01-27 17:00:00,239498,drift,"[0, 113, 115, 118]",,,,Global
2008-01-27 17:00:00,239498,promotion,"[0, 113, 115, 119]",,119.0,118.0,Global
2008-01-27 17:00:00,239594,warning,"[0, 113, 115, 119]",120.0,,,Global
2008-01-27 19:00:00,113498,drift,"[0, 23, 24, 27]",,,,West
2008-01-27 19:00:00,113498,promotion,"[0, 23, 24, 28]",,28.0,27.0,West
2008-01-27 19:00:00,33298,drift,"[0, 47, 51, 52]",,,,Midwest
2008-01-27 19:00:00,33298,promotion,"[0, 47, 52, 53]",,53.0,51.0,Midwest
2008-01-27 19:00:00,113594,warning,"[0, 23, 24, 28]",29.0,,,West
2008-01-27 20:00:00,33362,warning,"[0, 47, 52, 53]",54.0,,,Midwest
2008-01-27 21:00:00,241498,drift,"[0, 113, 115, 119]",,,,Global
2008-01-27 21:00:00,241498,promotion,"[0, 113, 115, 120]",,120.0,119.0,Global
2008-01-27 22:00:00,241562,warning,"[0, 113, 115, 120]",121.0,,,Global
2008-01-28 06:00:00,10298,drift,"[0, 19, 20, 21]",,,,Northeast
2008-01-28 06:00:00,10298,promotion,"[0, 19, 20, 22]",,22.0,21.0,Northeast
2008-01-28 07:00:00,10362,warning,"[0, 19, 20, 22]",23.0,,,Northeast
2008-01-28 08:00:00,243498,drift,"[0, 113, 115, 120]",,,,Global
2008-01-28 08:00:00,243498,promotion,"[0, 113, 120, 121]",,121.0,115.0,Global
2008-01-28 08:00:00,243562,warning,"[0, 113, 120, 121]",122.0,,,Global
2008-01-28 11:00:00,33898,drift,"[0, 47, 52, 53]",,,,Midwest
2008-01-28 11:00:00,33898,promotion,"[0, 47, 52, 54]",,54.0,53.0,Midwest
2008-01-28 11:00:00,245498,drift,"[0, 113, 120, 121]",,,,Global
2008-01-28 11:00:00,245498,promotion,"[0, 113, 121, 122]",,122.0,120.0,Global
2008-01-28 11:00:00,33930,warning,"[0, 47, 52, 54]",55.0,,,Midwest
2008-01-28 11:00:00,245562,warning,"[0, 113, 121, 122]",123.0,,,Global
2008-01-28 12:00:00,113498,drift,"[0, 21, 25, 27]",,,,South
2008-01-28 12:00:00,113498,promotion,"[0, 21, 25, 28]",,28.0,27.0,South
2008-01-28 13:00:00,113562,warning,"[0, 21, 25, 28]",29.0,,,South
2008-01-28 15:00:00,247498,drift,"[0, 113, 121, 122]",,,,Global
2008-01-28 15:00:00,247498,promotion,"[0, 113, 121, 123]",,123.0,122.0,Global
2008-01-28 15:00:00,247562,warning,"[0, 113, 121, 123]",124.0,,,Global
2008-01-28 18:00:00,117498,drift,"[0, 23, 24, 28]",,,,West
2008-01-28 18:00:00,117498,promotion,"[0, 23, 24, 29]",,29.0,28.0,West
2008-01-28 18:00:00,117562,warning,"[0, 23, 24, 29]",30.0,,,West
2008-01-28 18:00:00,249498,drift,"[0, 113, 121, 123]",,,,Global
2008-01-28 18:00:00,249498,promotion,"[0, 113, 121, 124]",,124.0,123.0,Global
2008-01-28 18:00:00,249562,warning,"[0, 113, 121, 124]",125.0,,,Global
2008-01-28 19:00:00,34498,drift,"[0, 47, 52, 54]",,,,Midwest
2008-01-28 19:00:00,34498,promotion,"[0, 47, 52, 55]",,55.0,54.0,Midwest
2008-01-28 20:00:00,10698,drift,"[0, 19, 20, 22]",,,,Northeast
2008-01-28 20:00:00,10698,promotion,"[0, 19, 20, 23]",,23.0,22.0,Northeast
2008-01-28 20:00:00,34562,warning,"[0, 47, 52, 55]",56.0,,,Midwest
2008-01-28 23:00:00,10730,warning,"[0, 19, 20, 23]",24.0,,,Northeast
2008-01-29 06:00:00,251498,drift,"[0, 113, 121, 124]",,,,Global
2008-01-29 06:00:00,251498,promotion,"[0, 113, 121, 125]",,125.0,124.0,Global
2008-01-29 07:00:00,251626,warning,"[0, 113, 121, 125]",126.0,,,Global
2008-01-29 09:00:00,253498,drift,"[0, 113, 121, 125]",,,,Global
2008-01-29 09:00:00,253498,promotion,"[0, 113, 125, 126]",,126.0,121.0,Global
2008-01-29 10:00:00,253594,warning,"[0, 113, 125, 126]",127.0,,,Global
2008-01-29 11:00:00,35098,drift,"[0, 47, 52, 55]",,,,Midwest
2008-01-29 11:00:00,35098,promotion,"[0, 47, 52, 56]",,56.0,55.0,Midwest
2008-01-29 11:00:00,35130,warning,"[0, 47, 52, 56]",57.0,,,Midwest
2008-01-29 11:00:00,117498,drift,"[0, 21, 25, 28]",,,,South
2008-01-29 11:00:00,117498,promotion,"[0, 21, 28, 29]",,29.0,25.0,South
2008-01-29 12:00:00,117562,warning,"[0, 21, 28, 29]",30.0,,,South
2008-01-29 13:00:00,255498,drift,"[0, 113, 125, 126]",,,,Global
2008-01-29 13:00:00,255498,promotion,"[0, 125, 126, 127]",,127.0,113.0,Global
2008-01-29 13:00:00,255530,warning,"[0, 125, 126, 127]",128.0,,,Global
2008-01-29 17:00:00,121498,drift,"[0, 23, 24, 29]",,,,West
2008-01-29 17:00:00,121498,promotion,"[0, 23, 29, 30]",,30.0,24.0,West
2008-01-29 17:00:00,257498,drift,"[0, 125, 126, 127]",,,,Global
2008-01-29 17:00:00,257498,promotion,"[0, 125, 126, 128]",,128.0,127.0,Global
2008-01-29 17:00:00,257562,warning,"[0, 125, 126, 128]",129.0,,,Global
2008-01-29 17:00:00,121594,warning,"[0, 23, 29, 30]",31.0,,,West
2008-01-29 18:00:00,11098,drift,"[0, 19, 20, 23]",,,,Northeast
2008-01-29 18:00:00,11098,promotion,"[0, 19, 23, 24]",,24.0,20.0,Northeast
2008-01-29 22:00:00,35698,drift,"[0, 47, 52, 56]",,,,Midwest
2008-01-29 22:00:00,35698,promotion,"[0, 47, 52, 57]",,57.0,56.0,Midwest
2008-01-29 23:00:00,11162,warning,"[0, 19, 23, 24]",25.0,,,Northeast
2008-01-30 05:00:00,259498,drift,"[0, 125, 126, 128]",,,,Global
2008-01-30 05:00:00,259498,promotion,"[0, 125, 126, 129]",,129.0,128.0,Global
2008-01-30 06:00:00,259562,warning,"[0, 125, 126, 129]",130.0,,,Global
2008-01-30 06:00:00,35762,warning,"[0, 47, 52, 57]",58.0,,,Midwest
2008-01-30 09:00:00,261498,drift,"[0, 125, 126, 129]",,,,Global
2008-01-30 09:00:00,261498,promotion,"[0, 125, 126, 130]",,130.0,129.0,Global
2008-01-30 09:00:00,261562,warning,"[0, 125, 126, 130]",131.0,,,Global
2008-01-30 11:00:00,121498,drift,"[0, 21, 28, 29]",,,,South
2008-01-30 11:00:00,121498,promotion,"[0, 28, 29, 30]",,30.0,21.0,South
2008-01-30 11:00:00,121594,warning,"[0, 28, 29, 30]",31.0,,,South
2008-01-30 12:00:00,263498,drift,"[0, 125, 126, 130]",,,,Global
2008-01-30 12:00:00,263498,promotion,"[0, 125, 130, 131]",,131.0,126.0,Global
2008-01-30 12:00:00,263562,warning,"[0, 125, 130, 131]",132.0,,,Global
2008-01-30 13:00:00,36298,drift,"[0, 47, 52, 57]",,,,Midwest
2008-01-30 13:00:00,36298,promotion,"[0, 47, 52, 58]",,58.0,57.0,Midwest
2008-01-30 13:00:00,36362,warning,"[0, 47, 52, 58]",59.0,,,Midwest
2008-01-30 16:00:00,125498,drift,"[0, 23, 29, 30]",,,,West
2008-01-30 16:00:00,125498,promotion,"[0, 29, 30, 31]",,31.0,23.0,West
2008-01-30 16:00:00,265498,drift,"[0, 125, 130, 131]",,,,Global
2008-01-30 16:00:00,265498,promotion,"[0, 130, 131, 132]",,132.0,125.0,Global
2008-01-30 16:00:00,125562,warning,"[0, 29, 30, 31]",32.0,,,West
2008-01-30 16:00:00,265594,warning,"[0, 130, 131, 132]",133.0,,,Global
2008-01-30 19:00:00,36898,drift,"[0, 47, 52, 58]",,,,Midwest
2008-01-30 19:00:00,36898,promotion,"[0, 47, 58, 59]",,59.0,52.0,Midwest
2008-01-30 20:00:00,267498,drift,"[0, 130, 131, 132]",,,,Global
2008-01-30 20:00:00,267498,promotion,"[0, 131, 132, 133]",,133.0,130.0,Global
2008-01-30 20:00:00,267562,warning,"[0, 131, 132, 133]",134.0,,,Global
2008-01-30 20:00:00,11498,drift,"[0, 19, 23, 24]",,,,Northeast
2008-01-30 20:00:00,11498,promotion,"[0, 19, 23, 25]",,25.0,24.0,Northeast
2008-01-31 06:00:00,37058,warning,"[0, 47, 58, 59]",60.0,,,Midwest
2008-01-31 07:00:00,11594,warning,"[0, 19, 23, 25]",26.0,,,Northeast
2008-01-31 07:00:00,269498,drift,"[0, 131, 132, 133]",,,,Global
2008-01-31 07:00:00,269498,promotion,"[0, 131, 133, 134]",,134.0,132.0,Global
2008-01-31 07:00:00,269562,warning,"[0, 131, 133, 134]",135.0,,,Global
2008-01-31 09:00:00,125498,drift,"[0, 28, 29, 30]",,,,South
2008-01-31 09:00:00,125498,promotion,"[0, 28, 29, 31]",,31.0,30.0,South
2008-01-31 10:00:00,125530,warning,"[0, 28, 29, 31]",32.0,,,South
2008-01-31 10:00:00,271498,drift,"[0, 131, 133, 134]",,,,Global
2008-01-31 10:00:00,271498,promotion,"[0, 131, 133, 135]",,135.0,134.0,Global
2008-01-31 11:00:00,271594,warning,"[0, 131, 133, 135]",136.0,,,Global
2008-01-31 11:00:00,37498,drift,"[0, 47, 58, 59]",,,,Midwest
2008-01-31 11:00:00,37498,promotion,"[0, 58, 59, 60]",,60.0,47.0,Midwest
2008-01-31 11:00:00,37530,warning,"[0, 58, 59, 60]",61.0,,,Midwest
2008-01-31 14:00:00,273498,drift,"[0, 131, 133, 135]",,,,Global
2008-01-31 14:00:00,273498,promotion,"[0, 131, 133, 136]",,136.0,135.0,Global
2008-01-31 14:00:00,273626,warning,"[0, 131, 133, 136]",137.0,,,Global
2008-01-31 14:00:00,129498,drift,"[0, 29, 30, 31]",,,,West
2008-01-31 14:00:00,129498,promotion,"[0, 30, 31, 32]",,32.0,29.0,West
2008-01-31 15:00:00,129562,warning,"[0, 30, 31, 32]",33.0,,,West
2008-01-31 18:00:00,275498,drift,"[0, 131, 133, 136]",,,,Global
2008-01-31 18:00:00,275498,promotion,"[0, 131, 133, 137]",,137.0,136.0,Global
2008-01-31 18:00:00,275562,warning,"[0, 131, 133, 137]",138.0,,,Global
2008-01-31 19:00:00,11898,drift,"[0, 19, 23, 25]",,,,Northeast
2008-01-31 19:00:00,11898,promotion,"[0, 19, 23, 26]",,26.0,25.0,Northeast
2008-01-31 20:00:00,11930,warning,"[0, 19, 23, 26]",27.0,,,Northeast
2008-02-01 06:00:00,38098,drift,"[0, 58, 59, 60]",,,,Midwest
2008-02-01 06:00:00,38098,promotion,"[0, 58, 59, 61]",,61.0,60.0,Midwest
2008-02-01 06:00:00,38130,warning,"[0, 58, 59, 61]",62.0,,,Midwest
2008-02-01 06:00:00,277498,drift,"[0, 131, 133, 137]",,,,Global
2008-02-01 06:00:00,277498,promotion,"[0, 131, 133, 138]",,138.0,137.0,Global
2008-02-01 06:00:00,277562,warning,"[0, 131, 133, 138]",139.0,,,Global
2008-02-01 08:00:00,129498,drift,"[0, 28, 29, 31]",,,,South
2008-02-01 08:00:00,129498,promotion,"[0, 28, 29, 32]",,32.0,31.0,South
2008-02-01 08:00:00,129530,warning,"[0, 28, 29, 32]",33.0,,,South
2008-02-01 09:00:00,279498,drift,"[0, 131, 133, 138]",,,,Global
2008-02-01 09:00:00,279498,promotion,"[0, 131, 133, 139]",,139.0,138.0,Global
2008-02-01 09:00:00,279562,warning,"[0, 131, 133, 139]",140.0,,,Global
2008-02-01 13:00:00,281498,drift,"[0, 131, 133, 139]",,,,Global
2008-02-01 13:00:00,281498,promotion,"[0, 131, 133, 140]",,140.0,139.0,Global
2008-02-01 13:00:00,281562,warning,"[0, 131, 133, 140]",141.0,,,Global
2008-02-01 13:00:00,133498,drift,"[0, 30, 31, 32]",,,,West
2008-02-01 13:00:00,133498,promotion,"[0, 30, 31, 33]",,33.0,32.0,West
2008-02-01 13:00:00,133562,warning,"[0, 30, 31, 33]",34.0,,,West
2008-02-01 15:00:00,38698,drift,"[0, 58, 59, 61]",,,,Midwest
2008-02-01 15:00:00,38698,promotion,"[0, 58, 59, 62]",,62.0,61.0,Midwest
2008-02-01 17:00:00,38826,warning,"[0, 58, 59, 62]",63.0,,,Midwest
2008-02-01 17:00:00,283498,drift,"[0, 131, 133, 140]",,,,Global
2008-02-01 17:00:00,283498,promotion,"[0, 131, 133, 141]",,141.0,140.0,Global
2008-02-01 17:00:00,283562,warning,"[0, 131, 133, 141]",142.0,,,Global
2008-02-01 21:00:00,285498,drift,"[0, 131, 133, 141]",,,,Global
2008-02-01 21:00:00,285498,promotion,"[0, 131, 133, 142]",,142.0,141.0,Global
2008-02-01 21:00:00,285594,warning,"[0, 131, 133, 142]",143.0,,,Global
2008-02-02 07:00:00,12298,drift,"[0, 19, 23, 26]",,,,Northeast
2008-02-02 07:00:00,12298,promotion,"[0, 19, 23, 27]",,27.0,26.0,Northeast
2008-02-02 07:00:00,39298,drift,"[0, 58, 59, 62]",,,,Midwest
2008-02-02 07:00:00,39298,promotion,"[0, 58, 59, 63]",,63.0,62.0,Midwest
2008-02-02 07:00:00,133498,drift,"[0, 28, 29, 32]",,,,South
2008-02-02 07:00:00,133498,promotion,"[0, 28, 29, 33]",,33.0,32.0,South
2008-02-02 08:00:00,133562,warning,"[0, 28, 29, 33]",34.0,,,South
2008-02-02 08:00:00,39362,warning,"[0, 58, 59, 63]",64.0,,,Midwest
2008-02-02 08:00:00,12330,warning,"[0, 19, 23, 27]",28.0,,,Northeast
2008-02-02 08:00:00,287498,drift,"[0, 131, 133, 142]",,,,Global
2008-02-02 08:00:00,287498,promotion,"[0, 131, 142, 143]",,143.0,133.0,Global
2008-02-02 08:00:00,287562,warning,"[0, 131, 142, 143]",144.0,,,Global
2008-02-02 12:00:00,289498,drift,"[0, 131, 142, 143]",,,,Global
2008-02-02 12:00:00,289498,promotion,"[0, 142, 143, 144]",,144.0,131.0,Global
2008-02-02 12:00:00,137498,drift,"[0, 30, 31, 33]",,,,West
2008-02-02 12:00:00,137498,promotion,"[0, 30, 31, 34]",,34.0,33.0,West
2008-02-02 12:00:00,289594,warning,"[0, 142, 143, 144]",145.0,,,Global
2008-02-02 12:00:00,137562,warning,"[0, 30, 31, 34]",35.0,,,West
2008-02-02 16:00:00,39898,drift,"[0, 58, 59, 63]",,,,Midwest
2008-02-02 16:00:00,39898,promotion,"[0, 58, 63, 64]",,64.0,59.0,Midwest
2008-02-02 16:00:00,291498,drift,"[0, 142, 143, 144]",,,,Global
2008-02-02 16:00:00,291498,promotion,"[0, 143, 144, 145]",,145.0,142.0,Global
2008-02-02 16:00:00,291594,warning,"[0, 143, 144, 145]",146.0,,,Global
2008-02-02 17:00:00,39962,warning,"[0, 58, 63, 64]",65.0,,,Midwest
2008-02-03 06:00:00,293498,drift,"[0, 143, 144, 145]",,,,Global
2008-02-03 06:00:00,293498,promotion,"[0, 144, 145, 146]",,146.0,143.0,Global
2008-02-03 06:00:00,293626,warning,"[0, 144, 145, 146]",147.0,,,Global
2008-02-03 09:00:00,295498,drift,"[0, 144, 145, 146]",,,,Global
2008-02-03 09:00:00,295498,promotion,"[0, 145, 146, 147]",,147.0,144.0,Global
2008-02-03 10:00:00,137498,drift,"[0, 28, 29, 33]",,,,South
2008-02-03 10:00:00,137498,promotion,"[0, 28, 33, 34]",,34.0,29.0,South
2008-02-03 10:00:00,295690,warning,"[0, 145, 146, 147]",148.0,,,Global
2008-02-03 10:00:00,40498,drift,"[0, 58, 63, 64]",,,,Midwest
2008-02-03 10:00:00,40498,promotion,"[0, 63, 64, 65]",,65.0,58.0,Midwest
2008-02-03 10:00:00,137658,warning,"[0, 28, 33, 34]",35.0,,,South
2008-02-03 11:00:00,40562,warning,"[0, 63, 64, 65]",66.0,,,Midwest
2008-02-03 12:00:00,12698,drift,"[0, 19, 23, 27]",,,,Northeast
2008-02-03 12:00:00,12698,promotion,"[0, 19, 23, 28]",,28.0,27.0,Northeast
2008-02-03 13:00:00,297498,drift,"[0, 145, 146, 147]",,,,Global
2008-02-03 13:00:00,297498,promotion,"[0, 146, 147, 148]",,148.0,145.0,Global
2008-02-03 13:00:00,297562,warning,"[0, 146, 147, 148]",149.0,,,Global
2008-02-03 14:00:00,141498,drift,"[0, 30, 31, 34]",,,,West
2008-02-03 14:00:00,141498,promotion,"[0, 30, 31, 35]",,35.0,34.0,West
2008-02-03 14:00:00,12730,warning,"[0, 19, 23, 28]",29.0,,,Northeast
2008-02-03 14:00:00,141626,warning,"[0, 30, 31, 35]",36.0,,,West
2008-02-03 17:00:00,299498,drift,"[0, 146, 147, 148]",,,,Global
2008-02-03 17:00:00,299498,promotion,"[0, 146, 147, 149]",,149.0,148.0,Global
2008-02-03 17:00:00,299562,warning,"[0, 146, 147, 149]",150.0,,,Global
2008-02-03 18:00:00,41098,drift,"[0, 63, 64, 65]",,,,Midwest
2008-02-03 18:00:00,41098,promotion,"[0, 63, 64, 66]",,66.0,65.0,Midwest
2008-02-03 19:00:00,41162,warning,"[0, 63, 64, 66]",67.0,,,Midwest
2008-02-03 21:00:00,301498,drift,"[0, 146, 147, 149]",,,,Global
2008-02-03 21:00:00,301498,promotion,"[0, 146, 147, 150]",,150.0,149.0,Global
2008-02-03 21:00:00,301562,warning,"[0, 146, 147, 150]",151.0,,,Global
2008-02-04 08:00:00,303498,drift,"[0, 146, 147, 150]",,,,Global
2008-02-04 08:00:00,303498,promotion,"[0, 146, 147, 151]",,151.0,150.0,Global
2008-02-04 08:00:00,303562,warning,"[0, 146, 147, 151]",152.0,,,Global
2008-02-04 09:00:00,141498,drift,"[0, 28, 33, 34]",,,,South
2008-02-04 09:00:00,141498,promotion,"[0, 33, 34, 35]",,35.0,28.0,South
2008-02-04 09:00:00,141562,warning,"[0, 33, 34, 35]",36.0,,,South
2008-02-04 11:00:00,305498,drift,"[0, 146, 147, 151]",,,,Global
2008-02-04 11:00:00,305498,promotion,"[0, 146, 151, 152]",,152.0,147.0,Global
2008-02-04 11:00:00,305594,warning,"[0, 146, 151, 152]",153.0,,,Global
2008-02-04 12:00:00,41698,drift,"[0, 63, 64, 66]",,,,Midwest
2008-02-04 12:00:00,41698,promotion,"[0, 63, 64, 67]",,67.0,66.0,Midwest
2008-02-04 13:00:00,13098,drift,"[0, 19, 23, 28]",,,,Northeast
2008-02-04 13:00:00,13098,promotion,"[0, 19, 28, 29]",,29.0,23.0,Northeast
2008-02-04 13:00:00,145498,drift,"[0, 30, 31, 35]",,,,West
2008-02-04 13:00:00,145498,promotion,"[0, 31, 35, 36]",,36.0,30.0,West
2008-02-04 13:00:00,145594,warning,"[0, 31, 35, 36]",37.0,,,West
2008-02-04 14:00:00,41762,warning,"[0, 63, 64, 67]",68.0,,,Midwest
2008-02-04 15:00:00,13162,warning,"[0, 19, 28, 29]",30.0,,,Northeast
2008-02-04 15:00:00,307498,drift,"[0, 146, 151, 152]",,,,Global
2008-02-04 15:00:00,307498,promotion,"[0, 146, 151, 153]",,153.0,152.0,Global
2008-02-04 15:00:00,307562,warning,"[0, 146, 151, 153]",154.0,,,Global
2008-02-04 19:00:00,309498,drift,"[0, 146, 151, 153]",,,,Global
2008-02-04 19:00:00,309498,promotion,"[0, 146, 151, 154]",,154.0,153.0,Global
2008-02-04 19:00:00,309562,warning,"[0, 146, 151, 154]",155.0,,,Global
2008-02-05 07:00:00,145498,drift,"[0, 33, 34, 35]",,,,South
2008-02-05 07:00:00,145498,promotion,"[0, 34, 35, 36]",,36.0,33.0,South
2008-02-05 07:00:00,311498,drift,"[0, 146, 151, 154]",,,,Global
2008-02-05 07:00:00,311498,promotion,"[0, 151, 154, 155]",,155.0,146.0,Global
2008-02-05 07:00:00,311562,warning,"[0, 151, 154, 155]",156.0,,,Global
2008-02-05 08:00:00,145626,warning,"[0, 34, 35, 36]",37.0,,,South
2008-02-05 09:00:00,42298,drift,"[0, 63, 64, 67]",,,,Midwest
2008-02-05 09:00:00,42298,promotion,"[0, 63, 64, 68]",,68.0,67.0,Midwest
2008-02-05 09:00:00,42330,warning,"[0, 63, 64, 68]",69.0,,,Midwest
2008-02-05 11:00:00,313498,drift,"[0, 151, 154, 155]",,,,Global
2008-02-05 11:00:00,313498,promotion,"[0, 154, 155, 156]",,156.0,151.0,Global
2008-02-05 11:00:00,313562,warning,"[0, 154, 155, 156]",157.0,,,Global
2008-02-05 11:00:00,149498,drift,"[0, 31, 35, 36]",,,,West
2008-02-05 11:00:00,149498,promotion,"[0, 31, 35, 37]",,37.0,36.0,West
2008-02-05 12:00:00,149562,warning,"[0, 31, 35, 37]",38.0,,,West
2008-02-05 12:00:00,13498,drift,"[0, 19, 28, 29]",,,,Northeast
2008-02-05 12:00:00,13498,promotion,"[0, 28, 29, 30]",,30.0,19.0,Northeast
2008-02-05 14:00:00,315498,drift,"[0, 154, 155, 156]",,,,Global
2008-02-05 14:00:00,315498,promotion,"[0, 154, 155, 157]",,157.0,156.0,Global
2008-02-05 15:00:00,315562,warning,"[0, 154, 155, 157]",158.0,,,Global
2008-02-05 15:00:00,13562,warning,"[0, 28, 29, 30]",31.0,,,Northeast
2008-02-05 17:00:00,42898,drift,"[0, 63, 64, 68]",,,,Midwest
2008-02-05 17:00:00,42898,promotion,"[0, 63, 64, 69]",,69.0,68.0,Midwest
2008-02-05 18:00:00,42962,warning,"[0, 63, 64, 69]",70.0,,,Midwest
2008-02-05 18:00:00,317498,drift,"[0, 154, 155, 157]",,,,Global
2008-02-05 18:00:00,317498,promotion,"[0, 154, 155, 158]",,158.0,157.0,Global
2008-02-05 18:00:00,317562,warning,"[0, 154, 155, 158]",159.0,,,Global
2008-02-06 07:00:00,319498,drift,"[0, 154, 155, 158]",,,,Global
2008-02-06 07:00:00,319498,promotion,"[0, 154, 155, 159]",,159.0,158.0,Global
2008-02-06 07:00:00,319562,warning,"[0, 154, 155, 159]",160.0,,,Global
2008-02-06 07:00:00,149498,drift,"[0, 34, 35, 36]",,,,South
2008-02-06 07:00:00,149498,promotion,"[0, 34, 35, 37]",,37.0,36.0,South
2008-02-06 07:00:00,149562,warning,"[0, 34, 35, 37]",38.0,,,South
2008-02-06 10:00:00,321498,drift,"[0, 154, 155, 159]",,,,Global
2008-02-06 10:00:00,321498,promotion,"[0, 154, 159, 160]",,160.0,155.0,Global
2008-02-06 10:00:00,321562,warning,"[0, 154, 159, 160]",161.0,,,Global
2008-02-06 10:00:00,153498,drift,"[0, 31, 35, 37]",,,,West
2008-02-06 10:00:00,153498,promotion,"[0, 31, 37, 38]",,38.0,35.0,West
2008-02-06 11:00:00,153562,warning,"[0, 31, 37, 38]",39.0,,,West
2008-02-06 13:00:00,13898,drift,"[0, 28, 29, 30]",,,,Northeast
2008-02-06 13:00:00,13898,promotion,"[0, 28, 29, 31]",,31.0,30.0,Northeast
2008-02-06 13:00:00,43498,drift,"[0, 63, 64, 69]",,,,Midwest
2008-02-06 13:00:00,43498,promotion,"[0, 63, 64, 70]",,70.0,69.0,Midwest
2008-02-06 14:00:00,43530,warning,"[0, 63, 64, 70]",71.0,,,Midwest
2008-02-06 14:00:00,323498,drift,"[0, 154, 159, 160]",,,,Global
2008-02-06 14:00:00,323498,promotion,"[0, 154, 159, 161]",,161.0,160.0,Global
2008-02-06 15:00:00,323562,warning,"[0, 154, 159, 161]",162.0,,,Global
2008-02-06 17:00:00,13994,warning,"[0, 28, 29, 31]",32.0,,,Northeast
2008-02-06 19:00:00,325498,drift,"[0, 154, 159, 161]",,,,Global
2008-02-06 19:00:00,325498,promotion,"[0, 154, 159, 162]",,162.0,161.0,Global
2008-02-06 19:00:00,325562,warning,"[0, 154, 159, 162]",163.0,,,Global
2008-02-07 06:00:00,153498,drift,"[0, 34, 35, 37]",,,,South
2008-02-07 06:00:00,153498,promotion,"[0, 34, 35, 38]",,38.0,37.0,South
2008-02-07 06:00:00,153562,warning,"[0, 34, 35, 38]",39.0,,,South
2008-02-07 07:00:00,327498,drift,"[0, 154, 159, 162]",,,,Global
2008-02-07 07:00:00,327498,promotion,"[0, 154, 159, 163]",,163.0,162.0,Global
2008-02-07 07:00:00,327562,warning,"[0, 154, 159, 163]",164.0,,,Global
2008-02-07 09:00:00,44098,drift,"[0, 63, 64, 70]",,,,Midwest
2008-02-07 09:00:00,44098,promotion,"[0, 63, 64, 71]",,71.0,70.0,Midwest
2008-02-07 09:00:00,44130,warning,"[0, 63, 64, 71]",72.0,,,Midwest
2008-02-07 09:00:00,157498,drift,"[0, 31, 37, 38]",,,,West
2008-02-07 09:00:00,157498,promotion,"[0, 37, 38, 39]",,39.0,31.0,West
2008-02-07 09:00:00,157594,warning,"[0, 37, 38, 39]",40.0,,,West
2008-02-07 10:00:00,329498,drift,"[0, 154, 159, 163]",,,,Global
2008-02-07 10:00:00,329498,promotion,"[0, 159, 163, 164]",,164.0,154.0,Global
2008-02-07 10:00:00,329562,warning,"[0, 159, 163, 164]",165.0,,,Global
2008-02-07 12:00:00,14298,drift,"[0, 28, 29, 31]",,,,Northeast
2008-02-07 12:00:00,14298,promotion,"[0, 28, 31, 32]",,32.0,29.0,Northeast
2008-02-07 13:00:00,331498,drift,"[0, 159, 163, 164]",,,,Global
2008-02-07 13:00:00,331498,promotion,"[0, 163, 164, 165]",,165.0,159.0,Global
2008-02-07 13:00:00,331594,warning,"[0, 163, 164, 165]",166.0,,,Global
2008-02-07 15:00:00,14362,warning,"[0, 28, 31, 32]",33.0,,,Northeast
2008-02-07 16:00:00,44698,drift,"[0, 63, 64, 71]",,,,Midwest
2008-02-07 16:00:00,44698,promotion,"[0, 63, 64, 72]",,72.0,71.0,Midwest
2008-02-07 17:00:00,333498,drift,"[0, 163, 164, 165]",,,,Global
2008-02-07 17:00:00,333498,promotion,"[0, 163, 164, 166]",,166.0,165.0,Global
2008-02-07 17:00:00,44762,warning,"[0, 63, 64, 72]",73.0,,,Midwest
2008-02-07 17:00:00,333594,warning,"[0, 163, 164, 166]",167.0,,,Global
2008-02-07 21:00:00,157498,drift,"[0, 34, 35, 38]",,,,South
2008-02-07 21:00:00,157498,promotion,"[0, 34, 38, 39]",,39.0,35.0,South
2008-02-07 21:00:00,335498,drift,"[0, 163, 164, 166]",,,,Global
2008-02-07 21:00:00,335498,promotion,"[0, 164, 166, 167]",,167.0,163.0,Global
2008-02-07 21:00:00,335562,warning,"[0, 164, 166, 167]",168.0,,,Global
2008-02-07 21:00:00,157594,warning,"[0, 34, 38, 39]",40.0,,,South
2008-02-08 07:00:00,45298,drift,"[0, 63, 64, 72]",,,,Midwest
2008-02-08 07:00:00,45298,promotion,"[0, 63, 72, 73]",,73.0,64.0,Midwest
2008-02-08 08:00:00,161498,drift,"[0, 37, 38, 39]",,,,West
2008-02-08 08:00:00,161498,promotion,"[0, 37, 38, 40]",,40.0,39.0,West
2008-02-08 08:00:00,337498,drift,"[0, 164, 166, 167]",,,,Global
2008-02-08 08:00:00,337498,promotion,"[0, 166, 167, 168]",,168.0,164.0,Global
2008-02-08 08:00:00,337562,warning,"[0, 166, 167, 168]",169.0,,,Global
2008-02-08 08:00:00,161562,warning,"[0, 37, 38, 40]",41.0,,,West
2008-02-08 08:00:00,45362,warning,"[0, 63, 72, 73]",74.0,,,Midwest
2008-02-08 11:00:00,339498,drift,"[0, 166, 167, 168]",,,,Global
2008-02-08 11:00:00,339498,promotion,"[0, 167, 168, 169]",,169.0,166.0,Global
2008-02-08 11:00:00,339562,warning,"[0, 167, 168, 169]",170.0,,,Global
2008-02-08 11:00:00,14698,drift,"[0, 28, 31, 32]",,,,Northeast
2008-02-08 11:00:00,14698,promotion,"[0, 28, 32, 33]",,33.0,31.0,Northeast
2008-02-08 14:00:00,14762,warning,"[0, 28, 32, 33]",34.0,,,Northeast
2008-02-08 14:00:00,341498,drift,"[0, 167, 168, 169]",,,,Global
2008-02-08 14:00:00,341498,promotion,"[0, 167, 168, 170]",,170.0,169.0,Global
2008-02-08 14:00:00,341530,warning,"[0, 167, 168, 170]",171.0,,,Global
2008-02-08 15:00:00,45898,drift,"[0, 63, 72, 73]",,,,Midwest
2008-02-08 15:00:00,45898,promotion,"[0, 72, 73, 74]",,74.0,63.0,Midwest
2008-02-08 16:00:00,45962,warning,"[0, 72, 73, 74]",75.0,,,Midwest
2008-02-08 18:00:00,343498,drift,"[0, 167, 168, 170]",,,,Global
2008-02-08 18:00:00,343498,promotion,"[0, 167, 168, 171]",,171.0,170.0,Global
2008-02-08 18:00:00,343594,warning,"[0, 167, 168, 171]",172.0,,,Global
2008-02-08 19:00:00,161498,drift,"[0, 34, 38, 39]",,,,South
2008-02-08 19:00:00,161498,promotion,"[0, 38, 39, 40]",,40.0,34.0,South
2008-02-08 19:00:00,161594,warning,"[0, 38, 39, 40]",41.0,,,South
2008-02-09 06:00:00,345498,drift,"[0, 167, 168, 171]",,,,Global
2008-02-09 06:00:00,345498,promotion,"[0, 167, 168, 172]",,172.0,171.0,Global
2008-02-09 06:00:00,345594,warning,"[0, 167, 168, 172]",173.0,,,Global
2008-02-09 06:00:00,165498,drift,"[0, 37, 38, 40]",,,,West
2008-02-09 06:00:00,165498,promotion,"[0, 38, 40, 41]",,41.0,37.0,West
2008-02-09 07:00:00,46498,drift,"[0, 72, 73, 74]",,,,Midwest
2008-02-09 07:00:00,46498,promotion,"[0, 72, 74, 75]",,75.0,73.0,Midwest
2008-02-09 07:00:00,165626,warning,"[0, 38, 40, 41]",42.0,,,West
2008-02-09 09:00:00,46626,warning,"[0, 72, 74, 75]",76.0,,,Midwest
2008-02-09 09:00:00,347498,drift,"[0, 167, 168, 172]",,,,Global
2008-02-09 09:00:00,347498,promotion,"[0, 167, 172, 173]",,173.0,168.0,Global
2008-02-09 09:00:00,347594,warning,"[0, 167, 172, 173]",174.0,,,Global
2008-02-09 13:00:00,15098,drift,"[0, 28, 32, 33]",,,,Northeast
2008-02-09 13:00:00,15098,promotion,"[0, 28, 33, 34]",,34.0,32.0,Northeast
2008-02-09 13:00:00,349498,drift,"[0, 167, 172, 173]",,,,Global
2008-02-09 13:00:00,349498,promotion,"[0, 167, 172, 174]",,174.0,173.0,Global
2008-02-09 13:00:00,349594,warning,"[0, 167, 172, 174]",175.0,,,Global
2008-02-09 15:00:00,47098,drift,"[0, 72, 74, 75]",,,,Midwest
2008-02-09 15:00:00,47098,promotion,"[0, 72, 75, 76]",,76.0,74.0,Midwest
2008-02-09 16:00:00,15162,warning,"[0, 28, 33, 34]",35.0,,,Northeast
2008-02-09 17:00:00,47194,warning,"[0, 72, 75, 76]",77.0,,,Midwest
2008-02-09 17:00:00,351498,drift,"[0, 167, 172, 174]",,,,Global
2008-02-09 17:00:00,351498,promotion,"[0, 167, 172, 175]",,175.0,174.0,Global
2008-02-09 18:00:00,351594,warning,"[0, 167, 172, 175]",176.0,,,Global
2008-02-09 22:00:00,165498,drift,"[0, 38, 39, 40]",,,,South
2008-02-09 22:00:00,165498,promotion,"[0, 39, 40, 41]",,41.0,38.0,South
2008-02-10 06:00:00,165594,warning,"[0, 39, 40, 41]",42.0,,,South
2008-02-10 07:00:00,353498,drift,"[0, 167, 172, 175]",,,,Global
2008-02-10 07:00:00,353498,promotion,"[0, 167, 172, 176]",,176.0,175.0,Global
2008-02-10 07:00:00,353562,warning,"[0, 167, 172, 176]",177.0,,,Global
2008-02-10 08:00:00,169498,drift,"[0, 38, 40, 41]",,,,West
2008-02-10 08:00:00,169498,promotion,"[0, 38, 40, 42]",,42.0,41.0,West
2008-02-10 08:00:00,169562,warning,"[0, 38, 40, 42]",43.0,,,West
2008-02-10 10:00:00,47698,drift,"[0, 72, 75, 76]",,,,Midwest
2008-02-10 10:00:00,47698,promotion,"[0, 72, 75, 77]",,77.0,76.0,Midwest
2008-02-10 10:00:00,355498,drift,"[0, 167, 172, 176]",,,,Global
2008-02-10 10:00:00,355498,promotion,"[0, 167, 176, 177]",,177.0,172.0,Global
2008-02-10 11:00:00,355562,warning,"[0, 167, 176, 177]",178.0,,,Global
2008-02-10 11:00:00,47762,warning,"[0, 72, 75, 77]",78.0,,,Midwest
2008-02-10 14:00:00,357498,drift,"[0, 167, 176, 177]",,,,Global
2008-02-10 14:00:00,357498,promotion,"[0, 167, 176, 178]",,178.0,177.0,Global
2008-02-10 14:00:00,357562,warning,"[0, 167, 176, 178]",179.0,,,Global
2008-02-10 17:00:00,359498,drift,"[0, 167, 176, 178]",,,,Global
2008-02-10 17:00:00,359498,promotion,"[0, 167, 176, 179]",,179.0,178.0,Global
2008-02-10 18:00:00,359562,warning,"[0, 167, 176, 179]",180.0,,,Global
2008-02-10 18:00:00,48298,drift,"[0, 72, 75, 77]",,,,Midwest
2008-02-10 18:00:00,48298,promotion,"[0, 72, 75, 78]",,78.0,77.0,Midwest
2008-02-10 19:00:00,48362,warning,"[0, 72, 75, 78]",79.0,,,Midwest
2008-02-10 20:00:00,15498,drift,"[0, 28, 33, 34]",,,,Northeast
2008-02-10 20:00:00,15498,promotion,"[0, 28, 33, 35]",,35.0,34.0,Northeast
2008-02-10 21:00:00,169498,drift,"[0, 39, 40, 41]",,,,South
2008-02-10 21:00:00,169498,promotion,"[0, 39, 40, 42]",,42.0,41.0,South
2008-02-10 22:00:00,169562,warning,"[0, 39, 40, 42]",43.0,,,South
2008-02-10 22:00:00,15530,warning,"[0, 28, 33, 35]",36.0,,,Northeast
2008-02-11 06:00:00,361498,drift,"[0, 167, 176, 179]",,,,Global
2008-02-11 06:00:00,361498,promotion,"[0, 167, 176, 180]",,180.0,179.0,Global
2008-02-11 06:00:00,361562,warning,"[0, 167, 176, 180]",181.0,,,Global
2008-02-11 06:00:00,173498,drift,"[0, 38, 40, 42]",,,,West
2008-02-11 06:00:00,173498,promotion,"[0, 38, 40, 43]",,43.0,42.0,West
2008-02-11 06:00:00,173594,warning,"[0, 38, 40, 43]",44.0,,,West
2008-02-11 09:00:00,363498,drift,"[0, 167, 176, 180]",,,,Global
2008-02-11 09:00:00,363498,promotion,"[0, 167, 176, 181]",,181.0,180.0,Global
2008-02-11 09:00:00,363562,warning,"[0, 167, 176, 181]",182.0,,,Global
2008-02-11 09:00:00,48898,drift,"[0, 72, 75, 78]",,,,Midwest
2008-02-11 09:00:00,48898,promotion,"[0, 72, 75, 79]",,79.0,78.0,Midwest
2008-02-11 11:00:00,49026,warning,"[0, 72, 75, 79]",80.0,,,Midwest
2008-02-11 12:00:00,365498,drift,"[0, 167, 176, 181]",,,,Global
2008-02-11 12:00:00,365498,promotion,"[0, 167, 181, 182]",,182.0,176.0,Global
2008-02-11 12:00:00,365562,warning,"[0, 167, 181, 182]",183.0,,,Global
2008-02-11 15:00:00,367498,drift,"[0, 167, 181, 182]",,,,Global
2008-02-11 15:00:00,367498,promotion,"[0, 167, 182, 183]",,183.0,181.0,Global
2008-02-11 16:00:00,367562,warning,"[0, 167, 182, 183]",184.0,,,Global
2008-02-11 17:00:00,49498,drift,"[0, 72, 75, 79]",,,,Midwest
2008-02-11 17:00:00,49498,promotion,"[0, 72, 75, 80]",,80.0,79.0,Midwest
2008-02-11 18:00:00,49562,warning,"[0, 72, 75, 80]",81.0,,,Midwest
2008-02-11 19:00:00,173498,drift,"[0, 39, 40, 42]",,,,South
2008-02-11 19:00:00,173498,promotion,"[0, 39, 40, 43]",,43.0,42.0,South
2008-02-11 19:00:00,369498,drift,"[0, 167, 182, 183]",,,,Global
2008-02-11 19:00:00,369498,promotion,"[0, 167, 182, 184]",,184.0,183.0,Global
2008-02-11 19:00:00,369594,warning,"[0, 167, 182, 184]",185.0,,,Global
2008-02-11 19:00:00,173562,warning,"[0, 39, 40, 43]",44.0,,,South
2008-02-11 19:00:00,15898,drift,"[0, 28, 33, 35]",,,,Northeast
2008-02-11 19:00:00,15898,promotion,"[0, 28, 33, 36]",,36.0,35.0,Northeast
2008-02-11 21:00:00,177498,drift,"[0, 38, 40, 43]",,,,West
2008-02-11 21:00:00,177498,promotion,"[0, 38, 40, 44]",,44.0,43.0,West
2008-02-11 23:00:00,177594,warning,"[0, 38, 40, 44]",45.0,,,West
2008-02-12 06:00:00,15962,warning,"[0, 28, 33, 36]",37.0,,,Northeast
2008-02-12 07:00:00,371498,drift,"[0, 167, 182, 184]",,,,Global
2008-02-12 07:00:00,371498,promotion,"[0, 167, 182, 185]",,185.0,184.0,Global
2008-02-12 07:00:00,371562,warning,"[0, 167, 182, 185]",186.0,,,Global
2008-02-12 09:00:00,50098,drift,"[0, 72, 75, 80]",,,,Midwest
2008-02-12 09:00:00,50098,promotion,"[0, 72, 75, 81]",,81.0,80.0,Midwest
2008-02-12 10:00:00,50162,warning,"[0, 72, 75, 81]",82.0,,,Midwest
2008-02-12 10:00:00,373498,drift,"[0, 167, 182, 185]",,,,Global
2008-02-12 10:00:00,373498,promotion,"[0, 167, 182, 186]",,186.0,185.0,Global
2008-02-12 11:00:00,373594,warning,"[0, 167, 182, 186]",187.0,,,Global
2008-02-12 14:00:00,375498,drift,"[0, 167, 182, 186]",,,,Global
2008-02-12 14:00:00,375498,promotion,"[0, 167, 182, 187]",,187.0,186.0,Global
2008-02-12 15:00:00,375658,warning,"[0, 167, 182, 187]",188.0,,,Global
2008-02-12 18:00:00,377498,drift,"[0, 167, 182, 187]",,,,Global
2008-02-12 18:00:00,377498,promotion,"[0, 167, 182, 188]",,188.0,187.0,Global
2008-02-12 19:00:00,377562,warning,"[0, 167, 182, 188]",189.0,,,Global
2008-02-12 19:00:00,50698,drift,"[0, 72, 75, 81]",,,,Midwest
2008-02-12 19:00:00,50698,promotion,"[0, 72, 75, 82]",,82.0,81.0,Midwest
2008-02-12 19:00:00,177498,drift,"[0, 39, 40, 43]",,,,South
2008-02-12 19:00:00,177498,promotion,"[0, 39, 40, 44]",,44.0,43.0,South
2008-02-12 19:00:00,177562,warning,"[0, 39, 40, 44]",45.0,,,South
2008-02-12 20:00:00,50762,warning,"[0, 72, 75, 82]",83.0,,,Midwest
2008-02-12 20:00:00,181498,drift,"[0, 38, 40, 44]",,,,West
2008-02-12 20:00:00,181498,promotion,"[0, 38, 44, 45]",,45.0,40.0,West
2008-02-12 20:00:00,181562,warning,"[0, 38, 44, 45]",46.0,,,West
2008-02-13 06:00:00,16298,drift,"[0, 28, 33, 36]",,,,Northeast
2008-02-13 06:00:00,16298,promotion,"[0, 28, 33, 37]",,37.0,36.0,Northeast
2008-02-13 07:00:00,379498,drift,"[0, 167, 182, 188]",,,,Global
2008-02-13 07:00:00,379498,promotion,"[0, 182, 188, 189]",,189.0,167.0,Global
2008-02-13 07:00:00,379594,warning,"[0, 182, 188, 189]",190.0,,,Global
2008-02-13 07:00:00,16330,warning,"[0, 28, 33, 37]",38.0,,,Northeast
2008-02-13 11:00:00,381498,drift,"[0, 182, 188, 189]",,,,Global
2008-02-13 11:00:00,381498,promotion,"[0, 182, 189, 190]",,190.0,188.0,Global
2008-02-13 11:00:00,381594,warning,"[0, 182, 189, 190]",191.0,,,Global
2008-02-13 11:00:00,51298,drift,"[0, 72, 75, 82]",,,,Midwest
2008-02-13 11:00:00,51298,promotion,"[0, 75, 82, 83]",,83.0,72.0,Midwest
2008-02-13 12:00:00,51362,warning,"[0, 75, 82, 83]",84.0,,,Midwest
2008-02-13 14:00:00,383498,drift,"[0, 182, 189, 190]",,,,Global
2008-02-13 14:00:00,383498,promotion,"[0, 182, 190, 191]",,191.0,189.0,Global
2008-02-13 14:00:00,383562,warning,"[0, 182, 190, 191]",192.0,,,Global
2008-02-13 18:00:00,181498,drift,"[0, 39, 40, 44]",,,,South
2008-02-13 18:00:00,181498,promotion,"[0, 39, 40, 45]",,45.0,44.0,South
2008-02-13 18:00:00,51898,drift,"[0, 75, 82, 83]",,,,Midwest
2008-02-13 18:00:00,51898,promotion,"[0, 75, 83, 84]",,84.0,82.0,Midwest
2008-02-13 18:00:00,385498,drift,"[0, 182, 190, 191]",,,,Global
2008-02-13 18:00:00,385498,promotion,"[0, 182, 191, 192]",,192.0,190.0,Global
2008-02-13 18:00:00,181594,warning,"[0, 39, 40, 45]",46.0,,,South
2008-02-13 18:00:00,385594,warning,"[0, 182, 191, 192]",193.0,,,Global
2008-02-13 19:00:00,185498,drift,"[0, 38, 44, 45]",,,,West
2008-02-13 19:00:00,185498,promotion,"[0, 38, 44, 46]",,46.0,45.0,West
2008-02-13 19:00:00,185530,warning,"[0, 38, 44, 46]",47.0,,,West
2008-02-13 19:00:00,51994,warning,"[0, 75, 83, 84]",85.0,,,Midwest
2008-02-14 06:00:00,387498,drift,"[0, 182, 191, 192]",,,,Global
2008-02-14 06:00:00,387498,promotion,"[0, 182, 191, 193]",,193.0,192.0,Global
2008-02-14 06:00:00,387562,warning,"[0, 182, 191, 193]",194.0,,,Global
2008-02-14 09:00:00,389498,drift,"[0, 182, 191, 193]",,,,Global
2008-02-14 09:00:00,389498,promotion,"[0, 191, 193, 194]",,194.0,182.0,Global
2008-02-14 09:00:00,52498,drift,"[0, 75, 83, 84]",,,,Midwest
2008-02-14 09:00:00,52498,promotion,"[0, 83, 84, 85]",,85.0,75.0,Midwest
2008-02-14 09:00:00,389626,warning,"[0, 191, 193, 194]",195.0,,,Global
2008-02-14 09:00:00,16698,drift,"[0, 28, 33, 37]",,,,Northeast
2008-02-14 09:00:00,16698,promotion,"[0, 28, 33, 38]",,38.0,37.0,Northeast
2008-02-14 10:00:00,52562,warning,"[0, 83, 84, 85]",86.0,,,Midwest
2008-02-14 11:00:00,16730,warning,"[0, 28, 33, 38]",39.0,,,Northeast
2008-02-14 12:00:00,391498,drift,"[0, 191, 193, 194]",,,,Global
2008-02-14 12:00:00,391498,promotion,"[0, 193, 194, 195]",,195.0,191.0,Global
2008-02-14 13:00:00,391658,warning,"[0, 193, 194, 195]",196.0,,,Global
2008-02-14 16:00:00,393498,drift,"[0, 193, 194, 195]",,,,Global
2008-02-14 16:00:00,393498,promotion,"[0, 194, 195, 196]",,196.0,193.0,Global
2008-02-14 16:00:00,393562,warning,"[0, 194, 195, 196]",197.0,,,Global
2008-02-14 16:00:00,185498,drift,"[0, 39, 40, 45]",,,,South
2008-02-14 16:00:00,185498,promotion,"[0, 39, 40, 46]",,46.0,45.0,South
2008-02-14 17:00:00,53098,drift,"[0, 83, 84, 85]",,,,Midwest
2008-02-14 17:00:00,53098,promotion,"[0, 84, 85, 86]",,86.0,83.0,Midwest
2008-02-14 17:00:00,185594,warning,"[0, 39, 40, 46]",47.0,,,South
2008-02-14 17:00:00,53162,warning,"[0, 84, 85, 86]",87.0,,,Midwest
2008-02-14 17:00:00,189498,drift,"[0, 38, 44, 46]",,,,West
2008-02-14 17:00:00,189498,promotion,"[0, 38, 44, 47]",,47.0,46.0,West
2008-02-14 18:00:00,189562,warning,"[0, 38, 44, 47]",48.0,,,West
2008-02-14 19:00:00,395498,drift,"[0, 194, 195, 196]",,,,Global
2008-02-14 19:00:00,395498,promotion,"[0, 195, 196, 197]",,197.0,194.0,Global
2008-02-14 19:00:00,395562,warning,"[0, 195, 196, 197]",198.0,,,Global
2008-02-15 07:00:00,397498,drift,"[0, 195, 196, 197]",,,,Global
2008-02-15 07:00:00,397498,promotion,"[0, 195, 196, 198]",,198.0,197.0,Global
2008-02-15 07:00:00,397594,warning,"[0, 195, 196, 198]",199.0,,,Global
2008-02-15 08:00:00,53698,drift,"[0, 84, 85, 86]",,,,Midwest
2008-02-15 08:00:00,53698,promotion,"[0, 84, 85, 87]",,87.0,86.0,Midwest
2008-02-15 08:00:00,53762,warning,"[0, 84, 85, 87]",88.0,,,Midwest
2008-02-15 09:00:00,17098,drift,"[0, 28, 33, 38]",,,,Northeast
2008-02-15 09:00:00,17098,promotion,"[0, 28, 38, 39]",,39.0,33.0,Northeast
2008-02-15 09:00:00,399498,drift,"[0, 195, 196, 198]",,,,Global
2008-02-15 09:00:00,399498,promotion,"[0, 195, 196, 199]",,199.0,198.0,Global
2008-02-15 10:00:00,399562,warning,"[0, 195, 196, 199]",200.0,,,Global
2008-02-15 11:00:00,17162,warning,"[0, 28, 38, 39]",40.0,,,Northeast
2008-02-15 13:00:00,401498,drift,"[0, 195, 196, 199]",,,,Global
2008-02-15 13:00:00,401498,promotion,"[0, 196, 199, 200]",,200.0,195.0,Global
2008-02-15 13:00:00,401626,warning,"[0, 196, 199, 200]",201.0,,,Global
2008-02-15 15:00:00,189498,drift,"[0, 39, 40, 46]",,,,South
2008-02-15 15:00:00,189498,promotion,"[0, 40, 46, 47]",,47.0,39.0,South
2008-02-15 15:00:00,189562,warning,"[0, 40, 46, 47]",48.0,,,South
2008-02-15 15:00:00,54298,drift,"[0, 84, 85, 87]",,,,Midwest
2008-02-15 15:00:00,54298,promotion,"[0, 84, 87, 88]",,88.0,85.0,Midwest
2008-02-15 16:00:00,193498,drift,"[0, 38, 44, 47]",,,,West
2008-02-15 16:00:00,193498,promotion,"[0, 38, 44, 48]",,48.0,47.0,West
2008-02-15 16:00:00,54362,warning,"[0, 84, 87, 88]",89.0,,,Midwest
2008-02-15 16:00:00,193658,warning,"[0, 38, 44, 48]",49.0,,,West
2008-02-15 16:00:00,403498,drift,"[0, 196, 199, 200]",,,,Global
2008-02-15 16:00:00,403498,promotion,"[0, 196, 199, 201]",,201.0,200.0,Global
2008-02-15 16:00:00,403562,warning,"[0, 196, 199, 201]",202.0,,,Global
2008-02-15 19:00:00,405498,drift,"[0, 196, 199, 201]",,,,Global
2008-02-15 19:00:00,405498,promotion,"[0, 196, 199, 202]",,202.0,201.0,Global
2008-02-15 20:00:00,405626,warning,"[0, 196, 199, 202]",203.0,,,Global
2008-02-16 06:00:00,54898,drift,"[0, 84, 87, 88]",,,,Midwest
2008-02-16 06:00:00,54898,promotion,"[0, 84, 88, 89]",,89.0,87.0,Midwest
2008-02-16 07:00:00,407498,drift,"[0, 196, 199, 202]",,,,Global
2008-02-16 07:00:00,407498,promotion,"[0, 196, 202, 203]",,203.0,199.0,Global
2008-02-16 07:00:00,54962,warning,"[0, 84, 88, 89]",90.0,,,Midwest
2008-02-16 07:00:00,407594,warning,"[0, 196, 202, 203]",204.0,,,Global
2008-02-16 09:00:00,17498,drift,"[0, 28, 38, 39]",,,,Northeast
2008-02-16 09:00:00,17498,promotion,"[0, 28, 39, 40]",,40.0,38.0,Northeast
2008-02-16 11:00:00,409498,drift,"[0, 196, 202, 203]",,,,Global
2008-02-16 11:00:00,409498,promotion,"[0, 196, 202, 204]",,204.0,203.0,Global
2008-02-16 11:00:00,409562,warning,"[0, 196, 202, 204]",205.0,,,Global
2008-02-16 14:00:00,197498,drift,"[0, 38, 44, 48]",,,,West
2008-02-16 14:00:00,197498,promotion,"[0, 38, 48, 49]",,49.0,44.0,West
2008-02-16 14:00:00,411498,drift,"[0, 196, 202, 204]",,,,Global
2008-02-16 14:00:00,411498,promotion,"[0, 196, 202, 205]",,205.0,204.0,Global
2008-02-16 15:00:00,197562,warning,"[0, 38, 48, 49]",50.0,,,West
2008-02-16 15:00:00,411562,warning,"[0, 196, 202, 205]",206.0,,,Global
2008-02-16 15:00:00,193498,drift,"[0, 40, 46, 47]",,,,South
2008-02-16 15:00:00,193498,promotion,"[0, 40, 46, 48]",,48.0,47.0,South
2008-02-16 15:00:00,193562,warning,"[0, 40, 46, 48]",49.0,,,South
2008-02-16 15:00:00,55498,drift,"[0, 84, 88, 89]",,,,Midwest
2008-02-16 15:00:00,55498,promotion,"[0, 88, 89, 90]",,90.0,84.0,Midwest
2008-02-16 16:00:00,17626,warning,"[0, 28, 39, 40]",41.0,,,Northeast
2008-02-16 17:00:00,55594,warning,"[0, 88, 89, 90]",91.0,,,Midwest
2008-02-16 19:00:00,413498,drift,"[0, 196, 202, 205]",,,,Global
2008-02-16 19:00:00,413498,promotion,"[0, 196, 202, 206]",,206.0,205.0,Global
2008-02-16 19:00:00,413594,warning,"[0, 196, 202, 206]",207.0,,,Global
2008-02-17 07:00:00,415498,drift,"[0, 196, 202, 206]",,,,Global
2008-02-17 07:00:00,415498,promotion,"[0, 196, 202, 207]",,207.0,206.0,Global
2008-02-17 08:00:00,415594,warning,"[0, 196, 202, 207]",208.0,,,Global
2008-02-17 11:00:00,56098,drift,"[0, 88, 89, 90]",,,,Midwest
2008-02-17 11:00:00,56098,promotion,"[0, 88, 89, 91]",,91.0,90.0,Midwest
2008-02-17 11:00:00,417498,drift,"[0, 196, 202, 207]",,,,Global
2008-02-17 11:00:00,417498,promotion,"[0, 196, 202, 208]",,208.0,207.0,Global
2008-02-17 11:00:00,417594,warning,"[0, 196, 202, 208]",209.0,,,Global
2008-02-17 12:00:00,56130,warning,"[0, 88, 89, 91]",92.0,,,Midwest
2008-02-17 15:00:00,17898,drift,"[0, 28, 39, 40]",,,,Northeast
2008-02-17 15:00:00,17898,promotion,"[0, 39, 40, 41]",,41.0,28.0,Northeast
2008-02-17 15:00:00,419498,drift,"[0, 196, 202, 208]",,,,Global
2008-02-17 15:00:00,419498,promotion,"[0, 196, 202, 209]",,209.0,208.0,Global
2008-02-17 15:00:00,419562,warning,"[0, 196, 202, 209]",210.0,,,Global
2008-02-17 15:00:00,201498,drift,"[0, 38, 48, 49]",,,,West
2008-02-17 15:00:00,201498,promotion,"[0, 38, 49, 50]",,50.0,48.0,West
2008-02-17 15:00:00,201562,warning,"[0, 38, 49, 50]",51.0,,,West
2008-02-17 17:00:00,197498,drift,"[0, 40, 46, 48]",,,,South
2008-02-17 17:00:00,197498,promotion,"[0, 40, 48, 49]",,49.0,46.0,South
2008-02-17 17:00:00,197562,warning,"[0, 40, 48, 49]",50.0,,,South
2008-02-17 18:00:00,421498,drift,"[0, 196, 202, 209]",,,,Global
2008-02-17 18:00:00,421498,promotion,"[0, 196, 202, 210]",,210.0,209.0,Global
2008-02-17 19:00:00,421562,warning,"[0, 196, 202, 210]",211.0,,,Global
2008-02-17 22:00:00,56698,drift,"[0, 88, 89, 91]",,,,Midwest
2008-02-17 22:00:00,56698,promotion,"[0, 88, 89, 92]",,92.0,91.0,Midwest
2008-02-18 06:00:00,18058,warning,"[0, 39, 40, 41]",42.0,,,Northeast
2008-02-18 06:00:00,56794,warning,"[0, 88, 89, 92]",93.0,,,Midwest
2008-02-18 06:00:00,423498,drift,"[0, 196, 202, 210]",,,,Global
2008-02-18 06:00:00,423498,promotion,"[0, 196, 202, 211]",,211.0,210.0,Global
2008-02-18 06:00:00,423562,warning,"[0, 196, 202, 211]",212.0,,,Global
2008-02-18 09:00:00,425498,drift,"[0, 196, 202, 211]",,,,Global
2008-02-18 09:00:00,425498,promotion,"[0, 196, 211, 212]",,212.0,202.0,Global
2008-02-18 09:00:00,425562,warning,"[0, 196, 211, 212]",213.0,,,Global
2008-02-18 13:00:00,427498,drift,"[0, 196, 211, 212]",,,,Global
2008-02-18 13:00:00,427498,promotion,"[0, 196, 212, 213]",,213.0,211.0,Global
2008-02-18 13:00:00,427562,warning,"[0, 196, 212, 213]",214.0,,,Global
2008-02-18 13:00:00,57298,drift,"[0, 88, 89, 92]",,,,Midwest
2008-02-18 13:00:00,57298,promotion,"[0, 88, 89, 93]",,93.0,92.0,Midwest
2008-02-18 13:00:00,205498,drift,"[0, 38, 49, 50]",,,,West
2008-02-18 13:00:00,205498,promotion,"[0, 49, 50, 51]",,51.0,38.0,West
2008-02-18 13:00:00,57362,warning,"[0, 88, 89, 93]",94.0,,,Midwest
2008-02-18 13:00:00,205562,warning,"[0, 49, 50, 51]",52.0,,,West
2008-02-18 16:00:00,201498,drift,"[0, 40, 48, 49]",,,,South
2008-02-18 16:00:00,201498,promotion,"[0, 40, 48, 50]",,50.0,49.0,South
2008-02-18 16:00:00,201562,warning,"[0, 40, 48, 50]",51.0,,,South
2008-02-18 16:00:00,18298,drift,"[0, 39, 40, 41]",,,,Northeast
2008-02-18 16:00:00,18298,promotion,"[0, 39, 40, 42]",,42.0,41.0,Northeast
2008-02-18 16:00:00,429498,drift,"[0, 196, 212, 213]",,,,Global
2008-02-18 16:00:00,429498,promotion,"[0, 196, 212, 214]",,214.0,213.0,Global
2008-02-18 16:00:00,429562,warning,"[0, 196, 212, 214]",215.0,,,Global
2008-02-18 17:00:00,18330,warning,"[0, 39, 40, 42]",43.0,,,Northeast
2008-02-18 19:00:00,431498,drift,"[0, 196, 212, 214]",,,,Global
2008-02-18 19:00:00,431498,promotion,"[0, 196, 212, 215]",,215.0,214.0,Global
2008-02-18 20:00:00,431626,warning,"[0, 196, 212, 215]",216.0,,,Global
2008-02-18 21:00:00,57898,drift,"[0, 88, 89, 93]",,,,Midwest
2008-02-18 21:00:00,57898,promotion,"[0, 88, 89, 94]",,94.0,93.0,Midwest
2008-02-18 22:00:00,57962,warning,"[0, 88, 89, 94]",95.0,,,Midwest
2008-02-19 07:00:00,433498,drift,"[0, 196, 212, 215]",,,,Global
2008-02-19 07:00:00,433498,promotion,"[0, 196, 212, 216]",,216.0,215.0,Global
2008-02-19 07:00:00,433626,warning,"[0, 196, 212, 216]",217.0,,,Global
2008-02-19 10:00:00,435498,drift,"[0, 196, 212, 216]",,,,Global
2008-02-19 10:00:00,435498,promotion,"[0, 196, 216, 217]",,217.0,212.0,Global
2008-02-19 10:00:00,435594,warning,"[0, 196, 216, 217]",218.0,,,Global
2008-02-19 11:00:00,209498,drift,"[0, 49, 50, 51]",,,,West
2008-02-19 11:00:00,209498,promotion,"[0, 49, 51, 52]",,52.0,50.0,West
2008-02-19 12:00:00,209562,warning,"[0, 49, 51, 52]",53.0,,,West
2008-02-19 12:00:00,58498,drift,"[0, 88, 89, 94]",,,,Midwest
2008-02-19 12:00:00,58498,promotion,"[0, 88, 89, 95]",,95.0,94.0,Midwest
2008-02-19 13:00:00,58562,warning,"[0, 88, 89, 95]",96.0,,,Midwest
2008-02-19 13:00:00,437498,drift,"[0, 196, 216, 217]",,,,Global
2008-02-19 13:00:00,437498,promotion,"[0, 216, 217, 218]",,218.0,196.0,Global
2008-02-19 14:00:00,437626,warning,"[0, 216, 217, 218]",219.0,,,Global
2008-02-19 14:00:00,205498,drift,"[0, 40, 48, 50]",,,,South
2008-02-19 14:00:00,205498,promotion,"[0, 40, 50, 51]",,51.0,48.0,South
2008-02-19 15:00:00,205594,warning,"[0, 40, 50, 51]",52.0,,,South
2008-02-19 15:00:00,18698,drift,"[0, 39, 40, 42]",,,,Northeast
2008-02-19 15:00:00,18698,promotion,"[0, 39, 40, 43]",,43.0,42.0,Northeast
2008-02-19 16:00:00,18730,warning,"[0, 39, 40, 43]",44.0,,,Northeast
2008-02-19 17:00:00,439498,drift,"[0, 216, 217, 218]",,,,Global
2008-02-19 17:00:00,439498,promotion,"[0, 216, 217, 219]",,219.0,218.0,Global
2008-02-19 17:00:00,439626,warning,"[0, 216, 217, 219]",220.0,,,Global
2008-02-19 19:00:00,59098,drift,"[0, 88, 89, 95]",,,,Midwest
2008-02-19 19:00:00,59098,promotion,"[0, 89, 95, 96]",,96.0,88.0,Midwest
2008-02-19 21:00:00,59226,warning,"[0, 89, 95, 96]",97.0,,,Midwest
2008-02-19 21:00:00,441498,drift,"[0, 216, 217, 219]",,,,Global
2008-02-19 21:00:00,441498,promotion,"[0, 217, 219, 220]",,220.0,216.0,Global
2008-02-19 21:00:00,441562,warning,"[0, 217, 219, 220]",221.0,,,Global
2008-02-20 08:00:00,443498,drift,"[0, 217, 219, 220]",,,,Global
2008-02-20 08:00:00,443498,promotion,"[0, 219, 220, 221]",,221.0,217.0,Global
2008-02-20 08:00:00,443594,warning,"[0, 219, 220, 221]",222.0,,,Global
2008-02-20 10:00:00,59698,drift,"[0, 89, 95, 96]",,,,Midwest
2008-02-20 10:00:00,59698,promotion,"[0, 95, 96, 97]",,97.0,89.0,Midwest
2008-02-20 10:00:00,213498,drift,"[0, 49, 51, 52]",,,,West
2008-02-20 10:00:00,213498,promotion,"[0, 49, 52, 53]",,53.0,51.0,West
2008-02-20 10:00:00,213594,warning,"[0, 49, 52, 53]",54.0,,,West
2008-02-20 11:00:00,445498,drift,"[0, 219, 220, 221]",,,,Global
2008-02-20 11:00:00,445498,promotion,"[0, 220, 221, 222]",,222.0,219.0,Global
2008-02-20 11:00:00,59762,warning,"[0, 95, 96, 97]",98.0,,,Midwest
2008-02-20 11:00:00,445626,warning,"[0, 220, 221, 222]",223.0,,,Global
2008-02-20 13:00:00,209498,drift,"[0, 40, 50, 51]",,,,South
2008-02-20 13:00:00,209498,promotion,"[0, 40, 51, 52]",,52.0,50.0,South
2008-02-20 13:00:00,209562,warning,"[0, 40, 51, 52]",53.0,,,South
2008-02-20 14:00:00,447498,drift,"[0, 220, 221, 222]",,,,Global
2008-02-20 14:00:00,447498,promotion,"[0, 221, 222, 223]",,223.0,220.0,Global
2008-02-20 14:00:00,447626,warning,"[0, 221, 222, 223]",224.0,,,Global
2008-02-20 15:00:00,19098,drift,"[0, 39, 40, 43]",,,,Northeast
2008-02-20 15:00:00,19098,promotion,"[0, 39, 43, 44]",,44.0,40.0,Northeast
2008-02-20 17:00:00,60298,drift,"[0, 95, 96, 97]",,,,Midwest
2008-02-20 17:00:00,60298,promotion,"[0, 96, 97, 98]",,98.0,95.0,Midwest
2008-02-20 17:00:00,449498,drift,"[0, 221, 222, 223]",,,,Global
2008-02-20 17:00:00,449498,promotion,"[0, 221, 222, 224]",,224.0,223.0,Global
2008-02-20 18:00:00,449594,warning,"[0, 221, 222, 224]",225.0,,,Global
2008-02-20 18:00:00,60362,warning,"[0, 96, 97, 98]",99.0,,,Midwest
2008-02-20 22:00:00,19258,warning,"[0, 39, 43, 44]",45.0,,,Northeast
2008-02-20 22:00:00,451498,drift,"[0, 221, 222, 224]",,,,Global
2008-02-20 22:00:00,451498,promotion,"[0, 222, 224, 225]",,225.0,221.0,Global
2008-02-20 23:00:00,451562,warning,"[0, 222, 224, 225]",226.0,,,Global
2008-02-21 08:00:00,453498,drift,"[0, 222, 224, 225]",,,,Global
2008-02-21 08:00:00,453498,promotion,"[0, 222, 224, 226]",,226.0,225.0,Global
2008-02-21 08:00:00,453562,warning,"[0, 222, 224, 226]",227.0,,,Global
2008-02-21 08:00:00,217498,drift,"[0, 49, 52, 53]",,,,West
2008-02-21 08:00:00,217498,promotion,"[0, 49, 52, 54]",,54.0,53.0,West
2008-02-21 08:00:00,60898,drift,"[0, 96, 97, 98]",,,,Midwest
2008-02-21 08:00:00,60898,promotion,"[0, 96, 98, 99]",,99.0,97.0,Midwest
2008-02-21 09:00:00,217594,warning,"[0, 49, 52, 54]",55.0,,,West
2008-02-21 10:00:00,60994,warning,"[0, 96, 98, 99]",100.0,,,Midwest
2008-02-21 11:00:00,213498,drift,"[0, 40, 51, 52]",,,,South
2008-02-21 11:00:00,213498,promotion,"[0, 51, 52, 53]",,53.0,40.0,South
2008-02-21 11:00:00,213530,warning,"[0, 51, 52, 53]",54.0,,,South
2008-02-21 11:00:00,455498,drift,"[0, 222, 224, 226]",,,,Global
2008-02-21 11:00:00,455498,promotion,"[0, 222, 224, 227]",,227.0,226.0,Global
2008-02-21 11:00:00,455594,warning,"[0, 222, 224, 227]",228.0,,,Global
2008-02-21 14:00:00,19498,drift,"[0, 39, 43, 44]",,,,Northeast
2008-02-21 14:00:00,19498,promotion,"[0, 39, 44, 45]",,45.0,43.0,Northeast
2008-02-21 15:00:00,457498,drift,"[0, 222, 224, 227]",,,,Global
2008-02-21 15:00:00,457498,promotion,"[0, 222, 227, 228]",,228.0,224.0,Global
2008-02-21 15:00:00,457594,warning,"[0, 222, 227, 228]",229.0,,,Global
2008-02-21 16:00:00,61498,drift,"[0, 96, 98, 99]",,,,Midwest
2008-02-21 16:00:00,61498,promotion,"[0, 96, 98, 100]",,100.0,99.0,Midwest
2008-02-21 17:00:00,19594,warning,"[0, 39, 44, 45]",46.0,,,Northeast
2008-02-21 17:00:00,61562,warning,"[0, 96, 98, 100]",101.0,,,Midwest
2008-02-21 18:00:00,459498,drift,"[0, 222, 227, 228]",,,,Global
2008-02-21 18:00:00,459498,promotion,"[0, 222, 227, 229]",,229.0,228.0,Global
2008-02-21 18:00:00,459594,warning,"[0, 222, 227, 229]",230.0,,,Global
2008-02-22 06:00:00,461498,drift,"[0, 222, 227, 229]",,,,Global
2008-02-22 06:00:00,461498,promotion,"[0, 222, 227, 230]",,230.0,229.0,Global
2008-02-22 06:00:00,461562,warning,"[0, 222, 227, 230]",231.0,,,Global
2008-02-22 07:00:00,221498,drift,"[0, 49, 52, 54]",,,,West
2008-02-22 07:00:00,221498,promotion,"[0, 49, 52, 55]",,55.0,54.0,West
2008-02-22 07:00:00,221562,warning,"[0, 49, 52, 55]",56.0,,,West
2008-02-22 08:00:00,62098,drift,"[0, 96, 98, 100]",,,,Midwest
2008-02-22 08:00:00,62098,promotion,"[0, 96, 98, 101]",,101.0,100.0,Midwest
2008-02-22 09:00:00,62194,warning,"[0, 96, 98, 101]",102.0,,,Midwest
2008-02-22 10:00:00,463498,drift,"[0, 222, 227, 230]",,,,Global
2008-02-22 10:00:00,463498,promotion,"[0, 222, 227, 231]",,231.0,230.0,Global
2008-02-22 10:00:00,463562,warning,"[0, 222, 227, 231]",232.0,,,Global
2008-02-22 10:00:00,217498,drift,"[0, 51, 52, 53]",,,,South
2008-02-22 10:00:00,217498,promotion,"[0, 51, 52, 54]",,54.0,53.0,South
2008-02-22 11:00:00,217626,warning,"[0, 51, 52, 54]",55.0,,,South
2008-02-22 14:00:00,465498,drift,"[0, 222, 227, 231]",,,,Global
2008-02-22 14:00:00,465498,promotion,"[0, 222, 227, 232]",,232.0,231.0,Global
2008-02-22 14:00:00,465530,warning,"[0, 222, 227, 232]",233.0,,,Global
2008-02-22 15:00:00,62698,drift,"[0, 96, 98, 101]",,,,Midwest
2008-02-22 15:00:00,62698,promotion,"[0, 96, 101, 102]",,102.0,98.0,Midwest
2008-02-22 16:00:00,62794,warning,"[0, 96, 101, 102]",103.0,,,Midwest
2008-02-22 18:00:00,467498,drift,"[0, 222, 227, 232]",,,,Global
2008-02-22 18:00:00,467498,promotion,"[0, 222, 227, 233]",,233.0,232.0,Global
2008-02-22 18:00:00,467562,warning,"[0, 222, 227, 233]",234.0,,,Global
2008-02-22 23:00:00,225498,drift,"[0, 49, 52, 55]",,,,West
2008-02-22 23:00:00,225498,promotion,"[0, 49, 52, 56]",,56.0,55.0,West
2008-02-23 06:00:00,469498,drift,"[0, 222, 227, 233]",,,,Global
2008-02-23 06:00:00,469498,promotion,"[0, 222, 227, 234]",,234.0,233.0,Global
2008-02-23 06:00:00,225626,warning,"[0, 49, 52, 56]",57.0,,,West
2008-02-23 06:00:00,469626,warning,"[0, 222, 227, 234]",235.0,,,Global
2008-02-23 06:00:00,63298,drift,"[0, 96, 101, 102]",,,,Midwest
2008-02-23 06:00:00,63298,promotion,"[0, 101, 102, 103]",,103.0,96.0,Midwest
2008-02-23 07:00:00,19898,drift,"[0, 39, 44, 45]",,,,Northeast
2008-02-23 07:00:00,19898,promotion,"[0, 39, 44, 46]",,46.0,45.0,Northeast
2008-02-23 07:00:00,63362,warning,"[0, 101, 102, 103]",104.0,,,Midwest
2008-02-23 09:00:00,471498,drift,"[0, 222, 227, 234]",,,,Global
2008-02-23 09:00:00,471498,promotion,"[0, 222, 227, 235]",,235.0,234.0,Global
2008-02-23 09:00:00,471594,warning,"[0, 222, 227, 235]",236.0,,,Global
2008-02-23 10:00:00,221498,drift,"[0, 51, 52, 54]",,,,South
2008-02-23 10:00:00,221498,promotion,"[0, 51, 52, 55]",,55.0,54.0,South
2008-02-23 10:00:00,221562,warning,"[0, 51, 52, 55]",56.0,,,South
2008-02-23 13:00:00,473498,drift,"[0, 222, 227, 235]",,,,Global
2008-02-23 13:00:00,473498,promotion,"[0, 222, 235, 236]",,236.0,227.0,Global
2008-02-23 13:00:00,473562,warning,"[0, 222, 235, 236]",237.0,,,Global
2008-02-23 13:00:00,19994,warning,"[0, 39, 44, 46]",47.0,,,Northeast
2008-02-23 15:00:00,63898,drift,"[0, 101, 102, 103]",,,,Midwest
2008-02-23 15:00:00,63898,promotion,"[0, 101, 102, 104]",,104.0,103.0,Midwest
2008-02-23 16:00:00,63962,warning,"[0, 101, 102, 104]",105.0,,,Midwest
2008-02-23 17:00:00,475498,drift,"[0, 222, 235, 236]",,,,Global
2008-02-23 17:00:00,475498,promotion,"[0, 235, 236, 237]",,237.0,222.0,Global
2008-02-23 17:00:00,475562,warning,"[0, 235, 236, 237]",238.0,,,Global
2008-02-24 06:00:00,477498,drift,"[0, 235, 236, 237]",,,,Global
2008-02-24 06:00:00,477498,promotion,"[0, 236, 237, 238]",,238.0,235.0,Global
2008-02-24 06:00:00,477594,warning,"[0, 236, 237, 238]",239.0,,,Global
2008-02-24 06:00:00,229498,drift,"[0, 49, 52, 56]",,,,West
2008-02-24 06:00:00,229498,promotion,"[0, 52, 56, 57]",,57.0,49.0,West
2008-02-24 07:00:00,229594,warning,"[0, 52, 56, 57]",58.0,,,West
2008-02-24 09:00:00,479498,drift,"[0, 236, 237, 238]",,,,Global
2008-02-24 09:00:00,479498,promotion,"[0, 237, 238, 239]",,239.0,236.0,Global
2008-02-24 09:00:00,479594,warning,"[0, 237, 238, 239]",240.0,,,Global
2008-02-24 10:00:00,64498,drift,"[0, 101, 102, 104]",,,,Midwest
2008-02-24 10:00:00,64498,promotion,"[0, 102, 104, 105]",,105.0,101.0,Midwest
2008-02-24 11:00:00,64594,warning,"[0, 102, 104, 105]",106.0,,,Midwest
2008-02-24 11:00:00,225498,drift,"[0, 51, 52, 55]",,,,South
2008-02-24 11:00:00,225498,promotion,"[0, 51, 55, 56]",,56.0,52.0,South
2008-02-24 11:00:00,225562,warning,"[0, 51, 55, 56]",57.0,,,South
2008-02-24 12:00:00,481498,drift,"[0, 237, 238, 239]",,,,Global
2008-02-24 12:00:00,481498,promotion,"[0, 238, 239, 240]",,240.0,237.0,Global
2008-02-24 13:00:00,481562,warning,"[0, 238, 239, 240]",241.0,,,Global
2008-02-24 14:00:00,20298,drift,"[0, 39, 44, 46]",,,,Northeast
2008-02-24 14:00:00,20298,promotion,"[0, 39, 44, 47]",,47.0,46.0,Northeast
2008-02-24 15:00:00,20330,warning,"[0, 39, 44, 47]",48.0,,,Northeast
2008-02-24 16:00:00,483498,drift,"[0, 238, 239, 240]",,,,Global
2008-02-24 16:00:00,483498,promotion,"[0, 238, 239, 241]",,241.0,240.0,Global
2008-02-24 16:00:00,483562,warning,"[0, 238, 239, 241]",242.0,,,Global
2008-02-24 17:00:00,65098,drift,"[0, 102, 104, 105]",,,,Midwest
2008-02-24 17:00:00,65098,promotion,"[0, 104, 105, 106]",,106.0,102.0,Midwest
2008-02-24 19:00:00,65226,warning,"[0, 104, 105, 106]",107.0,,,Midwest
2008-02-24 19:00:00,485498,drift,"[0, 238, 239, 241]",,,,Global
2008-02-24 19:00:00,485498,promotion,"[0, 239, 241, 242]",,242.0,238.0,Global
2008-02-24 19:00:00,485562,warning,"[0, 239, 241, 242]",243.0,,,Global
2008-02-25 01:00:00,233498,drift,"[0, 52, 56, 57]",,,,West
2008-02-25 01:00:00,233498,promotion,"[0, 52, 56, 58]",,58.0,57.0,West
2008-02-25 06:00:00,233562,warning,"[0, 52, 56, 58]",59.0,,,West
2008-02-25 07:00:00,487498,drift,"[0, 239, 241, 242]",,,,Global
2008-02-25 07:00:00,487498,promotion,"[0, 239, 241, 243]",,243.0,242.0,Global
2008-02-25 07:00:00,487562,warning,"[0, 239, 241, 243]",244.0,,,Global
2008-02-25 08:00:00,65698,drift,"[0, 104, 105, 106]",,,,Midwest
2008-02-25 08:00:00,65698,promotion,"[0, 104, 106, 107]",,107.0,105.0,Midwest
2008-02-25 09:00:00,65730,warning,"[0, 104, 106, 107]",108.0,,,Midwest
2008-02-25 10:00:00,229498,drift,"[0, 51, 55, 56]",,,,South
2008-02-25 10:00:00,229498,promotion,"[0, 51, 56, 57]",,57.0,55.0,South
2008-02-25 10:00:00,489498,drift,"[0, 239, 241, 243]",,,,Global
2008-02-25 10:00:00,489498,promotion,"[0, 239, 241, 244]",,244.0,243.0,Global
2008-02-25 10:00:00,489562,warning,"[0, 239, 241, 244]",245.0,,,Global
2008-02-25 10:00:00,229562,warning,"[0, 51, 56, 57]",58.0,,,South
2008-02-25 13:00:00,491498,drift,"[0, 239, 241, 244]",,,,Global
2008-02-25 13:00:00,491498,promotion,"[0, 239, 241, 245]",,245.0,244.0,Global
2008-02-25 13:00:00,491562,warning,"[0, 239, 241, 245]",246.0,,,Global
2008-02-25 13:00:00,20698,drift,"[0, 39, 44, 47]",,,,Northeast
2008-02-25 13:00:00,20698,promotion,"[0, 44, 47, 48]",,48.0,39.0,Northeast
2008-02-25 16:00:00,20762,warning,"[0, 44, 47, 48]",49.0,,,Northeast
2008-02-25 16:00:00,493498,drift,"[0, 239, 241, 245]",,,,Global
2008-02-25 16:00:00,493498,promotion,"[0, 239, 241, 246]",,246.0,245.0,Global
2008-02-25 17:00:00,493562,warning,"[0, 239, 241, 246]",247.0,,,Global
2008-02-25 17:00:00,66298,drift,"[0, 104, 106, 107]",,,,Midwest
2008-02-25 17:00:00,66298,promotion,"[0, 104, 106, 108]",,108.0,107.0,Midwest
2008-02-25 17:00:00,66330,warning,"[0, 104, 106, 108]",109.0,,,Midwest
2008-02-25 20:00:00,237498,drift,"[0, 52, 56, 58]",,,,West
2008-02-25 20:00:00,237498,promotion,"[0, 52, 56, 59]",,59.0,58.0,West
2008-02-25 20:00:00,495498,drift,"[0, 239, 241, 246]",,,,Global
2008-02-25 20:00:00,495498,promotion,"[0, 239, 241, 247]",,247.0,246.0,Global
2008-02-25 20:00:00,495530,warning,"[0, 239, 241, 247]",248.0,,,Global
2008-02-25 21:00:00,237626,warning,"[0, 52, 56, 59]",60.0,,,West
2008-02-26 07:00:00,497498,drift,"[0, 239, 241, 247]",,,,Global
2008-02-26 07:00:00,497498,promotion,"[0, 239, 241, 248]",,248.0,247.0,Global
2008-02-26 07:00:00,497594,warning,"[0, 239, 241, 248]",249.0,,,Global
2008-02-26 08:00:00,233498,drift,"[0, 51, 56, 57]",,,,South
2008-02-26 08:00:00,233498,promotion,"[0, 56, 57, 58]",,58.0,51.0,South
2008-02-26 08:00:00,233562,warning,"[0, 56, 57, 58]",59.0,,,South
2008-02-26 10:00:00,66898,drift,"[0, 104, 106, 108]",,,,Midwest
2008-02-26 10:00:00,66898,promotion,"[0, 104, 106, 109]",,109.0,108.0,Midwest
2008-02-26 11:00:00,66962,warning,"[0, 104, 106, 109]",110.0,,,Midwest
2008-02-26 11:00:00,499498,drift,"[0, 239, 241, 248]",,,,Global
2008-02-26 11:00:00,499498,promotion,"[0, 239, 241, 249]",,249.0,248.0,Global
2008-02-26 11:00:00,499594,warning,"[0, 239, 241, 249]",250.0,,,Global
2008-02-26 13:00:00,21098,drift,"[0, 44, 47, 48]",,,,Northeast
2008-02-26 13:00:00,21098,promotion,"[0, 47, 48, 49]",,49.0,44.0,Northeast
2008-02-26 14:00:00,21130,warning,"[0, 47, 48, 49]",50.0,,,Northeast
2008-02-26 14:00:00,501498,drift,"[0, 239, 241, 249]",,,,Global
2008-02-26 14:00:00,501498,promotion,"[0, 239, 241, 250]",,250.0,249.0,Global
2008-02-26 14:00:00,501562,warning,"[0, 239, 241, 250]",251.0,,,Global
2008-02-26 18:00:00,503498,drift,"[0, 239, 241, 250]",,,,Global
2008-02-26 18:00:00,503498,promotion,"[0, 239, 241, 251]",,251.0,250.0,Global
2008-02-26 18:00:00,503594,warning,"[0, 239, 241, 251]",252.0,,,Global
2008-02-26 18:00:00,241498,drift,"[0, 52, 56, 59]",,,,West
2008-02-26 18:00:00,241498,promotion,"[0, 52, 59, 60]",,60.0,56.0,West
2008-02-26 18:00:00,67498,drift,"[0, 104, 106, 109]",,,,Midwest
2008-02-26 18:00:00,67498,promotion,"[0, 104, 106, 110]",,110.0,109.0,Midwest
2008-02-26 19:00:00,241594,warning,"[0, 52, 59, 60]",61.0,,,West
2008-02-26 19:00:00,67562,warning,"[0, 104, 106, 110]",111.0,,,Midwest
2008-02-27 06:00:00,505498,drift,"[0, 239, 241, 251]",,,,Global
2008-02-27 06:00:00,505498,promotion,"[0, 239, 241, 252]",,252.0,251.0,Global
2008-02-27 06:00:00,505530,warning,"[0, 239, 241, 252]",253.0,,,Global
2008-02-27 07:00:00,237498,drift,"[0, 56, 57, 58]",,,,South
2008-02-27 07:00:00,237498,promotion,"[0, 56, 58, 59]",,59.0,57.0,South
2008-02-27 07:00:00,237562,warning,"[0, 56, 58, 59]",60.0,,,South
2008-02-27 09:00:00,507498,drift,"[0, 239, 241, 252]",,,,Global
2008-02-27 09:00:00,507498,promotion,"[0, 239, 241, 253]",,253.0,252.0,Global
2008-02-27 09:00:00,507562,warning,"[0, 239, 241, 253]",254.0,,,Global
2008-02-27 10:00:00,68098,drift,"[0, 104, 106, 110]",,,,Midwest
2008-02-27 10:00:00,68098,promotion,"[0, 104, 110, 111]",,111.0,106.0,Midwest
2008-02-27 10:00:00,68130,warning,"[0, 104, 110, 111]",112.0,,,Midwest
2008-02-27 12:00:00,509498,drift,"[0, 239, 241, 253]",,,,Global
2008-02-27 12:00:00,509498,promotion,"[0, 239, 253, 254]",,254.0,241.0,Global
2008-02-27 12:00:00,509562,warning,"[0, 239, 253, 254]",255.0,,,Global
2008-02-27 13:00:00,21498,drift,"[0, 47, 48, 49]",,,,Northeast
2008-02-27 13:00:00,21498,promotion,"[0, 47, 48, 50]",,50.0,49.0,Northeast
2008-02-27 15:00:00,511498,drift,"[0, 239, 253, 254]",,,,Global
2008-02-27 15:00:00,511498,promotion,"[0, 253, 254, 255]",,255.0,239.0,Global
2008-02-27 15:00:00,511594,warning,"[0, 253, 254, 255]",256.0,,,Global
2008-02-27 16:00:00,21594,warning,"[0, 47, 48, 50]",51.0,,,Northeast
2008-02-27 17:00:00,68698,drift,"[0, 104, 110, 111]",,,,Midwest
2008-02-27 17:00:00,68698,promotion,"[0, 104, 111, 112]",,112.0,110.0,Midwest
2008-02-27 17:00:00,245498,drift,"[0, 52, 59, 60]",,,,West
2008-02-27 17:00:00,245498,promotion,"[0, 59, 60, 61]",,61.0,52.0,West
2008-02-27 17:00:00,245562,warning,"[0, 59, 60, 61]",62.0,,,West
2008-02-27 18:00:00,68762,warning,"[0, 104, 111, 112]",113.0,,,Midwest
2008-02-27 19:00:00,513498,drift,"[0, 253, 254, 255]",,,,Global
2008-02-27 19:00:00,513498,promotion,"[0, 254, 255, 256]",,256.0,253.0,Global
2008-02-27 19:00:00,513594,warning,"[0, 254, 255, 256]",257.0,,,Global
2008-02-27 22:00:00,241498,drift,"[0, 56, 58, 59]",,,,South
2008-02-27 22:00:00,241498,promotion,"[0, 56, 58, 60]",,60.0,59.0,South
2008-02-28 06:00:00,241594,warning,"[0, 56, 58, 60]",61.0,,,South
2008-02-28 06:00:00,515498,drift,"[0, 254, 255, 256]",,,,Global
2008-02-28 06:00:00,515498,promotion,"[0, 254, 256, 257]",,257.0,255.0,Global
2008-02-28 06:00:00,515562,warning,"[0, 254, 256, 257]",258.0,,,Global
2008-02-28 08:00:00,69298,drift,"[0, 104, 111, 112]",,,,Midwest
2008-02-28 08:00:00,69298,promotion,"[0, 111, 112, 113]",,113.0,104.0,Midwest
2008-02-28 09:00:00,69362,warning,"[0, 111, 112, 113]",114.0,,,Midwest
2008-02-28 09:00:00,517498,drift,"[0, 254, 256, 257]",,,,Global
2008-02-28 09:00:00,517498,promotion,"[0, 254, 256, 258]",,258.0,257.0,Global
2008-02-28 09:00:00,517594,warning,"[0, 254, 256, 258]",259.0,,,Global
2008-02-28 12:00:00,21898,drift,"[0, 47, 48, 50]",,,,Northeast
2008-02-28 12:00:00,21898,promotion,"[0, 47, 48, 51]",,51.0,50.0,Northeast
2008-02-28 12:00:00,519498,drift,"[0, 254, 256, 258]",,,,Global
2008-02-28 12:00:00,519498,promotion,"[0, 254, 256, 259]",,259.0,258.0,Global
2008-02-28 13:00:00,519594,warning,"[0, 254, 256, 259]",260.0,,,Global
2008-02-28 16:00:00,69898,drift,"[0, 111, 112, 113]",,,,Midwest
2008-02-28 16:00:00,69898,promotion,"[0, 112, 113, 114]",,114.0,111.0,Midwest
2008-02-28 16:00:00,521498,drift,"[0, 254, 256, 259]",,,,Global
2008-02-28 16:00:00,521498,promotion,"[0, 254, 256, 260]",,260.0,259.0,Global
2008-02-28 16:00:00,521562,warning,"[0, 254, 256, 260]",261.0,,,Global
2008-02-28 16:00:00,249498,drift,"[0, 59, 60, 61]",,,,West
2008-02-28 16:00:00,249498,promotion,"[0, 60, 61, 62]",,62.0,59.0,West
2008-02-28 16:00:00,249594,warning,"[0, 60, 61, 62]",63.0,,,West
2008-02-28 16:00:00,69962,warning,"[0, 112, 113, 114]",115.0,,,Midwest
2008-02-28 17:00:00,22026,warning,"[0, 47, 48, 51]",52.0,,,Northeast
2008-02-28 19:00:00,245498,drift,"[0, 56, 58, 60]",,,,South
2008-02-28 19:00:00,245498,promotion,"[0, 56, 58, 61]",,61.0,60.0,South
2008-02-28 19:00:00,523498,drift,"[0, 254, 256, 260]",,,,Global
2008-02-28 19:00:00,523498,promotion,"[0, 254, 256, 261]",,261.0,260.0,Global
2008-02-28 19:00:00,245594,warning,"[0, 56, 58, 61]",62.0,,,South
2008-02-28 19:00:00,523594,warning,"[0, 254, 256, 261]",262.0,,,Global
2008-02-29 07:00:00,525498,drift,"[0, 254, 256, 261]",,,,Global
2008-02-29 07:00:00,525498,promotion,"[0, 254, 256, 262]",,262.0,261.0,Global
2008-02-29 07:00:00,525562,warning,"[0, 254, 256, 262]",263.0,,,Global
2008-02-29 07:00:00,70498,drift,"[0, 112, 113, 114]",,,,Midwest
2008-02-29 07:00:00,70498,promotion,"[0, 112, 113, 115]",,115.0,114.0,Midwest
2008-02-29 08:00:00,70594,warning,"[0, 112, 113, 115]",116.0,,,Midwest
2008-02-29 10:00:00,527498,drift,"[0, 254, 256, 262]",,,,Global
2008-02-29 10:00:00,527498,promotion,"[0, 254, 262, 263]",,263.0,256.0,Global
2008-02-29 10:00:00,527594,warning,"[0, 254, 262, 263]",264.0,,,Global
2008-02-29 11:00:00,22298,drift,"[0, 47, 48, 51]",,,,Northeast
2008-02-29 11:00:00,22298,promotion,"[0, 48, 51, 52]",,52.0,47.0,Northeast
2008-02-29 13:00:00,22362,warning,"[0, 48, 51, 52]",53.0,,,Northeast
2008-02-29 13:00:00,529498,drift,"[0, 254, 262, 263]",,,,Global
2008-02-29 13:00:00,529498,promotion,"[0, 254, 263, 264]",,264.0,262.0,Global
2008-02-29 13:00:00,529562,warning,"[0, 254, 263, 264]",265.0,,,Global
2008-02-29 15:00:00,71098,drift,"[0, 112, 113, 115]",,,,Midwest
2008-02-29 15:00:00,71098,promotion,"[0, 112, 113, 116]",,116.0,115.0,Midwest
2008-02-29 15:00:00,253498,drift,"[0, 60, 61, 62]",,,,West
2008-02-29 15:00:00,253498,promotion,"[0, 60, 61, 63]",,63.0,62.0,West
2008-02-29 15:00:00,253594,warning,"[0, 60, 61, 63]",64.0,,,West
2008-02-29 15:00:00,71162,warning,"[0, 112, 113, 116]",117.0,,,Midwest
2008-02-29 17:00:00,531498,drift,"[0, 254, 263, 264]",,,,Global
2008-02-29 17:00:00,531498,promotion,"[0, 254, 263, 265]",,265.0,264.0,Global
2008-02-29 17:00:00,531594,warning,"[0, 254, 263, 265]",266.0,,,Global
2008-02-29 17:00:00,249498,drift,"[0, 56, 58, 61]",,,,South
2008-02-29 17:00:00,249498,promotion,"[0, 58, 61, 62]",,62.0,56.0,South
2008-02-29 18:00:00,249594,warning,"[0, 58, 61, 62]",63.0,,,South
2008-02-29 20:00:00,533498,drift,"[0, 254, 263, 265]",,,,Global
2008-02-29 20:00:00,533498,promotion,"[0, 254, 263, 266]",,266.0,265.0,Global
2008-02-29 20:00:00,533562,warning,"[0, 254, 263, 266]",267.0,,,Global
2008-03-01 07:00:00,71698,drift,"[0, 112, 113, 116]",,,,Midwest
2008-03-01 07:00:00,71698,promotion,"[0, 112, 113, 117]",,117.0,116.0,Midwest
2008-03-01 08:00:00,71762,warning,"[0, 112, 113, 117]",118.0,,,Midwest
2008-03-01 08:00:00,535498,drift,"[0, 254, 263, 266]",,,,Global
2008-03-01 08:00:00,535498,promotion,"[0, 254, 266, 267]",,267.0,263.0,Global
2008-03-01 08:00:00,535562,warning,"[0, 254, 266, 267]",268.0,,,Global
2008-03-01 11:00:00,537498,drift,"[0, 254, 266, 267]",,,,Global
2008-03-01 11:00:00,537498,promotion,"[0, 266, 267, 268]",,268.0,254.0,Global
2008-03-01 11:00:00,537658,warning,"[0, 266, 267, 268]",269.0,,,Global
2008-03-01 13:00:00,22698,drift,"[0, 48, 51, 52]",,,,Northeast
2008-03-01 13:00:00,22698,promotion,"[0, 51, 52, 53]",,53.0,48.0,Northeast
2008-03-01 14:00:00,257498,drift,"[0, 60, 61, 63]",,,,West
2008-03-01 14:00:00,257498,promotion,"[0, 60, 61, 64]",,64.0,63.0,West
2008-03-01 14:00:00,22730,warning,"[0, 51, 52, 53]",54.0,,,Northeast
2008-03-01 15:00:00,257626,warning,"[0, 60, 61, 64]",65.0,,,West
2008-03-01 15:00:00,539498,drift,"[0, 266, 267, 268]",,,,Global
2008-03-01 15:00:00,539498,promotion,"[0, 267, 268, 269]",,269.0,266.0,Global
2008-03-01 15:00:00,539562,warning,"[0, 267, 268, 269]",270.0,,,Global
2008-03-01 15:00:00,72298,drift,"[0, 112, 113, 117]",,,,Midwest
2008-03-01 15:00:00,72298,promotion,"[0, 112, 113, 118]",,118.0,117.0,Midwest
2008-03-01 17:00:00,72426,warning,"[0, 112, 113, 118]",119.0,,,Midwest
2008-03-01 18:00:00,253498,drift,"[0, 58, 61, 62]",,,,South
2008-03-01 18:00:00,253498,promotion,"[0, 61, 62, 63]",,63.0,58.0,South
2008-03-01 18:00:00,253562,warning,"[0, 61, 62, 63]",64.0,,,South
2008-03-01 19:00:00,541498,drift,"[0, 267, 268, 269]",,,,Global
2008-03-01 19:00:00,541498,promotion,"[0, 267, 268, 270]",,270.0,269.0,Global
2008-03-01 19:00:00,541530,warning,"[0, 267, 268, 270]",271.0,,,Global
2008-03-02 08:00:00,543498,drift,"[0, 267, 268, 270]",,,,Global
2008-03-02 08:00:00,543498,promotion,"[0, 267, 268, 271]",,271.0,270.0,Global
2008-03-02 08:00:00,543594,warning,"[0, 267, 268, 271]",272.0,,,Global
2008-03-02 10:00:00,72898,drift,"[0, 112, 113, 118]",,,,Midwest
2008-03-02 10:00:00,72898,promotion,"[0, 112, 118, 119]",,119.0,113.0,Midwest
2008-03-02 11:00:00,545498,drift,"[0, 267, 268, 271]",,,,Global
2008-03-02 11:00:00,545498,promotion,"[0, 267, 268, 272]",,272.0,271.0,Global
2008-03-02 11:00:00,545562,warning,"[0, 267, 268, 272]",273.0,,,Global
2008-03-02 11:00:00,72994,warning,"[0, 112, 118, 119]",120.0,,,Midwest
