timestamp,n_seen,event_type,ensemble_ids,shadow_id,promoted_id,evicted_id,district
2016-01-01 04:00:00,1658,warning,[0],1.0,,,Manhattan
2016-01-01 19:00:00,4498,drift,[0],,,,Manhattan
2016-01-01 19:00:00,4498,promotion,"[0, 1]",,1.0,,Manhattan
2016-01-01 19:00:00,4562,warning,"[0, 1]",2.0,,,Manhattan
2016-01-02 13:00:00,7498,drift,"[0, 1]",,,,Manhattan
2016-01-02 13:00:00,7498,promotion,"[0, 1, 2]",,2.0,,Manhattan
2016-01-02 13:00:00,7626,warning,"[0, 1, 2]",3.0,,,Manhattan
2016-01-02 15:00:00,1594,warning,[0],1.0,,,Global
2016-01-02 22:00:00,10498,drift,"[0, 1, 2]",,,,Manhattan
2016-01-02 22:00:00,10498,promotion,"[0, 1, 2, 3]",,3.0,,Manhattan
2016-01-02 22:00:00,10594,warning,"[0, 1, 2, 3]",4.0,,,Manhattan
2016-01-02 23:00:00,1898,drift,[0],,,,Global
2016-01-02 23:00:00,1898,promotion,"[0, 1]",,1.0,,Global
2016-01-03 01:00:00,1994,warning,"[0, 1]",2.0,,,Global
2016-01-03 09:00:00,2298,drift,"[0, 1]",,,,Global
2016-01-03 09:00:00,2298,promotion,"[0, 1, 2]",,2.0,,Global
2016-01-03 10:00:00,2330,warning,"[0, 1, 2]",3.0,,,Global
2016-01-03 13:00:00,13498,drift,"[0, 1, 2, 3]",,,,Manhattan
2016-01-03 13:00:00,13498,promotion,"[0, 2, 3, 4]",,4.0,1.0,Manhattan
2016-01-03 13:00:00,13626,warning,"[0, 2, 3, 4]",5.0,,,Manhattan
2016-01-03 19:00:00,2698,drift,"[0, 1, 2]",,,,Global
2016-01-03 19:00:00,2698,promotion,"[0, 1, 2, 3]",,3.0,,Global
2016-01-03 20:00:00,2762,warning,"[0, 1, 2, 3]",4.0,,,Global
2016-01-04 05:00:00,16498,drift,"[0, 2, 3, 4]",,,,Manhattan
2016-01-04 05:00:00,16498,promotion,"[0, 3, 4, 5]",,5.0,2.0,Manhattan
2016-01-04 06:00:00,16594,warning,"[0, 3, 4, 5]",6.0,,,Manhattan
2016-01-04 07:00:00,3098,drift,"[0, 1, 2, 3]",,,,Global
2016-01-04 07:00:00,3098,promotion,"[0, 1, 3, 4]",,4.0,2.0,Global
2016-01-04 11:00:00,3258,warning,"[0, 1, 3, 4]",5.0,,,Global
2016-01-04 16:00:00,19498,drift,"[0, 3, 4, 5]",,,,Manhattan
2016-01-04 16:00:00,19498,promotion,"[0, 4, 5, 6]",,6.0,3.0,Manhattan
2016-01-04 16:00:00,19594,warning,"[0, 4, 5, 6]",7.0,,,Manhattan
2016-01-04 18:00:00,3498,drift,"[0, 1, 3, 4]",,,,Global
2016-01-04 18:00:00,3498,promotion,"[0, 1, 3, 5]",,5.0,4.0,Global
2016-01-04 19:00:00,3562,warning,"[0, 1, 3, 5]",6.0,,,Global
2016-01-05 04:00:00,3898,drift,"[0, 1, 3, 5]",,,,Global
2016-01-05 04:00:00,3898,promotion,"[0, 1, 3, 6]",,6.0,5.0,Global
2016-01-05 06:00:00,3930,warning,"[0, 1, 3, 6]",7.0,,,Global
2016-01-05 07:00:00,22498,drift,"[0, 4, 5, 6]",,,,Manhattan
2016-01-05 07:00:00,22498,promotion,"[0, 4, 5, 7]",,7.0,6.0,Manhattan
2016-01-05 07:00:00,22626,warning,"[0, 4, 5, 7]",8.0,,,Manhattan
2016-01-05 16:00:00,25498,drift,"[0, 4, 5, 7]",,,,Manhattan
2016-01-05 16:00:00,25498,promotion,"[0, 4, 5, 8]",,8.0,7.0,Manhattan
2016-01-05 16:00:00,25626,warning,"[0, 4, 5, 8]",9.0,,,Manhattan
2016-01-05 17:00:00,4298,drift,"[0, 1, 3, 6]",,,,Global
2016-01-05 17:00:00,4298,promotion,"[0, 1, 3, 7]",,7.0,6.0,Global
2016-01-05 18:00:00,4362,warning,"[0, 1, 3, 7]",8.0,,,Global
2016-01-06 02:00:00,4698,drift,"[0, 1, 3, 7]",,,,Global
2016-01-06 02:00:00,4698,promotion,"[0, 1, 7, 8]",,8.0,3.0,Global
2016-01-06 05:00:00,4730,warning,"[0, 1, 7, 8]",9.0,,,Global
2016-01-06 06:00:00,28498,drift,"[0, 4, 5, 8]",,,,Manhattan
2016-01-06 06:00:00,28498,promotion,"[0, 4, 8, 9]",,9.0,5.0,Manhattan
2016-01-06 07:00:00,28594,warning,"[0, 4, 8, 9]",10.0,,,Manhattan
2016-01-06 15:00:00,31498,drift,"[0, 4, 8, 9]",,,,Manhattan
2016-01-06 15:00:00,31498,promotion,"[0, 8, 9, 10]",,10.0,4.0,Manhattan
2016-01-06 15:00:00,31658,warning,"[0, 8, 9, 10]",11.0,,,Manhattan
2016-01-06 17:00:00,5098,drift,"[0, 1, 7, 8]",,,,Global
2016-01-06 17:00:00,5098,promotion,"[0, 7, 8, 9]",,9.0,1.0,Global
2016-01-06 19:00:00,5162,warning,"[0, 7, 8, 9]",10.0,,,Global
2016-01-07 00:00:00,34498,drift,"[0, 8, 9, 10]",,,,Manhattan
2016-01-07 00:00:00,34498,promotion,"[0, 9, 10, 11]",,11.0,8.0,Manhattan
2016-01-07 01:00:00,34626,warning,"[0, 9, 10, 11]",12.0,,,Manhattan
2016-01-07 02:00:00,5498,drift,"[0, 7, 8, 9]",,,,Global
2016-01-07 02:00:00,5498,promotion,"[0, 7, 8, 10]",,10.0,9.0,Global
2016-01-07 07:00:00,5594,warning,"[0, 7, 8, 10]",11.0,,,Global
2016-01-07 14:00:00,37498,drift,"[0, 9, 10, 11]",,,,Manhattan
2016-01-07 14:00:00,37498,promotion,"[0, 10, 11, 12]",,12.0,9.0,Manhattan
2016-01-07 14:00:00,37626,warning,"[0, 10, 11, 12]",13.0,,,Manhattan
2016-01-07 17:00:00,5898,drift,"[0, 7, 8, 10]",,,,Global
2016-01-07 17:00:00,5898,promotion,"[0, 7, 10, 11]",,11.0,8.0,Global
2016-01-07 19:00:00,5994,warning,"[0, 7, 10, 11]",12.0,,,Global
2016-01-07 22:00:00,40498,drift,"[0, 10, 11, 12]",,,,Manhattan
2016-01-07 22:00:00,40498,promotion,"[0, 10, 11, 13]",,13.0,12.0,Manhattan
2016-01-07 22:00:00,40658,warning,"[0, 10, 11, 13]",14.0,,,Manhattan
2016-01-07 23:00:00,6298,drift,"[0, 7, 10, 11]",,,,Global
2016-01-07 23:00:00,6298,promotion,"[0, 10, 11, 12]",,12.0,7.0,Global
2016-01-08 01:00:00,6362,warning,"[0, 10, 11, 12]",13.0,,,Global
2016-01-08 11:00:00,43498,drift,"[0, 10, 11, 13]",,,,Manhattan
2016-01-08 11:00:00,43498,promotion,"[0, 10, 11, 14]",,14.0,13.0,Manhattan
2016-01-08 12:00:00,43722,warning,"[0, 10, 11, 14]",15.0,,,Manhattan
2016-01-08 14:00:00,6698,drift,"[0, 10, 11, 12]",,,,Global
2016-01-08 14:00:00,6698,promotion,"[0, 11, 12, 13]",,13.0,10.0,Global
2016-01-08 15:00:00,6762,warning,"[0, 11, 12, 13]",14.0,,,Global
2016-01-08 19:00:00,46498,drift,"[0, 10, 11, 14]",,,,Manhattan
2016-01-08 19:00:00,46498,promotion,"[0, 10, 14, 15]",,15.0,11.0,Manhattan
2016-01-08 19:00:00,46626,warning,"[0, 10, 14, 15]",16.0,,,Manhattan
2016-01-08 22:00:00,7098,drift,"[0, 11, 12, 13]",,,,Global
2016-01-08 22:00:00,7098,promotion,"[0, 11, 12, 14]",,14.0,13.0,Global
2016-01-08 23:00:00,7162,warning,"[0, 11, 12, 14]",15.0,,,Global
2016-01-09 05:00:00,7498,drift,"[0, 11, 12, 14]",,,,Global
2016-01-09 05:00:00,7498,promotion,"[0, 11, 12, 15]",,15.0,14.0,Global
2016-01-09 06:00:00,49498,drift,"[0, 10, 14, 15]",,,,Manhattan
2016-01-09 06:00:00,49498,promotion,"[0, 10, 14, 16]",,16.0,15.0,Manhattan
2016-01-09 07:00:00,7562,warning,"[0, 11, 12, 15]",16.0,,,Global
2016-01-09 07:00:00,49626,warning,"[0, 10, 14, 16]",17.0,,,Manhattan
2016-01-09 16:00:00,52498,drift,"[0, 10, 14, 16]",,,,Manhattan
2016-01-09 16:00:00,52498,promotion,"[0, 10, 14, 17]",,17.0,16.0,Manhattan
2016-01-09 16:00:00,52594,warning,"[0, 10, 14, 17]",18.0,,,Manhattan
2016-01-09 20:00:00,7898,drift,"[0, 11, 12, 15]",,,,Global
2016-01-09 20:00:00,7898,promotion,"[0, 11, 15, 16]",,16.0,12.0,Global
2016-01-09 22:00:00,7994,warning,"[0, 11, 15, 16]",17.0,,,Global
2016-01-09 23:00:00,55498,drift,"[0, 10, 14, 17]",,,,Manhattan
2016-01-09 23:00:00,55498,promotion,"[0, 10, 14, 18]",,18.0,17.0,Manhattan
2016-01-09 23:00:00,55594,warning,"[0, 10, 14, 18]",19.0,,,Manhattan
2016-01-10 02:00:00,8298,drift,"[0, 11, 15, 16]",,,,Global
2016-01-10 02:00:00,8298,promotion,"[0, 15, 16, 17]",,17.0,11.0,Global
2016-01-10 04:00:00,8394,warning,"[0, 15, 16, 17]",18.0,,,Global
2016-01-10 12:00:00,58498,drift,"[0, 10, 14, 18]",,,,Manhattan
2016-01-10 12:00:00,58498,promotion,"[0, 10, 18, 19]",,19.0,14.0,Manhattan
2016-01-10 12:00:00,58626,warning,"[0, 10, 18, 19]",20.0,,,Manhattan
2016-01-10 14:00:00,8698,drift,"[0, 15, 16, 17]",,,,Global
2016-01-10 14:00:00,8698,promotion,"[0, 15, 17, 18]",,18.0,16.0,Global
2016-01-10 16:00:00,8762,warning,"[0, 15, 17, 18]",19.0,,,Global
2016-01-10 21:00:00,61498,drift,"[0, 10, 18, 19]",,,,Manhattan
2016-01-10 21:00:00,61498,promotion,"[0, 18, 19, 20]",,20.0,10.0,Manhattan
2016-01-10 22:00:00,61530,warning,"[0, 18, 19, 20]",21.0,,,Manhattan
2016-01-10 22:00:00,9098,drift,"[0, 15, 17, 18]",,,,Global
2016-01-10 22:00:00,9098,promotion,"[0, 17, 18, 19]",,19.0,15.0,Global
2016-01-11 01:00:00,9194,warning,"[0, 17, 18, 19]",20.0,,,Global
2016-01-11 13:00:00,9498,drift,"[0, 17, 18, 19]",,,,Global
2016-01-11 13:00:00,9498,promotion,"[0, 17, 18, 20]",,20.0,19.0,Global
2016-01-11 13:00:00,64498,drift,"[0, 18, 19, 20]",,,,Manhattan
2016-01-11 13:00:00,64498,promotion,"[0, 18, 19, 21]",,21.0,20.0,Manhattan
2016-01-11 13:00:00,64594,warning,"[0, 18, 19, 21]",22.0,,,Manhattan
2016-01-11 14:00:00,9562,warning,"[0, 17, 18, 20]",21.0,,,Global
2016-01-11 21:00:00,67498,drift,"[0, 18, 19, 21]",,,,Manhattan
2016-01-11 21:00:00,67498,promotion,"[0, 18, 21, 22]",,22.0,19.0,Manhattan
2016-01-11 21:00:00,9898,drift,"[0, 17, 18, 20]",,,,Global
2016-01-11 21:00:00,9898,promotion,"[0, 17, 18, 21]",,21.0,20.0,Global
2016-01-11 21:00:00,67594,warning,"[0, 18, 21, 22]",23.0,,,Manhattan
2016-01-11 22:00:00,9962,warning,"[0, 17, 18, 21]",22.0,,,Global
2016-01-12 11:00:00,70498,drift,"[0, 18, 21, 22]",,,,Manhattan
2016-01-12 11:00:00,70498,promotion,"[0, 21, 22, 23]",,23.0,18.0,Manhattan
2016-01-12 12:00:00,10298,drift,"[0, 17, 18, 21]",,,,Global
2016-01-12 12:00:00,10298,promotion,"[0, 17, 21, 22]",,22.0,18.0,Global
2016-01-12 12:00:00,70626,warning,"[0, 21, 22, 23]",24.0,,,Manhattan
2016-01-12 14:00:00,10362,warning,"[0, 17, 21, 22]",23.0,,,Global
2016-01-12 20:00:00,73498,drift,"[0, 21, 22, 23]",,,,Manhattan
2016-01-12 20:00:00,73498,promotion,"[0, 21, 23, 24]",,24.0,22.0,Manhattan
2016-01-12 20:00:00,73754,warning,"[0, 21, 23, 24]",25.0,,,Manhattan
2016-01-12 21:00:00,10698,drift,"[0, 17, 21, 22]",,,,Global
2016-01-12 21:00:00,10698,promotion,"[0, 17, 21, 23]",,23.0,22.0,Global
2016-01-12 22:00:00,10762,warning,"[0, 17, 21, 23]",24.0,,,Global
2016-01-13 08:00:00,1562,warning,[0],1.0,,,Queens
2016-01-13 09:00:00,76498,drift,"[0, 21, 23, 24]",,,,Manhattan
2016-01-13 09:00:00,76498,promotion,"[0, 21, 23, 25]",,25.0,24.0,Manhattan
2016-01-13 09:00:00,11098,drift,"[0, 17, 21, 23]",,,,Global
2016-01-13 09:00:00,11098,promotion,"[0, 17, 21, 24]",,24.0,23.0,Global
2016-01-13 10:00:00,76690,warning,"[0, 21, 23, 25]",26.0,,,Manhattan
2016-01-13 14:00:00,1588,drift,[0],,,,Queens
2016-01-13 14:00:00,1588,promotion,"[0, 1]",,1.0,,Queens
2016-01-13 14:00:00,11258,warning,"[0, 17, 21, 24]",25.0,,,Global
2016-01-13 17:00:00,79498,drift,"[0, 21, 23, 25]",,,,Manhattan
2016-01-13 17:00:00,79498,promotion,"[0, 23, 25, 26]",,26.0,21.0,Manhattan
2016-01-13 18:00:00,79626,warning,"[0, 23, 25, 26]",27.0,,,Manhattan
2016-01-13 20:00:00,11498,drift,"[0, 17, 21, 24]",,,,Global
2016-01-13 20:00:00,11498,promotion,"[0, 17, 21, 25]",,25.0,24.0,Global
2016-01-13 20:00:00,11562,warning,"[0, 17, 21, 25]",26.0,,,Global
2016-01-14 05:00:00,11898,drift,"[0, 17, 21, 25]",,,,Global
2016-01-14 05:00:00,11898,promotion,"[0, 17, 21, 26]",,26.0,25.0,Global
2016-01-14 05:00:00,82498,drift,"[0, 23, 25, 26]",,,,Manhattan
2016-01-14 05:00:00,82498,promotion,"[0, 25, 26, 27]",,27.0,23.0,Manhattan
2016-01-14 06:00:00,82594,warning,"[0, 25, 26, 27]",28.0,,,Manhattan
2016-01-14 08:00:00,11994,warning,"[0, 17, 21, 26]",27.0,,,Global
2016-01-14 14:00:00,85498,drift,"[0, 25, 26, 27]",,,,Manhattan
2016-01-14 14:00:00,85498,promotion,"[0, 26, 27, 28]",,28.0,25.0,Manhattan
2016-01-14 14:00:00,85594,warning,"[0, 26, 27, 28]",29.0,,,Manhattan
2016-01-14 16:00:00,12298,drift,"[0, 17, 21, 26]",,,,Global
2016-01-14 16:00:00,12298,promotion,"[0, 21, 26, 27]",,27.0,17.0,Global
2016-01-14 17:00:00,12362,warning,"[0, 21, 26, 27]",28.0,,,Global
2016-01-14 19:00:00,1716,warning,"[0, 1]",2.0,,,Queens
2016-01-14 21:00:00,88498,drift,"[0, 26, 27, 28]",,,,Manhattan
2016-01-14 21:00:00,88498,promotion,"[0, 26, 27, 29]",,29.0,28.0,Manhattan
2016-01-14 22:00:00,88530,warning,"[0, 26, 27, 29]",30.0,,,Manhattan
2016-01-14 22:00:00,12698,drift,"[0, 21, 26, 27]",,,,Global
2016-01-14 22:00:00,12698,promotion,"[0, 21, 26, 28]",,28.0,27.0,Global
2016-01-14 23:00:00,12794,warning,"[0, 21, 26, 28]",29.0,,,Global
2016-01-15 08:00:00,13098,drift,"[0, 21, 26, 28]",,,,Global
2016-01-15 08:00:00,13098,promotion,"[0, 21, 26, 29]",,29.0,28.0,Global
2016-01-15 10:00:00,13162,warning,"[0, 21, 26, 29]",30.0,,,Global
2016-01-15 11:00:00,91498,drift,"[0, 26, 27, 29]",,,,Manhattan
2016-01-15 11:00:00,91498,promotion,"[0, 26, 29, 30]",,30.0,27.0,Manhattan
2016-01-15 11:00:00,91626,warning,"[0, 26, 29, 30]",31.0,,,Manhattan
2016-01-15 17:00:00,13498,drift,"[0, 21, 26, 29]",,,,Global
2016-01-15 17:00:00,13498,promotion,"[0, 21, 29, 30]",,30.0,26.0,Global
2016-01-15 18:00:00,1828,drift,"[0, 1]",,,,Queens
2016-01-15 18:00:00,1828,promotion,"[0, 1, 2]",,2.0,,Queens
2016-01-15 19:00:00,94498,drift,"[0, 26, 29, 30]",,,,Manhattan
2016-01-15 19:00:00,94498,promotion,"[0, 26, 30, 31]",,31.0,29.0,Manhattan
2016-01-15 19:00:00,13594,warning,"[0, 21, 29, 30]",31.0,,,Global
2016-01-15 19:00:00,94658,warning,"[0, 26, 30, 31]",32.0,,,Manhattan
2016-01-15 23:00:00,13898,drift,"[0, 21, 29, 30]",,,,Global
2016-01-15 23:00:00,13898,promotion,"[0, 21, 30, 31]",,31.0,29.0,Global
2016-01-16 00:00:00,13962,warning,"[0, 21, 30, 31]",32.0,,,Global
2016-01-16 03:00:00,97498,drift,"[0, 26, 30, 31]",,,,Manhattan
2016-01-16 03:00:00,97498,promotion,"[0, 26, 30, 32]",,32.0,31.0,Manhattan
2016-01-16 04:00:00,97594,warning,"[0, 26, 30, 32]",33.0,,,Manhattan
2016-01-16 07:00:00,14298,drift,"[0, 21, 30, 31]",,,,Global
2016-01-16 07:00:00,14298,promotion,"[0, 21, 30, 32]",,32.0,31.0,Global
2016-01-16 09:00:00,1924,warning,"[0, 1, 2]",3.0,,,Queens
2016-01-16 11:00:00,14394,warning,"[0, 21, 30, 32]",33.0,,,Global
2016-01-16 15:00:00,100498,drift,"[0, 26, 30, 32]",,,,Manhattan
2016-01-16 15:00:00,100498,promotion,"[0, 26, 30, 33]",,33.0,32.0,Manhattan
2016-01-16 16:00:00,100562,warning,"[0, 26, 30, 33]",34.0,,,Manhattan
2016-01-16 19:00:00,14698,drift,"[0, 21, 30, 32]",,,,Global
2016-01-16 19:00:00,14698,promotion,"[0, 21, 30, 33]",,33.0,32.0,Global
2016-01-16 21:00:00,14762,warning,"[0, 21, 30, 33]",34.0,,,Global
2016-01-16 21:00:00,1978,drift,"[0, 1, 2]",,,,Queens
2016-01-16 21:00:00,1978,promotion,"[0, 1, 2, 3]",,3.0,,Queens
2016-01-16 22:00:00,103498,drift,"[0, 26, 30, 33]",,,,Manhattan
2016-01-16 22:00:00,103498,promotion,"[0, 26, 33, 34]",,34.0,30.0,Manhattan
2016-01-16 23:00:00,103658,warning,"[0, 26, 33, 34]",35.0,,,Manhattan
2016-01-17 02:00:00,15098,drift,"[0, 21, 30, 33]",,,,Global
2016-01-17 02:00:00,15098,promotion,"[0, 21, 30, 34]",,34.0,33.0,Global
2016-01-17 03:00:00,15162,warning,"[0, 21, 30, 34]",35.0,,,Global
2016-01-17 11:00:00,2042,warning,"[0, 1, 2, 3]",4.0,,,Queens
2016-01-17 11:00:00,106498,drift,"[0, 26, 33, 34]",,,,Manhattan
2016-01-17 11:00:00,106498,promotion,"[0, 26, 34, 35]",,35.0,33.0,Manhattan
2016-01-17 12:00:00,106562,warning,"[0, 26, 34, 35]",36.0,,,Manhattan
2016-01-17 13:00:00,15498,drift,"[0, 21, 30, 34]",,,,Global
2016-01-17 13:00:00,15498,promotion,"[0, 30, 34, 35]",,35.0,21.0,Global
2016-01-17 15:00:00,15562,warning,"[0, 30, 34, 35]",36.0,,,Global
2016-01-17 15:00:00,2068,drift,"[0, 1, 2, 3]",,,,Queens
2016-01-17 15:00:00,2068,promotion,"[0, 1, 3, 4]",,4.0,2.0,Queens
2016-01-17 20:00:00,109498,drift,"[0, 26, 34, 35]",,,,Manhattan
2016-01-17 20:00:00,109498,promotion,"[0, 26, 34, 36]",,36.0,35.0,Manhattan
2016-01-17 20:00:00,109562,warning,"[0, 26, 34, 36]",37.0,,,Manhattan
2016-01-17 22:00:00,15898,drift,"[0, 30, 34, 35]",,,,Global
2016-01-17 22:00:00,15898,promotion,"[0, 34, 35, 36]",,36.0,30.0,Global
2016-01-17 23:00:00,15962,warning,"[0, 34, 35, 36]",37.0,,,Global
2016-01-18 11:00:00,16298,drift,"[0, 34, 35, 36]",,,,Global
2016-01-18 11:00:00,16298,promotion,"[0, 34, 35, 37]",,37.0,36.0,Global
2016-01-18 12:00:00,112498,drift,"[0, 26, 34, 36]",,,,Manhattan
2016-01-18 12:00:00,112498,promotion,"[0, 26, 34, 37]",,37.0,36.0,Manhattan
2016-01-18 12:00:00,112594,warning,"[0, 26, 34, 37]",38.0,,,Manhattan
2016-01-18 15:00:00,16458,warning,"[0, 34, 35, 37]",38.0,,,Global
2016-01-18 15:00:00,2188,drift,"[0, 1, 3, 4]",,,,Queens
2016-01-18 19:00:00,115498,drift,"[0, 26, 34, 37]",,,,Manhattan
2016-01-18 19:00:00,115498,promotion,"[0, 26, 37, 38]",,38.0,34.0,Manhattan
2016-01-18 20:00:00,16698,drift,"[0, 34, 35, 37]",,,,Global
2016-01-18 20:00:00,16698,promotion,"[0, 35, 37, 38]",,38.0,34.0,Global
2016-01-18 20:00:00,115626,warning,"[0, 26, 37, 38]",39.0,,,Manhattan
2016-01-18 22:00:00,16826,warning,"[0, 35, 37, 38]",39.0,,,Global
2016-01-19 06:00:00,17098,drift,"[0, 35, 37, 38]",,,,Global
2016-01-19 06:00:00,17098,promotion,"[0, 37, 38, 39]",,39.0,35.0,Global
2016-01-19 08:00:00,17162,warning,"[0, 37, 38, 39]",40.0,,,Global
2016-01-19 10:00:00,2284,warning,"[0, 1, 3, 4]",5.0,,,Queens
2016-01-19 10:00:00,118498,drift,"[0, 26, 37, 38]",,,,Manhattan
2016-01-19 10:00:00,118498,promotion,"[0, 37, 38, 39]",,39.0,26.0,Manhattan
2016-01-19 10:00:00,118594,warning,"[0, 37, 38, 39]",40.0,,,Manhattan
2016-01-19 17:00:00,17498,drift,"[0, 37, 38, 39]",,,,Global
2016-01-19 17:00:00,17498,promotion,"[0, 37, 38, 40]",,40.0,39.0,Global
2016-01-19 18:00:00,17562,warning,"[0, 37, 38, 40]",41.0,,,Global
2016-01-19 18:00:00,121498,drift,"[0, 37, 38, 39]",,,,Manhattan
2016-01-19 18:00:00,121498,promotion,"[0, 37, 38, 40]",,40.0,39.0,Manhattan
2016-01-19 18:00:00,121530,warning,"[0, 37, 38, 40]",41.0,,,Manhattan
2016-01-19 23:00:00,1638,drift,[0],,,,Brooklyn
2016-01-20 00:00:00,17898,drift,"[0, 37, 38, 40]",,,,Global
2016-01-20 00:00:00,17898,promotion,"[0, 37, 40, 41]",,41.0,38.0,Global
2016-01-20 00:00:00,2368,drift,"[0, 1, 3, 4]",,,,Queens
2016-01-20 00:00:00,2368,promotion,"[0, 1, 3, 5]",,5.0,4.0,Queens
2016-01-20 03:00:00,17962,warning,"[0, 37, 40, 41]",42.0,,,Global
2016-01-20 08:00:00,124498,drift,"[0, 37, 38, 40]",,,,Manhattan
2016-01-20 08:00:00,124498,promotion,"[0, 37, 38, 41]",,41.0,40.0,Manhattan
2016-01-20 08:00:00,124754,warning,"[0, 37, 38, 41]",42.0,,,Manhattan
2016-01-20 14:00:00,18298,drift,"[0, 37, 40, 41]",,,,Global
2016-01-20 14:00:00,18298,promotion,"[0, 40, 41, 42]",,42.0,37.0,Global
2016-01-20 16:00:00,18362,warning,"[0, 40, 41, 42]",43.0,,,Global
2016-01-20 17:00:00,127498,drift,"[0, 37, 38, 41]",,,,Manhattan
2016-01-20 17:00:00,127498,promotion,"[0, 37, 38, 42]",,42.0,41.0,Manhattan
2016-01-20 17:00:00,127562,warning,"[0, 37, 38, 42]",43.0,,,Manhattan
2016-01-20 21:00:00,18698,drift,"[0, 40, 41, 42]",,,,Global
2016-01-20 21:00:00,18698,promotion,"[0, 40, 41, 43]",,43.0,42.0,Global
2016-01-20 23:00:00,18794,warning,"[0, 40, 41, 43]",44.0,,,Global
2016-01-21 01:00:00,130498,drift,"[0, 37, 38, 42]",,,,Manhattan
2016-01-21 01:00:00,130498,promotion,"[0, 37, 38, 43]",,43.0,42.0,Manhattan
2016-01-21 05:00:00,130658,warning,"[0, 37, 38, 43]",44.0,,,Manhattan
2016-01-21 09:00:00,19098,drift,"[0, 40, 41, 43]",,,,Global
2016-01-21 09:00:00,19098,promotion,"[0, 40, 41, 44]",,44.0,43.0,Global
2016-01-21 11:00:00,19162,warning,"[0, 40, 41, 44]",45.0,,,Global
2016-01-21 14:00:00,133498,drift,"[0, 37, 38, 43]",,,,Manhattan
2016-01-21 14:00:00,133498,promotion,"[0, 38, 43, 44]",,44.0,37.0,Manhattan
2016-01-21 14:00:00,133594,warning,"[0, 38, 43, 44]",45.0,,,Manhattan
2016-01-21 16:00:00,2496,warning,"[0, 1, 3, 5]",6.0,,,Queens
2016-01-21 19:00:00,19498,drift,"[0, 40, 41, 44]",,,,Global
2016-01-21 19:00:00,19498,promotion,"[0, 40, 41, 45]",,45.0,44.0,Global
2016-01-21 20:00:00,19562,warning,"[0, 40, 41, 45]",46.0,,,Global
2016-01-21 20:00:00,2518,drift,"[0, 1, 3, 5]",,,,Queens
2016-01-21 20:00:00,2518,promotion,"[0, 1, 5, 6]",,6.0,3.0,Queens
2016-01-21 21:00:00,136498,drift,"[0, 38, 43, 44]",,,,Manhattan
2016-01-21 21:00:00,136498,promotion,"[0, 43, 44, 45]",,45.0,38.0,Manhattan
2016-01-21 21:00:00,136626,warning,"[0, 43, 44, 45]",46.0,,,Manhattan
2016-01-22 00:00:00,19898,drift,"[0, 40, 41, 45]",,,,Global
2016-01-22 00:00:00,19898,promotion,"[0, 40, 45, 46]",,46.0,41.0,Global
2016-01-22 01:00:00,19962,warning,"[0, 40, 45, 46]",47.0,,,Global
2016-01-22 10:00:00,139498,drift,"[0, 43, 44, 45]",,,,Manhattan
2016-01-22 10:00:00,139498,promotion,"[0, 44, 45, 46]",,46.0,43.0,Manhattan
2016-01-22 10:00:00,139626,warning,"[0, 44, 45, 46]",47.0,,,Manhattan
2016-01-22 13:00:00,20298,drift,"[0, 40, 45, 46]",,,,Global
2016-01-22 13:00:00,20298,promotion,"[0, 45, 46, 47]",,47.0,40.0,Global
2016-01-22 15:00:00,20394,warning,"[0, 45, 46, 47]",48.0,,,Global
2016-01-22 18:00:00,142498,drift,"[0, 44, 45, 46]",,,,Manhattan
2016-01-22 18:00:00,142498,promotion,"[0, 44, 45, 47]",,47.0,46.0,Manhattan
2016-01-22 18:00:00,142658,warning,"[0, 44, 45, 47]",48.0,,,Manhattan
2016-01-22 21:00:00,20698,drift,"[0, 45, 46, 47]",,,,Global
2016-01-22 21:00:00,20698,promotion,"[0, 45, 46, 48]",,48.0,47.0,Global
2016-01-22 23:00:00,2646,warning,"[0, 1, 5, 6]",7.0,,,Queens
2016-01-22 23:00:00,20794,warning,"[0, 45, 46, 48]",49.0,,,Global
2016-01-23 00:00:00,1858,drift,[0],,,,Brooklyn
2016-01-23 01:00:00,145498,drift,"[0, 44, 45, 47]",,,,Manhattan
2016-01-23 01:00:00,145498,promotion,"[0, 44, 45, 48]",,48.0,47.0,Manhattan
2016-01-23 01:00:00,2668,drift,"[0, 1, 5, 6]",,,,Queens
2016-01-23 01:00:00,2668,promotion,"[0, 5, 6, 7]",,7.0,1.0,Queens
2016-01-23 01:00:00,145626,warning,"[0, 44, 45, 48]",49.0,,,Manhattan
2016-01-24 08:00:00,21098,drift,"[0, 45, 46, 48]",,,,Global
2016-01-24 08:00:00,21098,promotion,"[0, 45, 48, 49]",,49.0,46.0,Global
2016-01-24 13:00:00,1922,warning,[0],1.0,,,Brooklyn
2016-01-24 14:00:00,21162,warning,"[0, 45, 48, 49]",50.0,,,Global
2016-01-24 14:00:00,2732,warning,"[0, 5, 6, 7]",8.0,,,Queens
2016-01-24 19:00:00,148498,drift,"[0, 44, 45, 48]",,,,Manhattan
2016-01-24 19:00:00,148498,promotion,"[0, 44, 45, 49]",,49.0,48.0,Manhattan
2016-01-24 19:00:00,148530,warning,"[0, 44, 45, 49]",50.0,,,Manhattan
2016-01-25 01:00:00,21498,drift,"[0, 45, 48, 49]",,,,Global
2016-01-25 01:00:00,21498,promotion,"[0, 45, 49, 50]",,50.0,48.0,Global
2016-01-25 02:00:00,1978,drift,[0],,,,Brooklyn
2016-01-25 02:00:00,1978,promotion,"[0, 1]",,1.0,,Brooklyn
2016-01-25 03:00:00,2818,drift,"[0, 5, 6, 7]",,,,Queens
2016-01-25 03:00:00,2818,promotion,"[0, 6, 7, 8]",,8.0,5.0,Queens
2016-01-25 04:00:00,21562,warning,"[0, 45, 49, 50]",51.0,,,Global
2016-01-25 09:00:00,2882,warning,"[0, 6, 7, 8]",9.0,,,Queens
2016-01-25 14:00:00,21898,drift,"[0, 45, 49, 50]",,,,Global
2016-01-25 14:00:00,21898,promotion,"[0, 45, 49, 51]",,51.0,50.0,Global
2016-01-25 15:00:00,151498,drift,"[0, 44, 45, 49]",,,,Manhattan
2016-01-25 15:00:00,151498,promotion,"[0, 44, 45, 50]",,50.0,49.0,Manhattan
2016-01-25 15:00:00,151722,warning,"[0, 44, 45, 50]",51.0,,,Manhattan
2016-01-25 16:00:00,21962,warning,"[0, 45, 49, 51]",52.0,,,Global
2016-01-25 16:00:00,2938,drift,"[0, 6, 7, 8]",,,,Queens
2016-01-25 16:00:00,2938,promotion,"[0, 6, 7, 9]",,9.0,8.0,Queens
2016-01-25 23:00:00,22298,drift,"[0, 45, 49, 51]",,,,Global
2016-01-25 23:00:00,22298,promotion,"[0, 49, 51, 52]",,52.0,45.0,Global
2016-01-26 00:00:00,22362,warning,"[0, 49, 51, 52]",53.0,,,Global
2016-01-26 06:00:00,154498,drift,"[0, 44, 45, 50]",,,,Manhattan
2016-01-26 06:00:00,154498,promotion,"[0, 44, 45, 51]",,51.0,50.0,Manhattan
2016-01-26 06:00:00,154594,warning,"[0, 44, 45, 51]",52.0,,,Manhattan
2016-01-26 10:00:00,22698,drift,"[0, 49, 51, 52]",,,,Global
2016-01-26 10:00:00,22698,promotion,"[0, 51, 52, 53]",,53.0,49.0,Global
2016-01-26 12:00:00,3066,warning,"[0, 6, 7, 9]",10.0,,,Queens
2016-01-26 13:00:00,22762,warning,"[0, 51, 52, 53]",54.0,,,Global
2016-01-26 16:00:00,3088,drift,"[0, 6, 7, 9]",,,,Queens
2016-01-26 16:00:00,3088,promotion,"[0, 6, 7, 10]",,10.0,9.0,Queens
2016-01-26 17:00:00,157498,drift,"[0, 44, 45, 51]",,,,Manhattan
2016-01-26 17:00:00,157498,promotion,"[0, 44, 45, 52]",,52.0,51.0,Manhattan
2016-01-26 17:00:00,157530,warning,"[0, 44, 45, 52]",53.0,,,Manhattan
2016-01-26 20:00:00,23098,drift,"[0, 51, 52, 53]",,,,Global
2016-01-26 20:00:00,23098,promotion,"[0, 52, 53, 54]",,54.0,51.0,Global
2016-01-26 21:00:00,23162,warning,"[0, 52, 53, 54]",55.0,,,Global
2016-01-26 22:00:00,2106,warning,"[0, 1]",2.0,,,Brooklyn
2016-01-27 06:00:00,23498,drift,"[0, 52, 53, 54]",,,,Global
2016-01-27 06:00:00,23498,promotion,"[0, 52, 53, 55]",,55.0,54.0,Global
2016-01-27 07:00:00,160498,drift,"[0, 44, 45, 52]",,,,Manhattan
2016-01-27 07:00:00,160498,promotion,"[0, 44, 45, 53]",,53.0,52.0,Manhattan
2016-01-27 07:00:00,160626,warning,"[0, 44, 45, 53]",54.0,,,Manhattan
2016-01-27 09:00:00,2138,drift,"[0, 1]",,,,Brooklyn
2016-01-27 09:00:00,2138,promotion,"[0, 1, 2]",,2.0,,Brooklyn
2016-01-27 11:00:00,23626,warning,"[0, 52, 53, 55]",56.0,,,Global
2016-01-27 16:00:00,163498,drift,"[0, 44, 45, 53]",,,,Manhattan
2016-01-27 16:00:00,163498,promotion,"[0, 44, 45, 54]",,54.0,53.0,Manhattan
2016-01-27 16:00:00,163594,warning,"[0, 44, 45, 54]",55.0,,,Manhattan
2016-01-27 19:00:00,23898,drift,"[0, 52, 53, 55]",,,,Global
2016-01-27 19:00:00,23898,promotion,"[0, 52, 53, 56]",,56.0,55.0,Global
2016-01-27 20:00:00,23962,warning,"[0, 52, 53, 56]",57.0,,,Global
2016-01-27 20:00:00,3216,warning,"[0, 6, 7, 10]",11.0,,,Queens
2016-01-27 23:00:00,3238,drift,"[0, 6, 7, 10]",,,,Queens
2016-01-27 23:00:00,3238,promotion,"[0, 6, 10, 11]",,11.0,7.0,Queens
2016-01-28 00:00:00,166498,drift,"[0, 44, 45, 54]",,,,Manhattan
2016-01-28 00:00:00,166498,promotion,"[0, 45, 54, 55]",,55.0,44.0,Manhattan
2016-01-28 01:00:00,24298,drift,"[0, 52, 53, 56]",,,,Global
2016-01-28 01:00:00,24298,promotion,"[0, 52, 56, 57]",,57.0,53.0,Global
2016-01-28 01:00:00,166658,warning,"[0, 45, 54, 55]",56.0,,,Manhattan
2016-01-28 05:00:00,24394,warning,"[0, 52, 56, 57]",58.0,,,Global
2016-01-28 14:00:00,169498,drift,"[0, 45, 54, 55]",,,,Manhattan
2016-01-28 14:00:00,169498,promotion,"[0, 45, 54, 56]",,56.0,55.0,Manhattan
2016-01-28 14:00:00,24698,drift,"[0, 52, 56, 57]",,,,Global
2016-01-28 14:00:00,24698,promotion,"[0, 52, 57, 58]",,58.0,56.0,Global
2016-01-28 14:00:00,169626,warning,"[0, 45, 54, 56]",57.0,,,Manhattan
2016-01-28 15:00:00,24762,warning,"[0, 52, 57, 58]",59.0,,,Global
2016-01-28 21:00:00,25098,drift,"[0, 52, 57, 58]",,,,Global
2016-01-28 21:00:00,25098,promotion,"[0, 52, 57, 59]",,59.0,58.0,Global
2016-01-28 22:00:00,172498,drift,"[0, 45, 54, 56]",,,,Manhattan
2016-01-28 22:00:00,172498,promotion,"[0, 54, 56, 57]",,57.0,45.0,Manhattan
2016-01-28 22:00:00,172594,warning,"[0, 54, 56, 57]",58.0,,,Manhattan
2016-01-28 22:00:00,3334,warning,"[0, 6, 10, 11]",12.0,,,Queens
2016-01-28 22:00:00,25162,warning,"[0, 52, 57, 59]",60.0,,,Global
2016-01-29 07:00:00,25498,drift,"[0, 52, 57, 59]",,,,Global
2016-01-29 07:00:00,25498,promotion,"[0, 52, 57, 60]",,60.0,59.0,Global
2016-01-29 10:00:00,175498,drift,"[0, 54, 56, 57]",,,,Manhattan
2016-01-29 10:00:00,175498,promotion,"[0, 54, 57, 58]",,58.0,56.0,Manhattan
2016-01-29 11:00:00,25594,warning,"[0, 52, 57, 60]",61.0,,,Global
2016-01-29 11:00:00,175626,warning,"[0, 54, 57, 58]",59.0,,,Manhattan
2016-01-29 18:00:00,3418,drift,"[0, 6, 10, 11]",,,,Queens
2016-01-29 18:00:00,3418,promotion,"[0, 6, 11, 12]",,12.0,10.0,Queens
2016-01-29 18:00:00,25898,drift,"[0, 52, 57, 60]",,,,Global
2016-01-29 18:00:00,25898,promotion,"[0, 52, 60, 61]",,61.0,57.0,Global
2016-01-29 19:00:00,178498,drift,"[0, 54, 57, 58]",,,,Manhattan
2016-01-29 19:00:00,178498,promotion,"[0, 57, 58, 59]",,59.0,54.0,Manhattan
2016-01-29 19:00:00,178626,warning,"[0, 57, 58, 59]",60.0,,,Manhattan
2016-01-29 19:00:00,25962,warning,"[0, 52, 60, 61]",62.0,,,Global
2016-01-29 22:00:00,2362,warning,"[0, 1, 2]",3.0,,,Brooklyn
2016-01-30 00:00:00,26298,drift,"[0, 52, 60, 61]",,,,Global
2016-01-30 00:00:00,26298,promotion,"[0, 60, 61, 62]",,62.0,52.0,Global
2016-01-30 01:00:00,26394,warning,"[0, 60, 61, 62]",63.0,,,Global
2016-01-30 02:00:00,181498,drift,"[0, 57, 58, 59]",,,,Manhattan
2016-01-30 02:00:00,181498,promotion,"[0, 58, 59, 60]",,60.0,57.0,Manhattan
2016-01-30 02:00:00,2418,drift,"[0, 1, 2]",,,,Brooklyn
2016-01-30 02:00:00,2418,promotion,"[0, 1, 2, 3]",,3.0,,Brooklyn
2016-01-30 03:00:00,181882,warning,"[0, 58, 59, 60]",61.0,,,Manhattan
2016-01-30 03:00:00,3482,warning,"[0, 6, 11, 12]",13.0,,,Queens
2016-01-30 08:00:00,26698,drift,"[0, 60, 61, 62]",,,,Global
2016-01-30 08:00:00,26698,promotion,"[0, 60, 61, 63]",,63.0,62.0,Global
2016-01-30 12:00:00,26794,warning,"[0, 60, 61, 63]",64.0,,,Global
2016-01-30 14:00:00,184498,drift,"[0, 58, 59, 60]",,,,Manhattan
2016-01-30 14:00:00,184498,promotion,"[0, 58, 59, 61]",,61.0,60.0,Manhattan
2016-01-30 14:00:00,184658,warning,"[0, 58, 59, 61]",62.0,,,Manhattan
2016-01-30 16:00:00,3538,drift,"[0, 6, 11, 12]",,,,Queens
2016-01-30 16:00:00,3538,promotion,"[0, 11, 12, 13]",,13.0,6.0,Queens
2016-01-30 21:00:00,27098,drift,"[0, 60, 61, 63]",,,,Global
2016-01-30 21:00:00,27098,promotion,"[0, 60, 63, 64]",,64.0,61.0,Global
2016-01-30 21:00:00,187498,drift,"[0, 58, 59, 61]",,,,Manhattan
2016-01-30 21:00:00,187498,promotion,"[0, 59, 61, 62]",,62.0,58.0,Manhattan
2016-01-30 21:00:00,187594,warning,"[0, 59, 61, 62]",63.0,,,Manhattan
2016-01-30 23:00:00,27194,warning,"[0, 60, 63, 64]",65.0,,,Global
2016-01-31 03:00:00,27498,drift,"[0, 60, 63, 64]",,,,Global
2016-01-31 03:00:00,27498,promotion,"[0, 60, 63, 65]",,65.0,64.0,Global
2016-01-31 06:00:00,27594,warning,"[0, 60, 63, 65]",66.0,,,Global
2016-01-31 08:00:00,3602,warning,"[0, 11, 12, 13]",14.0,,,Queens
2016-01-31 08:00:00,190498,drift,"[0, 59, 61, 62]",,,,Manhattan
2016-01-31 08:00:00,190498,promotion,"[0, 59, 61, 63]",,63.0,62.0,Manhattan
2016-01-31 09:00:00,190626,warning,"[0, 59, 61, 63]",64.0,,,Manhattan
2016-01-31 13:00:00,2610,warning,"[0, 1, 2, 3]",4.0,,,Brooklyn
2016-01-31 16:00:00,27898,drift,"[0, 60, 63, 65]",,,,Global
2016-01-31 16:00:00,27898,promotion,"[0, 60, 63, 66]",,66.0,65.0,Global
2016-01-31 17:00:00,193498,drift,"[0, 59, 61, 63]",,,,Manhattan
2016-01-31 17:00:00,193498,promotion,"[0, 59, 63, 64]",,64.0,61.0,Manhattan
2016-01-31 17:00:00,27994,warning,"[0, 60, 63, 66]",67.0,,,Global
2016-01-31 18:00:00,193690,warning,"[0, 59, 63, 64]",65.0,,,Manhattan
2016-01-31 23:00:00,28298,drift,"[0, 60, 63, 66]",,,,Global
2016-01-31 23:00:00,28298,promotion,"[0, 60, 63, 67]",,67.0,66.0,Global
2016-02-01 01:00:00,2658,drift,"[0, 1, 2, 3]",,,,Brooklyn
2016-02-01 01:00:00,2658,promotion,"[0, 2, 3, 4]",,4.0,1.0,Brooklyn
2016-02-01 03:00:00,28394,warning,"[0, 60, 63, 67]",68.0,,,Global
2016-02-01 09:00:00,196498,drift,"[0, 59, 63, 64]",,,,Manhattan
2016-02-01 09:00:00,196498,promotion,"[0, 59, 63, 65]",,65.0,64.0,Manhattan
2016-02-01 10:00:00,196722,warning,"[0, 59, 63, 65]",66.0,,,Manhattan
2016-02-01 14:00:00,28698,drift,"[0, 60, 63, 67]",,,,Global
2016-02-01 14:00:00,28698,promotion,"[0, 60, 63, 68]",,68.0,67.0,Global
2016-02-01 14:00:00,3748,drift,"[0, 11, 12, 13]",,,,Queens
2016-02-01 14:00:00,3748,promotion,"[0, 11, 12, 14]",,14.0,13.0,Queens
2016-02-01 14:00:00,28730,warning,"[0, 60, 63, 68]",69.0,,,Global
2016-02-01 19:00:00,199498,drift,"[0, 59, 63, 65]",,,,Manhattan
2016-02-01 19:00:00,199498,promotion,"[0, 59, 65, 66]",,66.0,63.0,Manhattan
2016-02-01 19:00:00,199626,warning,"[0, 59, 65, 66]",67.0,,,Manhattan
2016-02-01 21:00:00,29098,drift,"[0, 60, 63, 68]",,,,Global
2016-02-01 21:00:00,29098,promotion,"[0, 60, 63, 69]",,69.0,68.0,Global
2016-02-01 22:00:00,29162,warning,"[0, 60, 63, 69]",70.0,,,Global
2016-02-02 09:00:00,202498,drift,"[0, 59, 65, 66]",,,,Manhattan
2016-02-02 09:00:00,202498,promotion,"[0, 65, 66, 67]",,67.0,59.0,Manhattan
2016-02-02 09:00:00,202562,warning,"[0, 65, 66, 67]",68.0,,,Manhattan
2016-02-02 12:00:00,29498,drift,"[0, 60, 63, 69]",,,,Global
2016-02-02 12:00:00,29498,promotion,"[0, 60, 63, 70]",,70.0,69.0,Global
2016-02-02 13:00:00,29562,warning,"[0, 60, 63, 70]",71.0,,,Global
2016-02-02 14:00:00,3844,warning,"[0, 11, 12, 14]",15.0,,,Queens
2016-02-02 18:00:00,205498,drift,"[0, 65, 66, 67]",,,,Manhattan
2016-02-02 18:00:00,205498,promotion,"[0, 66, 67, 68]",,68.0,65.0,Manhattan
2016-02-02 18:00:00,205594,warning,"[0, 66, 67, 68]",69.0,,,Manhattan
2016-02-02 21:00:00,29898,drift,"[0, 60, 63, 70]",,,,Global
2016-02-02 21:00:00,29898,promotion,"[0, 60, 70, 71]",,71.0,63.0,Global
2016-02-02 21:00:00,29930,warning,"[0, 60, 70, 71]",72.0,,,Global
2016-02-03 03:00:00,3898,drift,"[0, 11, 12, 14]",,,,Queens
2016-02-03 03:00:00,3898,promotion,"[0, 12, 14, 15]",,15.0,11.0,Queens
2016-02-03 07:00:00,30298,drift,"[0, 60, 70, 71]",,,,Global
2016-02-03 07:00:00,30298,promotion,"[0, 70, 71, 72]",,72.0,60.0,Global
2016-02-03 07:00:00,208498,drift,"[0, 66, 67, 68]",,,,Manhattan
2016-02-03 07:00:00,208498,promotion,"[0, 66, 68, 69]",,69.0,67.0,Manhattan
2016-02-03 08:00:00,208626,warning,"[0, 66, 68, 69]",70.0,,,Manhattan
2016-02-03 11:00:00,30394,warning,"[0, 70, 71, 72]",73.0,,,Global
2016-02-03 15:00:00,211498,drift,"[0, 66, 68, 69]",,,,Manhattan
2016-02-03 15:00:00,211498,promotion,"[0, 66, 68, 70]",,70.0,69.0,Manhattan
2016-02-03 16:00:00,211626,warning,"[0, 66, 68, 70]",71.0,,,Manhattan
2016-02-03 19:00:00,30698,drift,"[0, 70, 71, 72]",,,,Global
2016-02-03 19:00:00,30698,promotion,"[0, 71, 72, 73]",,73.0,70.0,Global
2016-02-03 20:00:00,30762,warning,"[0, 71, 72, 73]",74.0,,,Global
2016-02-04 00:00:00,214498,drift,"[0, 66, 68, 70]",,,,Manhattan
2016-02-04 00:00:00,214498,promotion,"[0, 66, 68, 71]",,71.0,70.0,Manhattan
2016-02-04 01:00:00,214658,warning,"[0, 66, 68, 71]",72.0,,,Manhattan
2016-02-04 03:00:00,31098,drift,"[0, 71, 72, 73]",,,,Global
2016-02-04 03:00:00,31098,promotion,"[0, 71, 73, 74]",,74.0,72.0,Global
2016-02-04 08:00:00,31226,warning,"[0, 71, 73, 74]",75.0,,,Global
2016-02-04 11:00:00,4026,warning,"[0, 12, 14, 15]",16.0,,,Queens
2016-02-04 13:00:00,217498,drift,"[0, 66, 68, 71]",,,,Manhattan
2016-02-04 13:00:00,217498,promotion,"[0, 66, 71, 72]",,72.0,68.0,Manhattan
2016-02-04 13:00:00,217626,warning,"[0, 66, 71, 72]",73.0,,,Manhattan
2016-02-04 16:00:00,31498,drift,"[0, 71, 73, 74]",,,,Global
2016-02-04 16:00:00,31498,promotion,"[0, 71, 74, 75]",,75.0,73.0,Global
2016-02-04 17:00:00,31562,warning,"[0, 71, 74, 75]",76.0,,,Global
2016-02-04 21:00:00,220498,drift,"[0, 66, 71, 72]",,,,Manhattan
2016-02-04 21:00:00,220498,promotion,"[0, 71, 72, 73]",,73.0,66.0,Manhattan
2016-02-04 21:00:00,220562,warning,"[0, 71, 72, 73]",74.0,,,Manhattan
2016-02-04 21:00:00,4078,drift,"[0, 12, 14, 15]",,,,Queens
2016-02-04 21:00:00,4078,promotion,"[0, 12, 15, 16]",,16.0,14.0,Queens
2016-02-04 22:00:00,31898,drift,"[0, 71, 74, 75]",,,,Global
2016-02-04 22:00:00,31898,promotion,"[0, 71, 74, 76]",,76.0,75.0,Global
2016-02-05 00:00:00,31994,warning,"[0, 71, 74, 76]",77.0,,,Global
2016-02-05 06:00:00,2946,warning,"[0, 2, 3, 4]",5.0,,,Brooklyn
2016-02-05 09:00:00,32298,drift,"[0, 71, 74, 76]",,,,Global
2016-02-05 09:00:00,32298,promotion,"[0, 71, 74, 77]",,77.0,76.0,Global
2016-02-05 10:00:00,223498,drift,"[0, 71, 72, 73]",,,,Manhattan
2016-02-05 10:00:00,223498,promotion,"[0, 71, 72, 74]",,74.0,73.0,Manhattan
2016-02-05 10:00:00,223722,warning,"[0, 71, 72, 74]",75.0,,,Manhattan
2016-02-05 13:00:00,32394,warning,"[0, 71, 74, 77]",78.0,,,Global
2016-02-05 15:00:00,4174,warning,"[0, 12, 15, 16]",17.0,,,Queens
2016-02-05 18:00:00,4198,drift,"[0, 12, 15, 16]",,,,Queens
2016-02-05 18:00:00,4198,promotion,"[0, 15, 16, 17]",,17.0,12.0,Queens
2016-02-05 18:00:00,226498,drift,"[0, 71, 72, 74]",,,,Manhattan
2016-02-05 18:00:00,226498,promotion,"[0, 71, 74, 75]",,75.0,72.0,Manhattan
2016-02-05 18:00:00,226626,warning,"[0, 71, 74, 75]",76.0,,,Manhattan
2016-02-05 20:00:00,32698,drift,"[0, 71, 74, 77]",,,,Global
2016-02-05 20:00:00,32698,promotion,"[0, 71, 74, 78]",,78.0,77.0,Global
2016-02-05 21:00:00,32762,warning,"[0, 71, 74, 78]",79.0,,,Global
2016-02-05 22:00:00,2998,drift,"[0, 2, 3, 4]",,,,Brooklyn
2016-02-05 22:00:00,2998,promotion,"[0, 2, 3, 5]",,5.0,4.0,Brooklyn
2016-02-06 01:00:00,229498,drift,"[0, 71, 74, 75]",,,,Manhattan
2016-02-06 01:00:00,229498,promotion,"[0, 71, 75, 76]",,76.0,74.0,Manhattan
2016-02-06 01:00:00,33098,drift,"[0, 71, 74, 78]",,,,Global
2016-02-06 01:00:00,33098,promotion,"[0, 71, 78, 79]",,79.0,74.0,Global
2016-02-06 02:00:00,229658,warning,"[0, 71, 75, 76]",77.0,,,Manhattan
2016-02-06 02:00:00,33162,warning,"[0, 71, 78, 79]",80.0,,,Global
2016-02-06 08:00:00,4262,warning,"[0, 15, 16, 17]",18.0,,,Queens
2016-02-06 14:00:00,33498,drift,"[0, 71, 78, 79]",,,,Global
2016-02-06 14:00:00,33498,promotion,"[0, 71, 78, 80]",,80.0,79.0,Global
2016-02-06 14:00:00,232498,drift,"[0, 71, 75, 76]",,,,Manhattan
2016-02-06 14:00:00,232498,promotion,"[0, 71, 75, 77]",,77.0,76.0,Manhattan
2016-02-06 14:00:00,232530,warning,"[0, 71, 75, 77]",78.0,,,Manhattan
2016-02-06 16:00:00,33562,warning,"[0, 71, 78, 80]",81.0,,,Global
2016-02-06 18:00:00,3126,warning,"[0, 2, 3, 5]",6.0,,,Brooklyn
2016-02-06 21:00:00,235498,drift,"[0, 71, 75, 77]",,,,Manhattan
2016-02-06 21:00:00,235498,promotion,"[0, 71, 75, 78]",,78.0,77.0,Manhattan
2016-02-06 21:00:00,235562,warning,"[0, 71, 75, 78]",79.0,,,Manhattan
2016-02-07 00:00:00,33898,drift,"[0, 71, 78, 80]",,,,Global
2016-02-07 00:00:00,33898,promotion,"[0, 71, 78, 81]",,81.0,80.0,Global
2016-02-07 01:00:00,33994,warning,"[0, 71, 78, 81]",82.0,,,Global
2016-02-07 01:00:00,4348,drift,"[0, 15, 16, 17]",,,,Queens
2016-02-07 01:00:00,4348,promotion,"[0, 16, 17, 18]",,18.0,15.0,Queens
2016-02-07 09:00:00,238498,drift,"[0, 71, 75, 78]",,,,Manhattan
2016-02-07 09:00:00,238498,promotion,"[0, 71, 75, 79]",,79.0,78.0,Manhattan
2016-02-07 10:00:00,4380,warning,"[0, 16, 17, 18]",19.0,,,Queens
2016-02-07 10:00:00,238562,warning,"[0, 71, 75, 79]",80.0,,,Manhattan
2016-02-07 10:00:00,34298,drift,"[0, 71, 78, 81]",,,,Global
2016-02-07 10:00:00,34298,promotion,"[0, 78, 81, 82]",,82.0,71.0,Global
2016-02-07 15:00:00,34458,warning,"[0, 78, 81, 82]",83.0,,,Global
2016-02-07 18:00:00,241498,drift,"[0, 71, 75, 79]",,,,Manhattan
2016-02-07 18:00:00,241498,promotion,"[0, 71, 79, 80]",,80.0,75.0,Manhattan
2016-02-07 18:00:00,241626,warning,"[0, 71, 79, 80]",81.0,,,Manhattan
2016-02-07 19:00:00,34698,drift,"[0, 78, 81, 82]",,,,Global
2016-02-07 19:00:00,34698,promotion,"[0, 81, 82, 83]",,83.0,78.0,Global
2016-02-07 21:00:00,34794,warning,"[0, 81, 82, 83]",84.0,,,Global
2016-02-08 06:00:00,35098,drift,"[0, 81, 82, 83]",,,,Global
2016-02-08 06:00:00,35098,promotion,"[0, 81, 82, 84]",,84.0,83.0,Global
2016-02-08 09:00:00,244498,drift,"[0, 71, 79, 80]",,,,Manhattan
2016-02-08 09:00:00,244498,promotion,"[0, 79, 80, 81]",,81.0,71.0,Manhattan
2016-02-08 09:00:00,244658,warning,"[0, 79, 80, 81]",82.0,,,Manhattan
2016-02-08 10:00:00,35194,warning,"[0, 81, 82, 84]",85.0,,,Global
2016-02-08 12:00:00,4498,drift,"[0, 16, 17, 18]",,,,Queens
2016-02-08 12:00:00,4498,promotion,"[0, 17, 18, 19]",,19.0,16.0,Queens
2016-02-08 18:00:00,35498,drift,"[0, 81, 82, 84]",,,,Global
2016-02-08 18:00:00,35498,promotion,"[0, 81, 84, 85]",,85.0,82.0,Global
2016-02-08 18:00:00,247498,drift,"[0, 79, 80, 81]",,,,Manhattan
2016-02-08 18:00:00,247498,promotion,"[0, 79, 81, 82]",,82.0,80.0,Manhattan
2016-02-08 18:00:00,247626,warning,"[0, 79, 81, 82]",83.0,,,Manhattan
2016-02-08 20:00:00,35594,warning,"[0, 81, 84, 85]",86.0,,,Global
2016-02-09 02:00:00,35898,drift,"[0, 81, 84, 85]",,,,Global
2016-02-09 02:00:00,35898,promotion,"[0, 84, 85, 86]",,86.0,81.0,Global
2016-02-09 06:00:00,4594,warning,"[0, 17, 18, 19]",20.0,,,Queens
2016-02-09 07:00:00,35962,warning,"[0, 84, 85, 86]",87.0,,,Global
2016-02-09 09:00:00,250498,drift,"[0, 79, 81, 82]",,,,Manhattan
2016-02-09 09:00:00,250498,promotion,"[0, 79, 81, 83]",,83.0,82.0,Manhattan
2016-02-09 09:00:00,250626,warning,"[0, 79, 81, 83]",84.0,,,Manhattan
2016-02-09 16:00:00,4648,drift,"[0, 17, 18, 19]",,,,Queens
2016-02-09 16:00:00,4648,promotion,"[0, 17, 18, 20]",,20.0,19.0,Queens
2016-02-09 17:00:00,253498,drift,"[0, 79, 81, 83]",,,,Manhattan
2016-02-09 17:00:00,253498,promotion,"[0, 81, 83, 84]",,84.0,79.0,Manhattan
2016-02-09 18:00:00,253626,warning,"[0, 81, 83, 84]",85.0,,,Manhattan
2016-02-09 18:00:00,36298,drift,"[0, 84, 85, 86]",,,,Global
2016-02-09 18:00:00,36298,promotion,"[0, 84, 85, 87]",,87.0,86.0,Global
2016-02-09 19:00:00,36362,warning,"[0, 84, 85, 87]",88.0,,,Global
2016-02-09 21:00:00,3438,drift,"[0, 2, 3, 5]",,,,Brooklyn
2016-02-09 21:00:00,3438,promotion,"[0, 2, 3, 6]",,6.0,5.0,Brooklyn
2016-02-10 01:00:00,36698,drift,"[0, 84, 85, 87]",,,,Global
2016-02-10 01:00:00,36698,promotion,"[0, 84, 85, 88]",,88.0,87.0,Global
2016-02-10 02:00:00,36730,warning,"[0, 84, 85, 88]",89.0,,,Global
2016-02-10 07:00:00,256498,drift,"[0, 81, 83, 84]",,,,Manhattan
2016-02-10 07:00:00,256498,promotion,"[0, 83, 84, 85]",,85.0,81.0,Manhattan
2016-02-10 07:00:00,256626,warning,"[0, 83, 84, 85]",86.0,,,Manhattan
2016-02-10 15:00:00,259498,drift,"[0, 83, 84, 85]",,,,Manhattan
2016-02-10 15:00:00,259498,promotion,"[0, 83, 85, 86]",,86.0,84.0,Manhattan
2016-02-10 15:00:00,37098,drift,"[0, 84, 85, 88]",,,,Global
2016-02-10 15:00:00,37098,promotion,"[0, 84, 88, 89]",,89.0,85.0,Global
2016-02-10 15:00:00,259530,warning,"[0, 83, 85, 86]",87.0,,,Manhattan
2016-02-10 16:00:00,37162,warning,"[0, 84, 88, 89]",90.0,,,Global
2016-02-10 22:00:00,37498,drift,"[0, 84, 88, 89]",,,,Global
2016-02-10 22:00:00,37498,promotion,"[0, 84, 88, 90]",,90.0,89.0,Global
2016-02-10 22:00:00,262498,drift,"[0, 83, 85, 86]",,,,Manhattan
2016-02-10 22:00:00,262498,promotion,"[0, 83, 85, 87]",,87.0,86.0,Manhattan
2016-02-10 22:00:00,262530,warning,"[0, 83, 85, 87]",88.0,,,Manhattan
2016-02-10 23:00:00,37594,warning,"[0, 84, 88, 90]",91.0,,,Global
2016-02-11 00:00:00,4776,warning,"[0, 17, 18, 20]",21.0,,,Queens
2016-02-11 09:00:00,37898,drift,"[0, 84, 88, 90]",,,,Global
2016-02-11 09:00:00,37898,promotion,"[0, 84, 88, 91]",,91.0,90.0,Global
2016-02-11 11:00:00,265498,drift,"[0, 83, 85, 87]",,,,Manhattan
2016-02-11 11:00:00,265498,promotion,"[0, 83, 85, 88]",,88.0,87.0,Manhattan
2016-02-11 11:00:00,37962,warning,"[0, 84, 88, 91]",92.0,,,Global
2016-02-11 11:00:00,265626,warning,"[0, 83, 85, 88]",89.0,,,Manhattan
2016-02-11 18:00:00,4858,drift,"[0, 17, 18, 20]",,,,Queens
2016-02-11 18:00:00,4858,promotion,"[0, 17, 18, 21]",,21.0,20.0,Queens
2016-02-11 18:00:00,268498,drift,"[0, 83, 85, 88]",,,,Manhattan
2016-02-11 18:00:00,268498,promotion,"[0, 83, 88, 89]",,89.0,85.0,Manhattan
2016-02-11 19:00:00,268626,warning,"[0, 83, 88, 89]",90.0,,,Manhattan
2016-02-11 19:00:00,38298,drift,"[0, 84, 88, 91]",,,,Global
2016-02-11 19:00:00,38298,promotion,"[0, 84, 91, 92]",,92.0,88.0,Global
2016-02-11 21:00:00,38394,warning,"[0, 84, 91, 92]",93.0,,,Global
2016-02-11 23:00:00,3598,warning,"[0, 2, 3, 6]",7.0,,,Brooklyn
2016-02-12 00:00:00,38698,drift,"[0, 84, 91, 92]",,,,Global
2016-02-12 00:00:00,38698,promotion,"[0, 84, 92, 93]",,93.0,91.0,Global
2016-02-12 01:00:00,38762,warning,"[0, 84, 92, 93]",94.0,,,Global
2016-02-12 06:00:00,271498,drift,"[0, 83, 88, 89]",,,,Manhattan
2016-02-12 06:00:00,271498,promotion,"[0, 83, 88, 90]",,90.0,89.0,Manhattan
2016-02-12 06:00:00,271530,warning,"[0, 83, 88, 90]",91.0,,,Manhattan
2016-02-12 07:00:00,4922,warning,"[0, 17, 18, 21]",22.0,,,Queens
2016-02-12 11:00:00,39098,drift,"[0, 84, 92, 93]",,,,Global
2016-02-12 11:00:00,39098,promotion,"[0, 92, 93, 94]",,94.0,84.0,Global
2016-02-12 14:00:00,274498,drift,"[0, 83, 88, 90]",,,,Manhattan
2016-02-12 14:00:00,274498,promotion,"[0, 83, 88, 91]",,91.0,90.0,Manhattan
2016-02-12 14:00:00,39226,warning,"[0, 92, 93, 94]",95.0,,,Global
2016-02-12 14:00:00,4948,drift,"[0, 17, 18, 21]",,,,Queens
2016-02-12 14:00:00,4948,promotion,"[0, 17, 18, 22]",,22.0,21.0,Queens
2016-02-12 14:00:00,274690,warning,"[0, 83, 88, 91]",92.0,,,Manhattan
2016-02-12 19:00:00,39498,drift,"[0, 92, 93, 94]",,,,Global
2016-02-12 19:00:00,39498,promotion,"[0, 92, 93, 95]",,95.0,94.0,Global
2016-02-12 21:00:00,277498,drift,"[0, 83, 88, 91]",,,,Manhattan
2016-02-12 21:00:00,277498,promotion,"[0, 83, 91, 92]",,92.0,88.0,Manhattan
2016-02-12 21:00:00,277626,warning,"[0, 83, 91, 92]",93.0,,,Manhattan
2016-02-12 21:00:00,39626,warning,"[0, 92, 93, 95]",96.0,,,Global
2016-02-13 00:00:00,3698,drift,"[0, 2, 3, 6]",,,,Brooklyn
2016-02-13 00:00:00,3698,promotion,"[0, 2, 3, 7]",,7.0,6.0,Brooklyn
2016-02-13 01:00:00,39898,drift,"[0, 92, 93, 95]",,,,Global
2016-02-13 01:00:00,39898,promotion,"[0, 93, 95, 96]",,96.0,92.0,Global
2016-02-13 02:00:00,39962,warning,"[0, 93, 95, 96]",97.0,,,Global
2016-02-13 10:00:00,280498,drift,"[0, 83, 91, 92]",,,,Manhattan
2016-02-13 10:00:00,280498,promotion,"[0, 83, 91, 93]",,93.0,92.0,Manhattan
2016-02-13 10:00:00,280626,warning,"[0, 83, 91, 93]",94.0,,,Manhattan
2016-02-13 12:00:00,40298,drift,"[0, 93, 95, 96]",,,,Global
2016-02-13 12:00:00,40298,promotion,"[0, 93, 95, 97]",,97.0,96.0,Global
2016-02-13 14:00:00,40394,warning,"[0, 93, 95, 97]",98.0,,,Global
2016-02-13 17:00:00,283498,drift,"[0, 83, 91, 93]",,,,Manhattan
2016-02-13 17:00:00,283498,promotion,"[0, 83, 91, 94]",,94.0,93.0,Manhattan
2016-02-13 17:00:00,283626,warning,"[0, 83, 91, 94]",95.0,,,Manhattan
2016-02-13 21:00:00,3826,warning,"[0, 2, 3, 7]",8.0,,,Brooklyn
2016-02-13 22:00:00,40698,drift,"[0, 93, 95, 97]",,,,Global
2016-02-13 22:00:00,40698,promotion,"[0, 93, 95, 98]",,98.0,97.0,Global
2016-02-13 22:00:00,3838,drift,"[0, 2, 3, 7]",,,,Brooklyn
2016-02-13 22:00:00,3838,promotion,"[0, 2, 3, 8]",,8.0,7.0,Brooklyn
2016-02-13 23:00:00,40730,warning,"[0, 93, 95, 98]",99.0,,,Global
2016-02-13 23:00:00,286498,drift,"[0, 83, 91, 94]",,,,Manhattan
2016-02-13 23:00:00,286498,promotion,"[0, 83, 94, 95]",,95.0,91.0,Manhattan
2016-02-13 23:00:00,286626,warning,"[0, 83, 94, 95]",96.0,,,Manhattan
2016-02-14 04:00:00,5140,warning,"[0, 17, 18, 22]",23.0,,,Queens
2016-02-14 04:00:00,3902,warning,"[0, 2, 3, 8]",9.0,,,Brooklyn
2016-02-14 07:00:00,41098,drift,"[0, 93, 95, 98]",,,,Global
2016-02-14 07:00:00,41098,promotion,"[0, 93, 95, 99]",,99.0,98.0,Global
2016-02-14 09:00:00,41162,warning,"[0, 93, 95, 99]",100.0,,,Global
2016-02-14 11:00:00,3918,drift,"[0, 2, 3, 8]",,,,Brooklyn
2016-02-14 11:00:00,3918,promotion,"[0, 2, 3, 9]",,9.0,8.0,Brooklyn
2016-02-14 12:00:00,289498,drift,"[0, 83, 94, 95]",,,,Manhattan
2016-02-14 12:00:00,289498,promotion,"[0, 83, 94, 96]",,96.0,95.0,Manhattan
2016-02-14 13:00:00,289594,warning,"[0, 83, 94, 96]",97.0,,,Manhattan
2016-02-14 15:00:00,5188,drift,"[0, 17, 18, 22]",,,,Queens
2016-02-14 15:00:00,5188,promotion,"[0, 17, 22, 23]",,23.0,18.0,Queens
2016-02-14 17:00:00,41498,drift,"[0, 93, 95, 99]",,,,Global
2016-02-14 17:00:00,41498,promotion,"[0, 93, 99, 100]",,100.0,95.0,Global
2016-02-14 19:00:00,41562,warning,"[0, 93, 99, 100]",101.0,,,Global
2016-02-14 19:00:00,292498,drift,"[0, 83, 94, 96]",,,,Manhattan
2016-02-14 19:00:00,292498,promotion,"[0, 83, 94, 97]",,97.0,96.0,Manhattan
2016-02-14 20:00:00,292626,warning,"[0, 83, 94, 97]",98.0,,,Manhattan
2016-02-15 02:00:00,41898,drift,"[0, 93, 99, 100]",,,,Global
2016-02-15 02:00:00,41898,promotion,"[0, 99, 100, 101]",,101.0,93.0,Global
2016-02-15 06:00:00,5284,warning,"[0, 17, 22, 23]",24.0,,,Queens
2016-02-15 07:00:00,42026,warning,"[0, 99, 100, 101]",102.0,,,Global
2016-02-15 10:00:00,295498,drift,"[0, 83, 94, 97]",,,,Manhattan
2016-02-15 10:00:00,295498,promotion,"[0, 83, 94, 98]",,98.0,97.0,Manhattan
2016-02-15 11:00:00,295658,warning,"[0, 83, 94, 98]",99.0,,,Manhattan
2016-02-15 14:00:00,42298,drift,"[0, 99, 100, 101]",,,,Global
2016-02-15 14:00:00,42298,promotion,"[0, 99, 101, 102]",,102.0,100.0,Global
2016-02-15 17:00:00,42426,warning,"[0, 99, 101, 102]",103.0,,,Global
2016-02-15 18:00:00,298498,drift,"[0, 83, 94, 98]",,,,Manhattan
2016-02-15 18:00:00,298498,promotion,"[0, 83, 98, 99]",,99.0,94.0,Manhattan
2016-02-15 19:00:00,298690,warning,"[0, 83, 98, 99]",100.0,,,Manhattan
2016-02-15 22:00:00,42698,drift,"[0, 99, 101, 102]",,,,Global
2016-02-15 22:00:00,42698,promotion,"[0, 99, 101, 103]",,103.0,102.0,Global
2016-02-15 23:00:00,42762,warning,"[0, 99, 101, 103]",104.0,,,Global
2016-02-16 00:00:00,4078,warning,"[0, 2, 3, 9]",10.0,,,Brooklyn
2016-02-16 03:00:00,5428,drift,"[0, 17, 22, 23]",,,,Queens
2016-02-16 03:00:00,5428,promotion,"[0, 22, 23, 24]",,24.0,17.0,Queens
2016-02-16 09:00:00,43098,drift,"[0, 99, 101, 103]",,,,Global
2016-02-16 09:00:00,43098,promotion,"[0, 99, 101, 104]",,104.0,103.0,Global
2016-02-16 09:00:00,301498,drift,"[0, 83, 98, 99]",,,,Manhattan
2016-02-16 09:00:00,301498,promotion,"[0, 83, 98, 100]",,100.0,99.0,Manhattan
2016-02-16 10:00:00,301626,warning,"[0, 83, 98, 100]",101.0,,,Manhattan
2016-02-16 11:00:00,43194,warning,"[0, 99, 101, 104]",105.0,,,Global
2016-02-16 18:00:00,304498,drift,"[0, 83, 98, 100]",,,,Manhattan
2016-02-16 18:00:00,304498,promotion,"[0, 83, 100, 101]",,101.0,98.0,Manhattan
2016-02-16 18:00:00,304594,warning,"[0, 83, 100, 101]",102.0,,,Manhattan
2016-02-16 19:00:00,43498,drift,"[0, 99, 101, 104]",,,,Global
2016-02-16 19:00:00,43498,promotion,"[0, 101, 104, 105]",,105.0,99.0,Global
2016-02-16 21:00:00,43594,warning,"[0, 101, 104, 105]",106.0,,,Global
2016-02-17 00:00:00,4138,drift,"[0, 2, 3, 9]",,,,Brooklyn
2016-02-17 00:00:00,4138,promotion,"[0, 2, 9, 10]",,10.0,3.0,Brooklyn
2016-02-17 01:00:00,5556,warning,"[0, 22, 23, 24]",25.0,,,Queens
2016-02-17 01:00:00,43898,drift,"[0, 101, 104, 105]",,,,Global
2016-02-17 01:00:00,43898,promotion,"[0, 101, 104, 106]",,106.0,105.0,Global
2016-02-17 07:00:00,44026,warning,"[0, 101, 104, 106]",107.0,,,Global
2016-02-17 08:00:00,307498,drift,"[0, 83, 100, 101]",,,,Manhattan
2016-02-17 08:00:00,307498,promotion,"[0, 100, 101, 102]",,102.0,83.0,Manhattan
2016-02-17 08:00:00,307594,warning,"[0, 100, 101, 102]",103.0,,,Manhattan
2016-02-17 14:00:00,44298,drift,"[0, 101, 104, 106]",,,,Global
2016-02-17 14:00:00,44298,promotion,"[0, 101, 104, 107]",,107.0,106.0,Global
2016-02-17 15:00:00,44362,warning,"[0, 101, 104, 107]",108.0,,,Global
2016-02-17 16:00:00,310498,drift,"[0, 100, 101, 102]",,,,Manhattan
2016-02-17 16:00:00,310498,promotion,"[0, 101, 102, 103]",,103.0,100.0,Manhattan
2016-02-17 17:00:00,310594,warning,"[0, 101, 102, 103]",104.0,,,Manhattan
2016-02-17 22:00:00,44698,drift,"[0, 101, 104, 107]",,,,Global
2016-02-17 22:00:00,44698,promotion,"[0, 104, 107, 108]",,108.0,101.0,Global
2016-02-17 23:00:00,44794,warning,"[0, 104, 107, 108]",109.0,,,Global
2016-02-18 00:00:00,313498,drift,"[0, 101, 102, 103]",,,,Manhattan
2016-02-18 00:00:00,313498,promotion,"[0, 101, 102, 104]",,104.0,103.0,Manhattan
2016-02-18 01:00:00,313658,warning,"[0, 101, 102, 104]",105.0,,,Manhattan
2016-02-18 09:00:00,45098,drift,"[0, 104, 107, 108]",,,,Global
2016-02-18 09:00:00,45098,promotion,"[0, 104, 107, 109]",,109.0,108.0,Global
2016-02-18 11:00:00,45162,warning,"[0, 104, 107, 109]",110.0,,,Global
2016-02-18 13:00:00,316498,drift,"[0, 101, 102, 104]",,,,Manhattan
2016-02-18 13:00:00,316498,promotion,"[0, 102, 104, 105]",,105.0,101.0,Manhattan
2016-02-18 14:00:00,316626,warning,"[0, 102, 104, 105]",106.0,,,Manhattan
2016-02-18 17:00:00,5728,drift,"[0, 22, 23, 24]",,,,Queens
2016-02-18 17:00:00,5728,promotion,"[0, 22, 23, 25]",,25.0,24.0,Queens
2016-02-18 19:00:00,45498,drift,"[0, 104, 107, 109]",,,,Global
2016-02-18 19:00:00,45498,promotion,"[0, 104, 107, 110]",,110.0,109.0,Global
2016-02-18 20:00:00,319498,drift,"[0, 102, 104, 105]",,,,Manhattan
2016-02-18 20:00:00,319498,promotion,"[0, 104, 105, 106]",,106.0,102.0,Manhattan
2016-02-18 21:00:00,45594,warning,"[0, 104, 107, 110]",111.0,,,Global
2016-02-18 21:00:00,319658,warning,"[0, 104, 105, 106]",107.0,,,Manhattan
2016-02-18 21:00:00,4266,warning,"[0, 2, 9, 10]",11.0,,,Brooklyn
2016-02-18 23:00:00,5760,warning,"[0, 22, 23, 25]",26.0,,,Queens
2016-02-19 00:00:00,45898,drift,"[0, 104, 107, 110]",,,,Global
2016-02-19 00:00:00,45898,promotion,"[0, 104, 107, 111]",,111.0,110.0,Global
2016-02-19 02:00:00,45962,warning,"[0, 104, 107, 111]",112.0,,,Global
2016-02-19 06:00:00,5788,drift,"[0, 22, 23, 25]",,,,Queens
2016-02-19 06:00:00,5788,promotion,"[0, 22, 23, 26]",,26.0,25.0,Queens
2016-02-19 07:00:00,4318,drift,"[0, 2, 9, 10]",,,,Brooklyn
2016-02-19 07:00:00,4318,promotion,"[0, 9, 10, 11]",,11.0,2.0,Brooklyn
2016-02-19 09:00:00,322498,drift,"[0, 104, 105, 106]",,,,Manhattan
2016-02-19 09:00:00,322498,promotion,"[0, 104, 105, 107]",,107.0,106.0,Manhattan
2016-02-19 09:00:00,322594,warning,"[0, 104, 105, 107]",108.0,,,Manhattan
2016-02-19 14:00:00,46298,drift,"[0, 104, 107, 111]",,,,Global
2016-02-19 14:00:00,46298,promotion,"[0, 104, 107, 112]",,112.0,111.0,Global
2016-02-19 16:00:00,46394,warning,"[0, 104, 107, 112]",113.0,,,Global
2016-02-19 17:00:00,325498,drift,"[0, 104, 105, 107]",,,,Manhattan
2016-02-19 17:00:00,325498,promotion,"[0, 104, 105, 108]",,108.0,107.0,Manhattan
2016-02-19 18:00:00,325594,warning,"[0, 104, 105, 108]",109.0,,,Manhattan
2016-02-19 21:00:00,46698,drift,"[0, 104, 107, 112]",,,,Global
2016-02-19 21:00:00,46698,promotion,"[0, 104, 112, 113]",,113.0,107.0,Global
2016-02-19 22:00:00,4350,warning,"[0, 9, 10, 11]",12.0,,,Brooklyn
2016-02-19 23:00:00,46794,warning,"[0, 104, 112, 113]",114.0,,,Global
2016-02-19 23:00:00,4358,drift,"[0, 9, 10, 11]",,,,Brooklyn
2016-02-19 23:00:00,4358,promotion,"[0, 9, 10, 12]",,12.0,11.0,Brooklyn
2016-02-20 00:00:00,328498,drift,"[0, 104, 105, 108]",,,,Manhattan
2016-02-20 00:00:00,328498,promotion,"[0, 104, 105, 109]",,109.0,108.0,Manhattan
2016-02-20 00:00:00,328690,warning,"[0, 104, 105, 109]",110.0,,,Manhattan
2016-02-20 03:00:00,47098,drift,"[0, 104, 112, 113]",,,,Global
2016-02-20 03:00:00,47098,promotion,"[0, 112, 113, 114]",,114.0,104.0,Global
2016-02-20 06:00:00,47194,warning,"[0, 112, 113, 114]",115.0,,,Global
2016-02-20 11:00:00,5948,warning,"[0, 22, 23, 26]",27.0,,,Queens
2016-02-20 12:00:00,4422,warning,"[0, 9, 10, 12]",13.0,,,Brooklyn
2016-02-20 13:00:00,331498,drift,"[0, 104, 105, 109]",,,,Manhattan
2016-02-20 13:00:00,331498,promotion,"[0, 104, 105, 110]",,110.0,109.0,Manhattan
2016-02-20 13:00:00,331594,warning,"[0, 104, 105, 110]",111.0,,,Manhattan
2016-02-20 17:00:00,47498,drift,"[0, 112, 113, 114]",,,,Global
2016-02-20 17:00:00,47498,promotion,"[0, 113, 114, 115]",,115.0,112.0,Global
2016-02-20 18:00:00,5998,drift,"[0, 22, 23, 26]",,,,Queens
2016-02-20 18:00:00,5998,promotion,"[0, 22, 23, 27]",,27.0,26.0,Queens
2016-02-20 18:00:00,47562,warning,"[0, 113, 114, 115]",116.0,,,Global
2016-02-20 20:00:00,334498,drift,"[0, 104, 105, 110]",,,,Manhattan
2016-02-20 20:00:00,334498,promotion,"[0, 104, 105, 111]",,111.0,110.0,Manhattan
2016-02-20 20:00:00,334626,warning,"[0, 104, 105, 111]",112.0,,,Manhattan
2016-02-21 00:00:00,4498,drift,"[0, 9, 10, 12]",,,,Brooklyn
2016-02-21 00:00:00,4498,promotion,"[0, 10, 12, 13]",,13.0,9.0,Brooklyn
2016-02-21 00:00:00,47898,drift,"[0, 113, 114, 115]",,,,Global
2016-02-21 00:00:00,47898,promotion,"[0, 113, 114, 116]",,116.0,115.0,Global
2016-02-21 01:00:00,47962,warning,"[0, 113, 114, 116]",117.0,,,Global
2016-02-21 04:00:00,337498,drift,"[0, 104, 105, 111]",,,,Manhattan
2016-02-21 04:00:00,337498,promotion,"[0, 104, 105, 112]",,112.0,111.0,Manhattan
2016-02-21 05:00:00,6062,warning,"[0, 22, 23, 27]",28.0,,,Queens
2016-02-21 07:00:00,337658,warning,"[0, 104, 105, 112]",113.0,,,Manhattan
2016-02-21 10:00:00,48298,drift,"[0, 113, 114, 116]",,,,Global
2016-02-21 10:00:00,48298,promotion,"[0, 113, 114, 117]",,117.0,116.0,Global
2016-02-21 11:00:00,6088,drift,"[0, 22, 23, 27]",,,,Queens
2016-02-21 11:00:00,6088,promotion,"[0, 22, 23, 28]",,28.0,27.0,Queens
2016-02-21 13:00:00,48394,warning,"[0, 113, 114, 117]",118.0,,,Global
2016-02-21 17:00:00,340498,drift,"[0, 104, 105, 112]",,,,Manhattan
2016-02-21 17:00:00,340498,promotion,"[0, 104, 105, 113]",,113.0,112.0,Manhattan
2016-02-21 17:00:00,340658,warning,"[0, 104, 105, 113]",114.0,,,Manhattan
2016-02-21 19:00:00,48698,drift,"[0, 113, 114, 117]",,,,Global
2016-02-21 19:00:00,48698,promotion,"[0, 113, 114, 118]",,118.0,117.0,Global
2016-02-21 20:00:00,48762,warning,"[0, 113, 114, 118]",119.0,,,Global
2016-02-22 06:00:00,49098,drift,"[0, 113, 114, 118]",,,,Global
2016-02-22 06:00:00,49098,promotion,"[0, 113, 114, 119]",,119.0,118.0,Global
2016-02-22 08:00:00,49162,warning,"[0, 113, 114, 119]",120.0,,,Global
2016-02-22 08:00:00,6184,warning,"[0, 22, 23, 28]",29.0,,,Queens
2016-02-22 08:00:00,343498,drift,"[0, 104, 105, 113]",,,,Manhattan
2016-02-22 08:00:00,343498,promotion,"[0, 104, 113, 114]",,114.0,105.0,Manhattan
2016-02-22 09:00:00,343562,warning,"[0, 104, 113, 114]",115.0,,,Manhattan
2016-02-22 17:00:00,49498,drift,"[0, 113, 114, 119]",,,,Global
2016-02-22 17:00:00,49498,promotion,"[0, 113, 114, 120]",,120.0,119.0,Global
2016-02-22 18:00:00,49562,warning,"[0, 113, 114, 120]",121.0,,,Global
2016-02-22 18:00:00,346498,drift,"[0, 104, 113, 114]",,,,Manhattan
2016-02-22 18:00:00,346498,promotion,"[0, 104, 113, 115]",,115.0,114.0,Manhattan
2016-02-22 18:00:00,346562,warning,"[0, 104, 113, 115]",116.0,,,Manhattan
2016-02-23 00:00:00,6268,drift,"[0, 22, 23, 28]",,,,Queens
2016-02-23 00:00:00,6268,promotion,"[0, 22, 28, 29]",,29.0,23.0,Queens
2016-02-23 00:00:00,49898,drift,"[0, 113, 114, 120]",,,,Global
2016-02-23 00:00:00,49898,promotion,"[0, 113, 120, 121]",,121.0,114.0,Global
2016-02-23 04:00:00,49962,warning,"[0, 113, 120, 121]",122.0,,,Global
2016-02-23 08:00:00,349498,drift,"[0, 104, 113, 115]",,,,Manhattan
2016-02-23 08:00:00,349498,promotion,"[0, 113, 115, 116]",,116.0,104.0,Manhattan
2016-02-23 08:00:00,349594,warning,"[0, 113, 115, 116]",117.0,,,Manhattan
2016-02-23 15:00:00,50298,drift,"[0, 113, 120, 121]",,,,Global
2016-02-23 15:00:00,50298,promotion,"[0, 120, 121, 122]",,122.0,113.0,Global
2016-02-23 15:00:00,352498,drift,"[0, 113, 115, 116]",,,,Manhattan
2016-02-23 15:00:00,352498,promotion,"[0, 113, 116, 117]",,117.0,115.0,Manhattan
2016-02-23 16:00:00,352690,warning,"[0, 113, 116, 117]",118.0,,,Manhattan
2016-02-23 17:00:00,50362,warning,"[0, 120, 121, 122]",123.0,,,Global
2016-02-23 18:00:00,6332,warning,"[0, 22, 28, 29]",30.0,,,Queens
2016-02-23 22:00:00,50698,drift,"[0, 120, 121, 122]",,,,Global
2016-02-23 22:00:00,50698,promotion,"[0, 120, 121, 123]",,123.0,122.0,Global
2016-02-23 23:00:00,355498,drift,"[0, 113, 116, 117]",,,,Manhattan
2016-02-23 23:00:00,355498,promotion,"[0, 113, 116, 118]",,118.0,117.0,Manhattan
2016-02-23 23:00:00,50762,warning,"[0, 120, 121, 123]",124.0,,,Global
2016-02-23 23:00:00,355594,warning,"[0, 113, 116, 118]",119.0,,,Manhattan
2016-02-24 12:00:00,51098,drift,"[0, 120, 121, 123]",,,,Global
2016-02-24 12:00:00,51098,promotion,"[0, 120, 121, 124]",,124.0,123.0,Global
2016-02-24 12:00:00,358498,drift,"[0, 113, 116, 118]",,,,Manhattan
2016-02-24 12:00:00,358498,promotion,"[0, 116, 118, 119]",,119.0,113.0,Manhattan
2016-02-24 12:00:00,358658,warning,"[0, 116, 118, 119]",120.0,,,Manhattan
2016-02-24 13:00:00,4754,warning,"[0, 10, 12, 13]",14.0,,,Brooklyn
2016-02-24 14:00:00,51162,warning,"[0, 120, 121, 124]",125.0,,,Global
2016-02-24 20:00:00,361498,drift,"[0, 116, 118, 119]",,,,Manhattan
2016-02-24 20:00:00,361498,promotion,"[0, 118, 119, 120]",,120.0,116.0,Manhattan
2016-02-24 20:00:00,361626,warning,"[0, 118, 119, 120]",121.0,,,Manhattan
2016-02-24 21:00:00,51498,drift,"[0, 120, 121, 124]",,,,Global
2016-02-24 21:00:00,51498,promotion,"[0, 120, 121, 125]",,125.0,124.0,Global
2016-02-24 22:00:00,51530,warning,"[0, 120, 121, 125]",126.0,,,Global
2016-02-24 23:00:00,6478,drift,"[0, 22, 28, 29]",,,,Queens
2016-02-24 23:00:00,6478,promotion,"[0, 28, 29, 30]",,30.0,22.0,Queens
2016-02-24 23:00:00,4798,drift,"[0, 10, 12, 13]",,,,Brooklyn
2016-02-24 23:00:00,4798,promotion,"[0, 12, 13, 14]",,14.0,10.0,Brooklyn
2016-02-25 07:00:00,51898,drift,"[0, 120, 121, 125]",,,,Global
2016-02-25 07:00:00,51898,promotion,"[0, 120, 121, 126]",,126.0,125.0,Global
2016-02-25 09:00:00,51962,warning,"[0, 120, 121, 126]",127.0,,,Global
2016-02-25 09:00:00,364498,drift,"[0, 118, 119, 120]",,,,Manhattan
2016-02-25 09:00:00,364498,promotion,"[0, 119, 120, 121]",,121.0,118.0,Manhattan
2016-02-25 09:00:00,364594,warning,"[0, 119, 120, 121]",122.0,,,Manhattan
2016-02-25 10:00:00,6542,warning,"[0, 28, 29, 30]",31.0,,,Queens
2016-02-25 15:00:00,6568,drift,"[0, 28, 29, 30]",,,,Queens
2016-02-25 15:00:00,6568,promotion,"[0, 28, 29, 31]",,31.0,30.0,Queens
2016-02-25 17:00:00,52298,drift,"[0, 120, 121, 126]",,,,Global
2016-02-25 17:00:00,52298,promotion,"[0, 120, 126, 127]",,127.0,121.0,Global
2016-02-25 17:00:00,367498,drift,"[0, 119, 120, 121]",,,,Manhattan
2016-02-25 17:00:00,367498,promotion,"[0, 119, 120, 122]",,122.0,121.0,Manhattan
2016-02-25 18:00:00,367690,warning,"[0, 119, 120, 122]",123.0,,,Manhattan
2016-02-25 18:00:00,52362,warning,"[0, 120, 126, 127]",128.0,,,Global
2016-02-25 23:00:00,52698,drift,"[0, 120, 126, 127]",,,,Global
2016-02-25 23:00:00,52698,promotion,"[0, 126, 127, 128]",,128.0,120.0,Global
2016-02-25 23:00:00,52762,warning,"[0, 126, 127, 128]",129.0,,,Global
2016-02-26 00:00:00,370498,drift,"[0, 119, 120, 122]",,,,Manhattan
2016-02-26 00:00:00,370498,promotion,"[0, 119, 120, 123]",,123.0,122.0,Manhattan
2016-02-26 01:00:00,370658,warning,"[0, 119, 120, 123]",124.0,,,Manhattan
2016-02-26 09:00:00,53098,drift,"[0, 126, 127, 128]",,,,Global
2016-02-26 09:00:00,53098,promotion,"[0, 126, 128, 129]",,129.0,127.0,Global
2016-02-26 12:00:00,53226,warning,"[0, 126, 128, 129]",130.0,,,Global
2016-02-26 13:00:00,373498,drift,"[0, 119, 120, 123]",,,,Manhattan
2016-02-26 13:00:00,373498,promotion,"[0, 119, 123, 124]",,124.0,120.0,Manhattan
2016-02-26 13:00:00,373690,warning,"[0, 119, 123, 124]",125.0,,,Manhattan
2016-02-26 18:00:00,53498,drift,"[0, 126, 128, 129]",,,,Global
2016-02-26 18:00:00,53498,promotion,"[0, 128, 129, 130]",,130.0,126.0,Global
2016-02-26 20:00:00,376498,drift,"[0, 119, 123, 124]",,,,Manhattan
2016-02-26 20:00:00,376498,promotion,"[0, 123, 124, 125]",,125.0,119.0,Manhattan
2016-02-26 20:00:00,6696,warning,"[0, 28, 29, 31]",32.0,,,Queens
2016-02-26 20:00:00,376626,warning,"[0, 123, 124, 125]",126.0,,,Manhattan
2016-02-26 21:00:00,53626,warning,"[0, 128, 129, 130]",131.0,,,Global
2016-02-27 00:00:00,53898,drift,"[0, 128, 129, 130]",,,,Global
2016-02-27 00:00:00,53898,promotion,"[0, 128, 129, 131]",,131.0,130.0,Global
2016-02-27 00:00:00,53962,warning,"[0, 128, 129, 131]",132.0,,,Global
2016-02-27 02:00:00,5022,warning,"[0, 12, 13, 14]",15.0,,,Brooklyn
2016-02-27 08:00:00,379498,drift,"[0, 123, 124, 125]",,,,Manhattan
2016-02-27 08:00:00,379498,promotion,"[0, 124, 125, 126]",,126.0,123.0,Manhattan
2016-02-27 08:00:00,379594,warning,"[0, 124, 125, 126]",127.0,,,Manhattan
2016-02-27 09:00:00,54298,drift,"[0, 128, 129, 131]",,,,Global
2016-02-27 09:00:00,54298,promotion,"[0, 128, 131, 132]",,132.0,129.0,Global
2016-02-27 12:00:00,5058,drift,"[0, 12, 13, 14]",,,,Brooklyn
2016-02-27 12:00:00,5058,promotion,"[0, 12, 13, 15]",,15.0,14.0,Brooklyn
2016-02-27 13:00:00,54426,warning,"[0, 128, 131, 132]",133.0,,,Global
2016-02-27 16:00:00,382498,drift,"[0, 124, 125, 126]",,,,Manhattan
2016-02-27 16:00:00,382498,promotion,"[0, 124, 125, 127]",,127.0,126.0,Manhattan
2016-02-27 16:00:00,382626,warning,"[0, 124, 125, 127]",128.0,,,Manhattan
2016-02-27 20:00:00,5098,drift,"[0, 12, 13, 15]",,,,Brooklyn
2016-02-27 20:00:00,54698,drift,"[0, 128, 131, 132]",,,,Global
2016-02-27 20:00:00,54698,promotion,"[0, 131, 132, 133]",,133.0,128.0,Global
2016-02-27 22:00:00,54794,warning,"[0, 131, 132, 133]",134.0,,,Global
2016-02-27 23:00:00,385498,drift,"[0, 124, 125, 127]",,,,Manhattan
2016-02-27 23:00:00,385498,promotion,"[0, 124, 125, 128]",,128.0,127.0,Manhattan
2016-02-27 23:00:00,385530,warning,"[0, 124, 125, 128]",129.0,,,Manhattan
2016-02-28 00:00:00,5162,warning,"[0, 12, 13, 15]",16.0,,,Brooklyn
2016-02-28 02:00:00,5198,drift,"[0, 12, 13, 15]",,,,Brooklyn
2016-02-28 02:00:00,5198,promotion,"[0, 12, 13, 16]",,16.0,15.0,Brooklyn
2016-02-28 02:00:00,55098,drift,"[0, 131, 132, 133]",,,,Global
2016-02-28 02:00:00,55098,promotion,"[0, 131, 132, 134]",,134.0,133.0,Global
2016-02-28 04:00:00,55162,warning,"[0, 131, 132, 134]",135.0,,,Global
2016-02-28 09:00:00,6898,drift,"[0, 28, 29, 31]",,,,Queens
2016-02-28 09:00:00,6898,promotion,"[0, 28, 29, 32]",,32.0,31.0,Queens
2016-02-28 11:00:00,388498,drift,"[0, 124, 125, 128]",,,,Manhattan
2016-02-28 11:00:00,388498,promotion,"[0, 124, 125, 129]",,129.0,128.0,Manhattan
2016-02-28 12:00:00,388658,warning,"[0, 124, 125, 129]",130.0,,,Manhattan
2016-02-28 13:00:00,55498,drift,"[0, 131, 132, 134]",,,,Global
2016-02-28 13:00:00,55498,promotion,"[0, 131, 132, 135]",,135.0,134.0,Global
2016-02-28 14:00:00,55562,warning,"[0, 131, 132, 135]",136.0,,,Global
2016-02-28 20:00:00,391498,drift,"[0, 124, 125, 129]",,,,Manhattan
2016-02-28 20:00:00,391498,promotion,"[0, 124, 125, 130]",,130.0,129.0,Manhattan
2016-02-28 20:00:00,55898,drift,"[0, 131, 132, 135]",,,,Global
2016-02-28 20:00:00,55898,promotion,"[0, 131, 132, 136]",,136.0,135.0,Global
2016-02-28 20:00:00,391626,warning,"[0, 124, 125, 130]",131.0,,,Manhattan
2016-02-28 23:00:00,56058,warning,"[0, 131, 132, 136]",137.0,,,Global
2016-02-29 02:00:00,6994,warning,"[0, 28, 29, 32]",33.0,,,Queens
2016-02-29 06:00:00,56298,drift,"[0, 131, 132, 136]",,,,Global
2016-02-29 06:00:00,56298,promotion,"[0, 131, 132, 137]",,137.0,136.0,Global
2016-02-29 08:00:00,56362,warning,"[0, 131, 132, 137]",138.0,,,Global
2016-02-29 11:00:00,7048,drift,"[0, 28, 29, 32]",,,,Queens
2016-02-29 11:00:00,7048,promotion,"[0, 28, 32, 33]",,33.0,29.0,Queens
2016-02-29 11:00:00,394498,drift,"[0, 124, 125, 130]",,,,Manhattan
2016-02-29 11:00:00,394498,promotion,"[0, 124, 130, 131]",,131.0,125.0,Manhattan
2016-02-29 12:00:00,394626,warning,"[0, 124, 130, 131]",132.0,,,Manhattan
2016-02-29 16:00:00,56698,drift,"[0, 131, 132, 137]",,,,Global
2016-02-29 16:00:00,56698,promotion,"[0, 131, 132, 138]",,138.0,137.0,Global
2016-02-29 18:00:00,56762,warning,"[0, 131, 132, 138]",139.0,,,Global
2016-02-29 20:00:00,397498,drift,"[0, 124, 130, 131]",,,,Manhattan
2016-02-29 20:00:00,397498,promotion,"[0, 124, 130, 132]",,132.0,131.0,Manhattan
2016-02-29 21:00:00,397658,warning,"[0, 124, 130, 132]",133.0,,,Manhattan
2016-03-01 00:00:00,57098,drift,"[0, 131, 132, 138]",,,,Global
2016-03-01 00:00:00,57098,promotion,"[0, 131, 132, 139]",,139.0,138.0,Global
2016-03-01 06:00:00,57194,warning,"[0, 131, 132, 139]",140.0,,,Global
2016-03-01 07:00:00,7176,warning,"[0, 28, 32, 33]",34.0,,,Queens
2016-03-01 11:00:00,400498,drift,"[0, 124, 130, 132]",,,,Manhattan
2016-03-01 11:00:00,400498,promotion,"[0, 124, 130, 133]",,133.0,132.0,Manhattan
2016-03-01 11:00:00,400722,warning,"[0, 124, 130, 133]",134.0,,,Manhattan
2016-03-01 15:00:00,57498,drift,"[0, 131, 132, 139]",,,,Global
2016-03-01 15:00:00,57498,promotion,"[0, 131, 132, 140]",,140.0,139.0,Global
2016-03-01 17:00:00,57562,warning,"[0, 131, 132, 140]",141.0,,,Global
2016-03-01 18:00:00,7228,drift,"[0, 28, 32, 33]",,,,Queens
2016-03-01 18:00:00,7228,promotion,"[0, 28, 32, 34]",,34.0,33.0,Queens
2016-03-01 19:00:00,403498,drift,"[0, 124, 130, 133]",,,,Manhattan
2016-03-01 19:00:00,403498,promotion,"[0, 130, 133, 134]",,134.0,124.0,Manhattan
2016-03-01 19:00:00,403658,warning,"[0, 130, 133, 134]",135.0,,,Manhattan
2016-03-01 19:00:00,5422,warning,"[0, 12, 13, 16]",17.0,,,Brooklyn
2016-03-01 21:00:00,5438,drift,"[0, 12, 13, 16]",,,,Brooklyn
2016-03-01 21:00:00,5438,promotion,"[0, 12, 13, 17]",,17.0,16.0,Brooklyn
2016-03-01 22:00:00,57898,drift,"[0, 131, 132, 140]",,,,Global
2016-03-01 22:00:00,57898,promotion,"[0, 131, 132, 141]",,141.0,140.0,Global
2016-03-02 03:00:00,58090,warning,"[0, 131, 132, 141]",142.0,,,Global
2016-03-02 08:00:00,406498,drift,"[0, 130, 133, 134]",,,,Manhattan
2016-03-02 08:00:00,406498,promotion,"[0, 130, 133, 135]",,135.0,134.0,Manhattan
2016-03-02 09:00:00,406594,warning,"[0, 130, 133, 135]",136.0,,,Manhattan
2016-03-02 11:00:00,58298,drift,"[0, 131, 132, 141]",,,,Global
2016-03-02 11:00:00,58298,promotion,"[0, 131, 132, 142]",,142.0,141.0,Global
2016-03-02 14:00:00,58394,warning,"[0, 131, 132, 142]",143.0,,,Global
2016-03-02 17:00:00,409498,drift,"[0, 130, 133, 135]",,,,Manhattan
2016-03-02 17:00:00,409498,promotion,"[0, 130, 133, 136]",,136.0,135.0,Manhattan
2016-03-02 17:00:00,409690,warning,"[0, 130, 133, 136]",137.0,,,Manhattan
2016-03-02 20:00:00,58698,drift,"[0, 131, 132, 142]",,,,Global
2016-03-02 20:00:00,58698,promotion,"[0, 131, 132, 143]",,143.0,142.0,Global
2016-03-02 21:00:00,58762,warning,"[0, 131, 132, 143]",144.0,,,Global
2016-03-02 23:00:00,412498,drift,"[0, 130, 133, 136]",,,,Manhattan
2016-03-02 23:00:00,412498,promotion,"[0, 130, 136, 137]",,137.0,133.0,Manhattan
2016-03-03 00:00:00,412626,warning,"[0, 130, 136, 137]",138.0,,,Manhattan
2016-03-03 02:00:00,5566,warning,"[0, 12, 13, 17]",18.0,,,Brooklyn
2016-03-03 06:00:00,59098,drift,"[0, 131, 132, 143]",,,,Global
2016-03-03 06:00:00,59098,promotion,"[0, 131, 132, 144]",,144.0,143.0,Global
2016-03-03 06:00:00,5578,drift,"[0, 12, 13, 17]",,,,Brooklyn
2016-03-03 06:00:00,5578,promotion,"[0, 12, 13, 18]",,18.0,17.0,Brooklyn
2016-03-03 07:00:00,7388,warning,"[0, 28, 32, 34]",35.0,,,Queens
2016-03-03 09:00:00,59194,warning,"[0, 131, 132, 144]",145.0,,,Global
2016-03-03 12:00:00,415498,drift,"[0, 130, 136, 137]",,,,Manhattan
2016-03-03 12:00:00,415498,promotion,"[0, 136, 137, 138]",,138.0,130.0,Manhattan
2016-03-03 12:00:00,415594,warning,"[0, 136, 137, 138]",139.0,,,Manhattan
2016-03-03 16:00:00,59498,drift,"[0, 131, 132, 144]",,,,Global
2016-03-03 16:00:00,59498,promotion,"[0, 131, 144, 145]",,145.0,132.0,Global
2016-03-03 18:00:00,59562,warning,"[0, 131, 144, 145]",146.0,,,Global
2016-03-03 19:00:00,418498,drift,"[0, 136, 137, 138]",,,,Manhattan
2016-03-03 19:00:00,418498,promotion,"[0, 137, 138, 139]",,139.0,136.0,Manhattan
2016-03-03 20:00:00,418658,warning,"[0, 137, 138, 139]",140.0,,,Manhattan
2016-03-03 21:00:00,5610,warning,"[0, 12, 13, 18]",19.0,,,Brooklyn
2016-03-03 22:00:00,5618,drift,"[0, 12, 13, 18]",,,,Brooklyn
2016-03-03 22:00:00,5618,promotion,"[0, 12, 18, 19]",,19.0,13.0,Brooklyn
2016-03-03 22:00:00,59898,drift,"[0, 131, 144, 145]",,,,Global
2016-03-03 22:00:00,59898,promotion,"[0, 131, 144, 146]",,146.0,145.0,Global
2016-03-03 23:00:00,59962,warning,"[0, 131, 144, 146]",147.0,,,Global
2016-03-04 08:00:00,60298,drift,"[0, 131, 144, 146]",,,,Global
2016-03-04 08:00:00,60298,promotion,"[0, 131, 144, 147]",,147.0,146.0,Global
2016-03-04 08:00:00,421498,drift,"[0, 137, 138, 139]",,,,Manhattan
2016-03-04 08:00:00,421498,promotion,"[0, 137, 139, 140]",,140.0,138.0,Manhattan
2016-03-04 08:00:00,421562,warning,"[0, 137, 139, 140]",141.0,,,Manhattan
2016-03-04 08:00:00,7498,drift,"[0, 28, 32, 34]",,,,Queens
2016-03-04 08:00:00,7498,promotion,"[0, 28, 34, 35]",,35.0,32.0,Queens
2016-03-04 09:00:00,60330,warning,"[0, 131, 144, 147]",148.0,,,Global
2016-03-04 16:00:00,424498,drift,"[0, 137, 139, 140]",,,,Manhattan
2016-03-04 16:00:00,424498,promotion,"[0, 137, 139, 141]",,141.0,140.0,Manhattan
2016-03-04 16:00:00,424754,warning,"[0, 137, 139, 141]",142.0,,,Manhattan
2016-03-04 17:00:00,60698,drift,"[0, 131, 144, 147]",,,,Global
2016-03-04 17:00:00,60698,promotion,"[0, 144, 147, 148]",,148.0,131.0,Global
2016-03-04 19:00:00,60762,warning,"[0, 144, 147, 148]",149.0,,,Global
2016-03-04 20:00:00,5698,drift,"[0, 12, 18, 19]",,,,Brooklyn
2016-03-04 22:00:00,427498,drift,"[0, 137, 139, 141]",,,,Manhattan
2016-03-04 22:00:00,427498,promotion,"[0, 139, 141, 142]",,142.0,137.0,Manhattan
2016-03-04 22:00:00,427690,warning,"[0, 139, 141, 142]",143.0,,,Manhattan
2016-03-04 23:00:00,61098,drift,"[0, 144, 147, 148]",,,,Global
2016-03-04 23:00:00,61098,promotion,"[0, 144, 147, 149]",,149.0,148.0,Global
2016-03-05 00:00:00,61162,warning,"[0, 144, 147, 149]",150.0,,,Global
2016-03-05 00:00:00,7594,warning,"[0, 28, 34, 35]",36.0,,,Queens
2016-03-05 05:00:00,7618,drift,"[0, 28, 34, 35]",,,,Queens
2016-03-05 05:00:00,7618,promotion,"[0, 34, 35, 36]",,36.0,28.0,Queens
2016-03-05 08:00:00,61498,drift,"[0, 144, 147, 149]",,,,Global
2016-03-05 08:00:00,61498,promotion,"[0, 144, 147, 150]",,150.0,149.0,Global
2016-03-05 11:00:00,430498,drift,"[0, 139, 141, 142]",,,,Manhattan
2016-03-05 11:00:00,430498,promotion,"[0, 139, 141, 143]",,143.0,142.0,Manhattan
2016-03-05 11:00:00,430594,warning,"[0, 139, 141, 143]",144.0,,,Manhattan
2016-03-05 14:00:00,61658,warning,"[0, 144, 147, 150]",151.0,,,Global
2016-03-05 16:00:00,5826,warning,"[0, 12, 18, 19]",20.0,,,Brooklyn
2016-03-05 17:00:00,433498,drift,"[0, 139, 141, 143]",,,,Manhattan
2016-03-05 17:00:00,433498,promotion,"[0, 139, 141, 144]",,144.0,143.0,Manhattan
2016-03-05 17:00:00,433530,warning,"[0, 139, 141, 144]",145.0,,,Manhattan
2016-03-05 20:00:00,61898,drift,"[0, 144, 147, 150]",,,,Global
2016-03-05 20:00:00,61898,promotion,"[0, 144, 147, 151]",,151.0,150.0,Global
2016-03-05 21:00:00,5858,drift,"[0, 12, 18, 19]",,,,Brooklyn
2016-03-05 21:00:00,5858,promotion,"[0, 18, 19, 20]",,20.0,12.0,Brooklyn
2016-03-05 21:00:00,61962,warning,"[0, 144, 147, 151]",152.0,,,Global
2016-03-06 00:00:00,436498,drift,"[0, 139, 141, 144]",,,,Manhattan
2016-03-06 00:00:00,436498,promotion,"[0, 139, 141, 145]",,145.0,144.0,Manhattan
2016-03-06 00:00:00,436594,warning,"[0, 139, 141, 145]",146.0,,,Manhattan
2016-03-06 02:00:00,62298,drift,"[0, 144, 147, 151]",,,,Global
2016-03-06 02:00:00,62298,promotion,"[0, 144, 147, 152]",,152.0,151.0,Global
2016-03-06 03:00:00,62394,warning,"[0, 144, 147, 152]",153.0,,,Global
2016-03-06 07:00:00,7778,warning,"[0, 34, 35, 36]",37.0,,,Queens
2016-03-06 12:00:00,439498,drift,"[0, 139, 141, 145]",,,,Manhattan
2016-03-06 12:00:00,439498,promotion,"[0, 139, 145, 146]",,146.0,141.0,Manhattan
2016-03-06 12:00:00,62698,drift,"[0, 144, 147, 152]",,,,Global
2016-03-06 12:00:00,62698,promotion,"[0, 144, 152, 153]",,153.0,147.0,Global
2016-03-06 12:00:00,439594,warning,"[0, 139, 145, 146]",147.0,,,Manhattan
2016-03-06 14:00:00,62794,warning,"[0, 144, 152, 153]",154.0,,,Global
2016-03-06 19:00:00,5978,drift,"[0, 18, 19, 20]",,,,Brooklyn
2016-03-06 20:00:00,63098,drift,"[0, 144, 152, 153]",,,,Global
2016-03-06 20:00:00,63098,promotion,"[0, 144, 152, 154]",,154.0,153.0,Global
2016-03-06 20:00:00,442498,drift,"[0, 139, 145, 146]",,,,Manhattan
2016-03-06 20:00:00,442498,promotion,"[0, 139, 145, 147]",,147.0,146.0,Manhattan
2016-03-06 21:00:00,442562,warning,"[0, 139, 145, 147]",148.0,,,Manhattan
2016-03-06 22:00:00,63194,warning,"[0, 144, 152, 154]",155.0,,,Global
2016-03-07 01:00:00,6010,warning,"[0, 18, 19, 20]",21.0,,,Brooklyn
2016-03-07 02:00:00,7888,drift,"[0, 34, 35, 36]",,,,Queens
2016-03-07 02:00:00,7888,promotion,"[0, 34, 35, 37]",,37.0,36.0,Queens
2016-03-07 08:00:00,6018,drift,"[0, 18, 19, 20]",,,,Brooklyn
2016-03-07 08:00:00,6018,promotion,"[0, 18, 19, 21]",,21.0,20.0,Brooklyn
2016-03-07 08:00:00,63498,drift,"[0, 144, 152, 154]",,,,Global
2016-03-07 08:00:00,63498,promotion,"[0, 144, 152, 155]",,155.0,154.0,Global
2016-03-07 09:00:00,63530,warning,"[0, 144, 152, 155]",156.0,,,Global
2016-03-07 12:00:00,445498,drift,"[0, 139, 145, 147]",,,,Manhattan
2016-03-07 12:00:00,445498,promotion,"[0, 139, 145, 148]",,148.0,147.0,Manhattan
2016-03-07 12:00:00,445594,warning,"[0, 139, 145, 148]",149.0,,,Manhattan
2016-03-07 19:00:00,63898,drift,"[0, 144, 152, 155]",,,,Global
2016-03-07 19:00:00,63898,promotion,"[0, 152, 155, 156]",,156.0,144.0,Global
2016-03-07 20:00:00,448498,drift,"[0, 139, 145, 148]",,,,Manhattan
2016-03-07 20:00:00,448498,promotion,"[0, 139, 148, 149]",,149.0,145.0,Manhattan
2016-03-07 20:00:00,448530,warning,"[0, 139, 148, 149]",150.0,,,Manhattan
2016-03-07 20:00:00,63994,warning,"[0, 152, 155, 156]",157.0,,,Global
2016-03-07 22:00:00,7978,drift,"[0, 34, 35, 37]",,,,Queens
2016-03-08 02:00:00,6078,drift,"[0, 18, 19, 21]",,,,Brooklyn
2016-03-08 05:00:00,64298,drift,"[0, 152, 155, 156]",,,,Global
2016-03-08 05:00:00,64298,promotion,"[0, 152, 155, 157]",,157.0,156.0,Global
2016-03-08 06:00:00,64330,warning,"[0, 152, 155, 157]",158.0,,,Global
2016-03-08 11:00:00,451498,drift,"[0, 139, 148, 149]",,,,Manhattan
2016-03-08 11:00:00,451498,promotion,"[0, 139, 148, 150]",,150.0,149.0,Manhattan
2016-03-08 11:00:00,451690,warning,"[0, 139, 148, 150]",151.0,,,Manhattan
2016-03-08 16:00:00,64698,drift,"[0, 152, 155, 157]",,,,Global
2016-03-08 16:00:00,64698,promotion,"[0, 152, 155, 158]",,158.0,157.0,Global
2016-03-08 18:00:00,8074,warning,"[0, 34, 35, 37]",38.0,,,Queens
2016-03-08 19:00:00,64826,warning,"[0, 152, 155, 158]",159.0,,,Global
2016-03-08 19:00:00,454498,drift,"[0, 139, 148, 150]",,,,Manhattan
2016-03-08 19:00:00,454498,promotion,"[0, 148, 150, 151]",,151.0,139.0,Manhattan
2016-03-08 19:00:00,454594,warning,"[0, 148, 150, 151]",152.0,,,Manhattan
2016-03-08 22:00:00,8098,drift,"[0, 34, 35, 37]",,,,Queens
2016-03-08 22:00:00,8098,promotion,"[0, 34, 35, 38]",,38.0,37.0,Queens
2016-03-08 23:00:00,65098,drift,"[0, 152, 155, 158]",,,,Global
2016-03-08 23:00:00,65098,promotion,"[0, 152, 158, 159]",,159.0,155.0,Global
2016-03-08 23:00:00,65162,warning,"[0, 152, 158, 159]",160.0,,,Global
2016-03-09 08:00:00,457498,drift,"[0, 148, 150, 151]",,,,Manhattan
2016-03-09 08:00:00,457498,promotion,"[0, 148, 151, 152]",,152.0,150.0,Manhattan
2016-03-09 09:00:00,457594,warning,"[0, 148, 151, 152]",153.0,,,Manhattan
2016-03-09 10:00:00,65498,drift,"[0, 152, 158, 159]",,,,Global
2016-03-09 10:00:00,65498,promotion,"[0, 152, 158, 160]",,160.0,159.0,Global
2016-03-09 12:00:00,65562,warning,"[0, 152, 158, 160]",161.0,,,Global
2016-03-09 17:00:00,460498,drift,"[0, 148, 151, 152]",,,,Manhattan
2016-03-09 17:00:00,460498,promotion,"[0, 148, 152, 153]",,153.0,151.0,Manhattan
2016-03-09 18:00:00,460594,warning,"[0, 148, 152, 153]",154.0,,,Manhattan
2016-03-09 19:00:00,65898,drift,"[0, 152, 158, 160]",,,,Global
2016-03-09 19:00:00,65898,promotion,"[0, 152, 158, 161]",,161.0,160.0,Global
2016-03-09 20:00:00,8194,warning,"[0, 34, 35, 38]",39.0,,,Queens
2016-03-09 20:00:00,65962,warning,"[0, 152, 158, 161]",162.0,,,Global
2016-03-10 00:00:00,66298,drift,"[0, 152, 158, 161]",,,,Global
2016-03-10 00:00:00,66298,promotion,"[0, 152, 158, 162]",,162.0,161.0,Global
2016-03-10 02:00:00,66362,warning,"[0, 152, 158, 162]",163.0,,,Global
2016-03-10 06:00:00,463498,drift,"[0, 148, 152, 153]",,,,Manhattan
2016-03-10 06:00:00,463498,promotion,"[0, 148, 152, 154]",,154.0,153.0,Manhattan
2016-03-10 06:00:00,463594,warning,"[0, 148, 152, 154]",155.0,,,Manhattan
2016-03-10 08:00:00,8248,drift,"[0, 34, 35, 38]",,,,Queens
2016-03-10 08:00:00,8248,promotion,"[0, 34, 38, 39]",,39.0,35.0,Queens
2016-03-10 13:00:00,66698,drift,"[0, 152, 158, 162]",,,,Global
2016-03-10 13:00:00,66698,promotion,"[0, 152, 158, 163]",,163.0,162.0,Global
2016-03-10 14:00:00,66730,warning,"[0, 152, 158, 163]",164.0,,,Global
2016-03-10 14:00:00,466498,drift,"[0, 148, 152, 154]",,,,Manhattan
2016-03-10 14:00:00,466498,promotion,"[0, 148, 152, 155]",,155.0,154.0,Manhattan
2016-03-10 14:00:00,466594,warning,"[0, 148, 152, 155]",156.0,,,Manhattan
2016-03-10 21:00:00,67098,drift,"[0, 152, 158, 163]",,,,Global
2016-03-10 21:00:00,67098,promotion,"[0, 152, 158, 164]",,164.0,163.0,Global
2016-03-10 22:00:00,469498,drift,"[0, 148, 152, 155]",,,,Manhattan
2016-03-10 22:00:00,469498,promotion,"[0, 148, 152, 156]",,156.0,155.0,Manhattan
2016-03-10 22:00:00,469594,warning,"[0, 148, 152, 156]",157.0,,,Manhattan
2016-03-10 22:00:00,67226,warning,"[0, 152, 158, 164]",165.0,,,Global
2016-03-10 22:00:00,8312,warning,"[0, 34, 38, 39]",40.0,,,Queens
2016-03-11 02:00:00,67498,drift,"[0, 152, 158, 164]",,,,Global
2016-03-11 02:00:00,67498,promotion,"[0, 152, 164, 165]",,165.0,158.0,Global
2016-03-11 05:00:00,67562,warning,"[0, 152, 164, 165]",166.0,,,Global
2016-03-11 10:00:00,472498,drift,"[0, 148, 152, 156]",,,,Manhattan
2016-03-11 10:00:00,472498,promotion,"[0, 148, 152, 157]",,157.0,156.0,Manhattan
2016-03-11 11:00:00,472626,warning,"[0, 148, 152, 157]",158.0,,,Manhattan
2016-03-11 14:00:00,67898,drift,"[0, 152, 164, 165]",,,,Global
2016-03-11 14:00:00,67898,promotion,"[0, 152, 164, 166]",,166.0,165.0,Global
2016-03-11 15:00:00,67962,warning,"[0, 152, 164, 166]",167.0,,,Global
2016-03-11 17:00:00,8398,drift,"[0, 34, 38, 39]",,,,Queens
2016-03-11 17:00:00,8398,promotion,"[0, 38, 39, 40]",,40.0,34.0,Queens
2016-03-11 18:00:00,475498,drift,"[0, 148, 152, 157]",,,,Manhattan
2016-03-11 18:00:00,475498,promotion,"[0, 148, 152, 158]",,158.0,157.0,Manhattan
2016-03-11 19:00:00,475594,warning,"[0, 148, 152, 158]",159.0,,,Manhattan
2016-03-11 19:00:00,6334,warning,"[0, 18, 19, 21]",22.0,,,Brooklyn
2016-03-11 22:00:00,68298,drift,"[0, 152, 164, 166]",,,,Global
2016-03-11 22:00:00,68298,promotion,"[0, 152, 164, 167]",,167.0,166.0,Global
2016-03-11 22:00:00,6358,drift,"[0, 18, 19, 21]",,,,Brooklyn
2016-03-11 22:00:00,6358,promotion,"[0, 18, 21, 22]",,22.0,19.0,Brooklyn
2016-03-11 23:00:00,68362,warning,"[0, 152, 164, 167]",168.0,,,Global
2016-03-12 01:00:00,478498,drift,"[0, 148, 152, 158]",,,,Manhattan
2016-03-12 01:00:00,478498,promotion,"[0, 148, 152, 159]",,159.0,158.0,Manhattan
2016-03-12 02:00:00,478722,warning,"[0, 148, 152, 159]",160.0,,,Manhattan
2016-03-12 03:00:00,68698,drift,"[0, 152, 164, 167]",,,,Global
2016-03-12 03:00:00,68698,promotion,"[0, 164, 167, 168]",,168.0,152.0,Global
2016-03-12 04:00:00,8462,warning,"[0, 38, 39, 40]",41.0,,,Queens
2016-03-12 05:00:00,68794,warning,"[0, 164, 167, 168]",169.0,,,Global
2016-03-12 09:00:00,8488,drift,"[0, 38, 39, 40]",,,,Queens
2016-03-12 09:00:00,8488,promotion,"[0, 38, 39, 41]",,41.0,40.0,Queens
2016-03-12 14:00:00,481498,drift,"[0, 148, 152, 159]",,,,Manhattan
2016-03-12 14:00:00,481498,promotion,"[0, 148, 152, 160]",,160.0,159.0,Manhattan
2016-03-12 14:00:00,481562,warning,"[0, 148, 152, 160]",161.0,,,Manhattan
2016-03-12 14:00:00,69098,drift,"[0, 164, 167, 168]",,,,Global
2016-03-12 14:00:00,69098,promotion,"[0, 167, 168, 169]",,169.0,164.0,Global
2016-03-12 16:00:00,69194,warning,"[0, 167, 168, 169]",170.0,,,Global
2016-03-12 20:00:00,6478,drift,"[0, 18, 21, 22]",,,,Brooklyn
2016-03-12 21:00:00,484498,drift,"[0, 148, 152, 160]",,,,Manhattan
2016-03-12 21:00:00,484498,promotion,"[0, 148, 152, 161]",,161.0,160.0,Manhattan
2016-03-12 21:00:00,484530,warning,"[0, 148, 152, 161]",162.0,,,Manhattan
2016-03-12 23:00:00,69498,drift,"[0, 167, 168, 169]",,,,Global
2016-03-12 23:00:00,69498,promotion,"[0, 167, 168, 170]",,170.0,169.0,Global
2016-03-13 00:00:00,6510,warning,"[0, 18, 21, 22]",23.0,,,Brooklyn
2016-03-13 00:00:00,69594,warning,"[0, 167, 168, 170]",171.0,,,Global
2016-03-13 00:00:00,6518,drift,"[0, 18, 21, 22]",,,,Brooklyn
2016-03-13 00:00:00,6518,promotion,"[0, 21, 22, 23]",,23.0,18.0,Brooklyn
2016-03-13 03:00:00,8584,warning,"[0, 38, 39, 41]",42.0,,,Queens
2016-03-13 05:00:00,69898,drift,"[0, 167, 168, 170]",,,,Global
2016-03-13 05:00:00,69898,promotion,"[0, 167, 168, 171]",,171.0,170.0,Global
2016-03-13 07:00:00,8608,drift,"[0, 38, 39, 41]",,,,Queens
2016-03-13 07:00:00,8608,promotion,"[0, 38, 39, 42]",,42.0,41.0,Queens
2016-03-13 08:00:00,69994,warning,"[0, 167, 168, 171]",172.0,,,Global
2016-03-13 09:00:00,487498,drift,"[0, 148, 152, 161]",,,,Manhattan
2016-03-13 09:00:00,487498,promotion,"[0, 148, 161, 162]",,162.0,152.0,Manhattan
2016-03-13 09:00:00,487562,warning,"[0, 148, 161, 162]",163.0,,,Manhattan
2016-03-13 14:00:00,6614,warning,"[0, 21, 22, 23]",24.0,,,Brooklyn
2016-03-13 15:00:00,70298,drift,"[0, 167, 168, 171]",,,,Global
2016-03-13 15:00:00,70298,promotion,"[0, 168, 171, 172]",,172.0,167.0,Global
2016-03-13 16:00:00,70362,warning,"[0, 168, 171, 172]",173.0,,,Global
2016-03-13 18:00:00,490498,drift,"[0, 148, 161, 162]",,,,Manhattan
2016-03-13 18:00:00,490498,promotion,"[0, 148, 162, 163]",,163.0,161.0,Manhattan
2016-03-13 18:00:00,490562,warning,"[0, 148, 162, 163]",164.0,,,Manhattan
2016-03-13 22:00:00,70698,drift,"[0, 168, 171, 172]",,,,Global
2016-03-13 22:00:00,70698,promotion,"[0, 168, 172, 173]",,173.0,171.0,Global
2016-03-14 00:00:00,8704,warning,"[0, 38, 39, 42]",43.0,,,Queens
2016-03-14 00:00:00,70794,warning,"[0, 168, 172, 173]",174.0,,,Global
2016-03-14 07:00:00,6678,drift,"[0, 21, 22, 23]",,,,Brooklyn
2016-03-14 07:00:00,6678,promotion,"[0, 21, 22, 24]",,24.0,23.0,Brooklyn
2016-03-14 09:00:00,493498,drift,"[0, 148, 162, 163]",,,,Manhattan
2016-03-14 09:00:00,493498,promotion,"[0, 148, 162, 164]",,164.0,163.0,Manhattan
2016-03-14 10:00:00,493658,warning,"[0, 148, 162, 164]",165.0,,,Manhattan
2016-03-14 10:00:00,71098,drift,"[0, 168, 172, 173]",,,,Global
2016-03-14 10:00:00,71098,promotion,"[0, 168, 172, 174]",,174.0,173.0,Global
2016-03-14 13:00:00,71194,warning,"[0, 168, 172, 174]",175.0,,,Global
2016-03-14 17:00:00,496498,drift,"[0, 148, 162, 164]",,,,Manhattan
2016-03-14 17:00:00,496498,promotion,"[0, 148, 162, 165]",,165.0,164.0,Manhattan
2016-03-14 18:00:00,496562,warning,"[0, 148, 162, 165]",166.0,,,Manhattan
2016-03-14 19:00:00,71498,drift,"[0, 168, 172, 174]",,,,Global
2016-03-14 19:00:00,71498,promotion,"[0, 172, 174, 175]",,175.0,168.0,Global
2016-03-14 21:00:00,71562,warning,"[0, 172, 174, 175]",176.0,,,Global
2016-03-15 05:00:00,71898,drift,"[0, 172, 174, 175]",,,,Global
2016-03-15 05:00:00,71898,promotion,"[0, 172, 174, 176]",,176.0,175.0,Global
2016-03-15 07:00:00,499498,drift,"[0, 148, 162, 165]",,,,Manhattan
2016-03-15 07:00:00,499498,promotion,"[0, 148, 162, 166]",,166.0,165.0,Manhattan
2016-03-15 07:00:00,499530,warning,"[0, 148, 162, 166]",167.0,,,Manhattan
2016-03-15 07:00:00,71962,warning,"[0, 172, 174, 176]",177.0,,,Global
2016-03-15 08:00:00,8848,drift,"[0, 38, 39, 42]",,,,Queens
2016-03-15 08:00:00,8848,promotion,"[0, 38, 39, 43]",,43.0,42.0,Queens
2016-03-15 08:00:00,6774,warning,"[0, 21, 22, 24]",25.0,,,Brooklyn
2016-03-15 15:00:00,502498,drift,"[0, 148, 162, 166]",,,,Manhattan
2016-03-15 15:00:00,502498,promotion,"[0, 162, 166, 167]",,167.0,148.0,Manhattan
2016-03-15 16:00:00,502658,warning,"[0, 162, 166, 167]",168.0,,,Manhattan
2016-03-15 16:00:00,72298,drift,"[0, 172, 174, 176]",,,,Global
2016-03-15 16:00:00,72298,promotion,"[0, 172, 174, 177]",,177.0,176.0,Global
2016-03-15 18:00:00,72362,warning,"[0, 172, 174, 177]",178.0,,,Global
2016-03-15 23:00:00,505498,drift,"[0, 162, 166, 167]",,,,Manhattan
2016-03-15 23:00:00,505498,promotion,"[0, 162, 167, 168]",,168.0,166.0,Manhattan
2016-03-15 23:00:00,72698,drift,"[0, 172, 174, 177]",,,,Global
2016-03-15 23:00:00,72698,promotion,"[0, 172, 174, 178]",,178.0,177.0,Global
2016-03-15 23:00:00,505658,warning,"[0, 162, 167, 168]",169.0,,,Manhattan
2016-03-16 00:00:00,72762,warning,"[0, 172, 174, 178]",179.0,,,Global
2016-03-16 12:00:00,73098,drift,"[0, 172, 174, 178]",,,,Global
2016-03-16 12:00:00,73098,promotion,"[0, 172, 174, 179]",,179.0,178.0,Global
2016-03-16 12:00:00,508498,drift,"[0, 162, 167, 168]",,,,Manhattan
2016-03-16 12:00:00,508498,promotion,"[0, 162, 167, 169]",,169.0,168.0,Manhattan
2016-03-16 13:00:00,508658,warning,"[0, 162, 167, 169]",170.0,,,Manhattan
2016-03-16 13:00:00,73162,warning,"[0, 172, 174, 179]",180.0,,,Global
2016-03-16 20:00:00,511498,drift,"[0, 162, 167, 169]",,,,Manhattan
2016-03-16 20:00:00,511498,promotion,"[0, 162, 167, 170]",,170.0,169.0,Manhattan
2016-03-16 20:00:00,9040,warning,"[0, 38, 39, 43]",44.0,,,Queens
2016-03-16 20:00:00,511594,warning,"[0, 162, 167, 170]",171.0,,,Manhattan
2016-03-16 20:00:00,73498,drift,"[0, 172, 174, 179]",,,,Global
2016-03-16 20:00:00,73498,promotion,"[0, 172, 174, 180]",,180.0,179.0,Global
2016-03-16 22:00:00,73626,warning,"[0, 172, 174, 180]",181.0,,,Global
2016-03-17 04:00:00,9088,drift,"[0, 38, 39, 43]",,,,Queens
2016-03-17 04:00:00,9088,promotion,"[0, 38, 39, 44]",,44.0,43.0,Queens
2016-03-17 05:00:00,73898,drift,"[0, 172, 174, 180]",,,,Global
2016-03-17 05:00:00,73898,promotion,"[0, 172, 180, 181]",,181.0,174.0,Global
2016-03-17 09:00:00,74026,warning,"[0, 172, 180, 181]",182.0,,,Global
2016-03-17 09:00:00,514498,drift,"[0, 162, 167, 170]",,,,Manhattan
2016-03-17 09:00:00,514498,promotion,"[0, 167, 170, 171]",,171.0,162.0,Manhattan
2016-03-17 10:00:00,514594,warning,"[0, 167, 170, 171]",172.0,,,Manhattan
2016-03-17 15:00:00,74298,drift,"[0, 172, 180, 181]",,,,Global
2016-03-17 15:00:00,74298,promotion,"[0, 180, 181, 182]",,182.0,172.0,Global
2016-03-17 17:00:00,74362,warning,"[0, 180, 181, 182]",183.0,,,Global
2016-03-17 18:00:00,517498,drift,"[0, 167, 170, 171]",,,,Manhattan
2016-03-17 18:00:00,517498,promotion,"[0, 167, 170, 172]",,172.0,171.0,Manhattan
2016-03-17 19:00:00,517626,warning,"[0, 167, 170, 172]",173.0,,,Manhattan
2016-03-17 22:00:00,74698,drift,"[0, 180, 181, 182]",,,,Global
2016-03-17 22:00:00,74698,promotion,"[0, 180, 181, 183]",,183.0,182.0,Global
2016-03-17 22:00:00,74762,warning,"[0, 180, 181, 183]",184.0,,,Global
2016-03-18 03:00:00,75098,drift,"[0, 180, 181, 183]",,,,Global
2016-03-18 03:00:00,75098,promotion,"[0, 180, 181, 184]",,184.0,183.0,Global
2016-03-18 05:00:00,75162,warning,"[0, 180, 181, 184]",185.0,,,Global
2016-03-18 05:00:00,520498,drift,"[0, 167, 170, 172]",,,,Manhattan
2016-03-18 05:00:00,520498,promotion,"[0, 167, 170, 173]",,173.0,172.0,Manhattan
2016-03-18 06:00:00,520626,warning,"[0, 167, 170, 173]",174.0,,,Manhattan
2016-03-18 09:00:00,9248,warning,"[0, 38, 39, 44]",45.0,,,Queens
2016-03-18 14:00:00,75498,drift,"[0, 180, 181, 184]",,,,Global
2016-03-18 14:00:00,75498,promotion,"[0, 180, 181, 185]",,185.0,184.0,Global
2016-03-18 14:00:00,523498,drift,"[0, 167, 170, 173]",,,,Manhattan
2016-03-18 14:00:00,523498,promotion,"[0, 167, 173, 174]",,174.0,170.0,Manhattan
2016-03-18 15:00:00,75562,warning,"[0, 180, 181, 185]",186.0,,,Global
2016-03-18 15:00:00,523626,warning,"[0, 167, 173, 174]",175.0,,,Manhattan
2016-03-18 21:00:00,75898,drift,"[0, 180, 181, 185]",,,,Global
2016-03-18 21:00:00,75898,promotion,"[0, 180, 185, 186]",,186.0,181.0,Global
2016-03-18 21:00:00,526498,drift,"[0, 167, 173, 174]",,,,Manhattan
2016-03-18 21:00:00,526498,promotion,"[0, 167, 173, 175]",,175.0,174.0,Manhattan
2016-03-18 22:00:00,526722,warning,"[0, 167, 173, 175]",176.0,,,Manhattan
2016-03-18 23:00:00,76058,warning,"[0, 180, 185, 186]",187.0,,,Global
2016-03-19 02:00:00,76298,drift,"[0, 180, 185, 186]",,,,Global
2016-03-19 02:00:00,76298,promotion,"[0, 180, 185, 187]",,187.0,186.0,Global
2016-03-19 03:00:00,76362,warning,"[0, 180, 185, 187]",188.0,,,Global
2016-03-19 03:00:00,7158,drift,"[0, 21, 22, 24]",,,,Brooklyn
2016-03-19 03:00:00,7158,promotion,"[0, 21, 22, 25]",,25.0,24.0,Brooklyn
2016-03-19 10:00:00,529498,drift,"[0, 167, 173, 175]",,,,Manhattan
2016-03-19 10:00:00,529498,promotion,"[0, 167, 173, 176]",,176.0,175.0,Manhattan
2016-03-19 11:00:00,529690,warning,"[0, 167, 173, 176]",177.0,,,Manhattan
2016-03-19 14:00:00,76698,drift,"[0, 180, 185, 187]",,,,Global
2016-03-19 14:00:00,76698,promotion,"[0, 180, 185, 188]",,188.0,187.0,Global
2016-03-19 15:00:00,76794,warning,"[0, 180, 185, 188]",189.0,,,Global
2016-03-19 18:00:00,532498,drift,"[0, 167, 173, 176]",,,,Manhattan
2016-03-19 18:00:00,532498,promotion,"[0, 167, 173, 177]",,177.0,176.0,Manhattan
2016-03-19 18:00:00,532562,warning,"[0, 167, 173, 177]",178.0,,,Manhattan
2016-03-19 22:00:00,77098,drift,"[0, 180, 185, 188]",,,,Global
2016-03-19 22:00:00,77098,promotion,"[0, 185, 188, 189]",,189.0,180.0,Global
2016-03-19 22:00:00,9448,drift,"[0, 38, 39, 44]",,,,Queens
2016-03-19 22:00:00,9448,promotion,"[0, 38, 39, 45]",,45.0,44.0,Queens
2016-03-20 00:00:00,77226,warning,"[0, 185, 188, 189]",190.0,,,Global
2016-03-20 00:00:00,535498,drift,"[0, 167, 173, 177]",,,,Manhattan
2016-03-20 00:00:00,535498,promotion,"[0, 167, 173, 178]",,178.0,177.0,Manhattan
2016-03-20 01:00:00,535658,warning,"[0, 167, 173, 178]",179.0,,,Manhattan
2016-03-20 03:00:00,77498,drift,"[0, 185, 188, 189]",,,,Global
2016-03-20 03:00:00,77498,promotion,"[0, 185, 188, 190]",,190.0,189.0,Global
2016-03-20 05:00:00,77594,warning,"[0, 185, 188, 190]",191.0,,,Global
2016-03-20 09:00:00,7350,warning,"[0, 21, 22, 25]",26.0,,,Brooklyn
2016-03-20 13:00:00,538498,drift,"[0, 167, 173, 178]",,,,Manhattan
2016-03-20 13:00:00,538498,promotion,"[0, 167, 173, 179]",,179.0,178.0,Manhattan
2016-03-20 13:00:00,538562,warning,"[0, 167, 173, 179]",180.0,,,Manhattan
2016-03-20 14:00:00,77898,drift,"[0, 185, 188, 190]",,,,Global
2016-03-20 14:00:00,77898,promotion,"[0, 188, 190, 191]",,191.0,185.0,Global
2016-03-20 15:00:00,77962,warning,"[0, 188, 190, 191]",192.0,,,Global
2016-03-20 17:00:00,9576,warning,"[0, 38, 39, 45]",46.0,,,Queens
2016-03-20 20:00:00,7398,drift,"[0, 21, 22, 25]",,,,Brooklyn
2016-03-20 20:00:00,7398,promotion,"[0, 21, 25, 26]",,26.0,22.0,Brooklyn
2016-03-20 21:00:00,78298,drift,"[0, 188, 190, 191]",,,,Global
2016-03-20 21:00:00,78298,promotion,"[0, 188, 190, 192]",,192.0,191.0,Global
2016-03-20 22:00:00,541498,drift,"[0, 167, 173, 179]",,,,Manhattan
2016-03-20 22:00:00,541498,promotion,"[0, 167, 173, 180]",,180.0,179.0,Manhattan
2016-03-20 22:00:00,541562,warning,"[0, 167, 173, 180]",181.0,,,Manhattan
2016-03-20 23:00:00,78426,warning,"[0, 188, 190, 192]",193.0,,,Global
2016-03-21 09:00:00,78698,drift,"[0, 188, 190, 192]",,,,Global
2016-03-21 09:00:00,78698,promotion,"[0, 188, 190, 193]",,193.0,192.0,Global
2016-03-21 11:00:00,78762,warning,"[0, 188, 190, 193]",194.0,,,Global
2016-03-21 13:00:00,544498,drift,"[0, 167, 173, 180]",,,,Manhattan
2016-03-21 13:00:00,544498,promotion,"[0, 167, 180, 181]",,181.0,173.0,Manhattan
2016-03-21 14:00:00,544594,warning,"[0, 167, 180, 181]",182.0,,,Manhattan
2016-03-21 19:00:00,79098,drift,"[0, 188, 190, 193]",,,,Global
2016-03-21 19:00:00,79098,promotion,"[0, 190, 193, 194]",,194.0,188.0,Global
2016-03-21 20:00:00,79162,warning,"[0, 190, 193, 194]",195.0,,,Global
2016-03-21 22:00:00,547498,drift,"[0, 167, 180, 181]",,,,Manhattan
2016-03-21 22:00:00,547498,promotion,"[0, 180, 181, 182]",,182.0,167.0,Manhattan
2016-03-21 23:00:00,547818,warning,"[0, 180, 181, 182]",183.0,,,Manhattan
2016-03-22 04:00:00,79498,drift,"[0, 190, 193, 194]",,,,Global
2016-03-22 04:00:00,79498,promotion,"[0, 193, 194, 195]",,195.0,190.0,Global
2016-03-22 08:00:00,79594,warning,"[0, 193, 194, 195]",196.0,,,Global
2016-03-22 12:00:00,550498,drift,"[0, 180, 181, 182]",,,,Manhattan
2016-03-22 12:00:00,550498,promotion,"[0, 181, 182, 183]",,183.0,180.0,Manhattan
2016-03-22 13:00:00,550658,warning,"[0, 181, 182, 183]",184.0,,,Manhattan
2016-03-22 13:00:00,9808,drift,"[0, 38, 39, 45]",,,,Queens
2016-03-22 13:00:00,9808,promotion,"[0, 38, 39, 46]",,46.0,45.0,Queens
2016-03-22 16:00:00,79898,drift,"[0, 193, 194, 195]",,,,Global
2016-03-22 16:00:00,79898,promotion,"[0, 193, 194, 196]",,196.0,195.0,Global
2016-03-22 18:00:00,79962,warning,"[0, 193, 194, 196]",197.0,,,Global
2016-03-22 21:00:00,553498,drift,"[0, 181, 182, 183]",,,,Manhattan
2016-03-22 21:00:00,553498,promotion,"[0, 181, 183, 184]",,184.0,182.0,Manhattan
2016-03-22 21:00:00,553754,warning,"[0, 181, 183, 184]",185.0,,,Manhattan
2016-03-22 23:00:00,80298,drift,"[0, 193, 194, 196]",,,,Global
2016-03-22 23:00:00,80298,promotion,"[0, 193, 194, 197]",,197.0,196.0,Global
2016-03-23 00:00:00,80362,warning,"[0, 193, 194, 197]",198.0,,,Global
2016-03-23 11:00:00,556498,drift,"[0, 181, 183, 184]",,,,Manhattan
2016-03-23 11:00:00,556498,promotion,"[0, 181, 183, 185]",,185.0,184.0,Manhattan
2016-03-23 11:00:00,556754,warning,"[0, 181, 183, 185]",186.0,,,Manhattan
2016-03-23 13:00:00,80698,drift,"[0, 193, 194, 197]",,,,Global
2016-03-23 13:00:00,80698,promotion,"[0, 193, 194, 198]",,198.0,197.0,Global
2016-03-23 14:00:00,7590,warning,"[0, 21, 25, 26]",27.0,,,Brooklyn
2016-03-23 14:00:00,80762,warning,"[0, 193, 194, 198]",199.0,,,Global
2016-03-23 19:00:00,559498,drift,"[0, 181, 183, 185]",,,,Manhattan
2016-03-23 19:00:00,559498,promotion,"[0, 183, 185, 186]",,186.0,181.0,Manhattan
2016-03-23 20:00:00,559626,warning,"[0, 183, 185, 186]",187.0,,,Manhattan
2016-03-23 20:00:00,81098,drift,"[0, 193, 194, 198]",,,,Global
2016-03-23 20:00:00,81098,promotion,"[0, 193, 194, 199]",,199.0,198.0,Global
2016-03-23 21:00:00,81130,warning,"[0, 193, 194, 199]",200.0,,,Global
2016-03-23 21:00:00,9968,warning,"[0, 38, 39, 46]",47.0,,,Queens
2016-03-24 04:00:00,81498,drift,"[0, 193, 194, 199]",,,,Global
2016-03-24 04:00:00,81498,promotion,"[0, 193, 199, 200]",,200.0,194.0,Global
2016-03-24 08:00:00,562498,drift,"[0, 183, 185, 186]",,,,Manhattan
2016-03-24 08:00:00,562498,promotion,"[0, 183, 185, 187]",,187.0,186.0,Manhattan
2016-03-24 09:00:00,562626,warning,"[0, 183, 185, 187]",188.0,,,Manhattan
2016-03-24 09:00:00,10018,drift,"[0, 38, 39, 46]",,,,Queens
2016-03-24 09:00:00,10018,promotion,"[0, 38, 39, 47]",,47.0,46.0,Queens
2016-03-24 10:00:00,81658,warning,"[0, 193, 199, 200]",201.0,,,Global
2016-03-24 15:00:00,81898,drift,"[0, 193, 199, 200]",,,,Global
2016-03-24 15:00:00,81898,promotion,"[0, 199, 200, 201]",,201.0,193.0,Global
2016-03-24 16:00:00,81962,warning,"[0, 199, 200, 201]",202.0,,,Global
2016-03-24 17:00:00,565498,drift,"[0, 183, 185, 187]",,,,Manhattan
2016-03-24 17:00:00,565498,promotion,"[0, 183, 185, 188]",,188.0,187.0,Manhattan
2016-03-24 18:00:00,565754,warning,"[0, 183, 185, 188]",189.0,,,Manhattan
2016-03-24 21:00:00,10082,warning,"[0, 38, 39, 47]",48.0,,,Queens
2016-03-24 22:00:00,82298,drift,"[0, 199, 200, 201]",,,,Global
2016-03-24 22:00:00,82298,promotion,"[0, 199, 200, 202]",,202.0,201.0,Global
2016-03-24 23:00:00,82394,warning,"[0, 199, 200, 202]",203.0,,,Global
2016-03-25 00:00:00,568498,drift,"[0, 183, 185, 188]",,,,Manhattan
2016-03-25 00:00:00,568498,promotion,"[0, 183, 185, 189]",,189.0,188.0,Manhattan
2016-03-25 01:00:00,568658,warning,"[0, 183, 185, 189]",190.0,,,Manhattan
2016-03-25 04:00:00,82698,drift,"[0, 199, 200, 202]",,,,Global
2016-03-25 04:00:00,82698,promotion,"[0, 200, 202, 203]",,203.0,199.0,Global
2016-03-25 07:00:00,82794,warning,"[0, 200, 202, 203]",204.0,,,Global
2016-03-25 08:00:00,7758,drift,"[0, 21, 25, 26]",,,,Brooklyn
2016-03-25 08:00:00,7758,promotion,"[0, 25, 26, 27]",,27.0,21.0,Brooklyn
2016-03-25 10:00:00,10168,drift,"[0, 38, 39, 47]",,,,Queens
2016-03-25 10:00:00,10168,promotion,"[0, 38, 39, 48]",,48.0,47.0,Queens
2016-03-25 14:00:00,571498,drift,"[0, 183, 185, 189]",,,,Manhattan
2016-03-25 14:00:00,571498,promotion,"[0, 183, 185, 190]",,190.0,189.0,Manhattan
2016-03-25 14:00:00,571562,warning,"[0, 183, 185, 190]",191.0,,,Manhattan
2016-03-25 16:00:00,83098,drift,"[0, 200, 202, 203]",,,,Global
2016-03-25 16:00:00,83098,promotion,"[0, 200, 202, 204]",,204.0,203.0,Global
2016-03-25 17:00:00,10200,warning,"[0, 38, 39, 48]",49.0,,,Queens
2016-03-25 18:00:00,83194,warning,"[0, 200, 202, 204]",205.0,,,Global
2016-03-25 21:00:00,574498,drift,"[0, 183, 185, 190]",,,,Manhattan
2016-03-25 21:00:00,574498,promotion,"[0, 183, 185, 191]",,191.0,190.0,Manhattan
2016-03-25 22:00:00,574626,warning,"[0, 183, 185, 191]",192.0,,,Manhattan
2016-03-25 23:00:00,10228,drift,"[0, 38, 39, 48]",,,,Queens
2016-03-25 23:00:00,10228,promotion,"[0, 38, 39, 49]",,49.0,48.0,Queens
2016-03-25 23:00:00,83498,drift,"[0, 200, 202, 204]",,,,Global
2016-03-25 23:00:00,83498,promotion,"[0, 200, 202, 205]",,205.0,204.0,Global
2016-03-26 00:00:00,83562,warning,"[0, 200, 202, 205]",206.0,,,Global
2016-03-26 03:00:00,7878,drift,"[0, 25, 26, 27]",,,,Brooklyn
2016-03-26 08:00:00,83898,drift,"[0, 200, 202, 205]",,,,Global
2016-03-26 08:00:00,83898,promotion,"[0, 200, 202, 206]",,206.0,205.0,Global
2016-03-26 10:00:00,83962,warning,"[0, 200, 202, 206]",207.0,,,Global
2016-03-26 10:00:00,577498,drift,"[0, 183, 185, 191]",,,,Manhattan
2016-03-26 10:00:00,577498,promotion,"[0, 183, 185, 192]",,192.0,191.0,Manhattan
2016-03-26 11:00:00,577626,warning,"[0, 183, 185, 192]",193.0,,,Manhattan
2016-03-26 17:00:00,10324,warning,"[0, 38, 39, 49]",50.0,,,Queens
2016-03-26 18:00:00,580498,drift,"[0, 183, 185, 192]",,,,Manhattan
2016-03-26 18:00:00,580498,promotion,"[0, 183, 185, 193]",,193.0,192.0,Manhattan
2016-03-26 19:00:00,580594,warning,"[0, 183, 185, 193]",194.0,,,Manhattan
2016-03-26 19:00:00,84298,drift,"[0, 200, 202, 206]",,,,Global
2016-03-26 19:00:00,84298,promotion,"[0, 200, 202, 207]",,207.0,206.0,Global
2016-03-26 22:00:00,84458,warning,"[0, 200, 202, 207]",208.0,,,Global
2016-03-27 01:00:00,7974,warning,"[0, 25, 26, 27]",28.0,,,Brooklyn
2016-03-27 01:00:00,7978,drift,"[0, 25, 26, 27]",,,,Brooklyn
2016-03-27 01:00:00,7978,promotion,"[0, 25, 26, 28]",,28.0,27.0,Brooklyn
2016-03-27 02:00:00,84698,drift,"[0, 200, 202, 207]",,,,Global
2016-03-27 02:00:00,84698,promotion,"[0, 200, 207, 208]",,208.0,202.0,Global
2016-03-27 03:00:00,84762,warning,"[0, 200, 207, 208]",209.0,,,Global
2016-03-27 03:00:00,583498,drift,"[0, 183, 185, 193]",,,,Manhattan
2016-03-27 03:00:00,583498,promotion,"[0, 183, 185, 194]",,194.0,193.0,Manhattan
2016-03-27 03:00:00,583594,warning,"[0, 183, 185, 194]",195.0,,,Manhattan
2016-03-27 13:00:00,85098,drift,"[0, 200, 207, 208]",,,,Global
2016-03-27 13:00:00,85098,promotion,"[0, 207, 208, 209]",,209.0,200.0,Global
2016-03-27 15:00:00,85194,warning,"[0, 207, 208, 209]",210.0,,,Global
2016-03-27 16:00:00,10468,drift,"[0, 38, 39, 49]",,,,Queens
2016-03-27 16:00:00,10468,promotion,"[0, 38, 49, 50]",,50.0,39.0,Queens
2016-03-27 17:00:00,586498,drift,"[0, 183, 185, 194]",,,,Manhattan
2016-03-27 17:00:00,586498,promotion,"[0, 183, 194, 195]",,195.0,185.0,Manhattan
2016-03-27 17:00:00,586722,warning,"[0, 183, 194, 195]",196.0,,,Manhattan
2016-03-27 20:00:00,85498,drift,"[0, 207, 208, 209]",,,,Global
2016-03-27 20:00:00,85498,promotion,"[0, 207, 208, 210]",,210.0,209.0,Global
2016-03-27 21:00:00,85562,warning,"[0, 207, 208, 210]",211.0,,,Global
2016-03-28 00:00:00,10528,drift,"[0, 38, 49, 50]",,,,Queens
2016-03-28 07:00:00,85898,drift,"[0, 207, 208, 210]",,,,Global
2016-03-28 07:00:00,85898,promotion,"[0, 208, 210, 211]",,211.0,207.0,Global
2016-03-28 08:00:00,589498,drift,"[0, 183, 194, 195]",,,,Manhattan
2016-03-28 08:00:00,589498,promotion,"[0, 183, 194, 196]",,196.0,195.0,Manhattan
2016-03-28 08:00:00,589562,warning,"[0, 183, 194, 196]",197.0,,,Manhattan
2016-03-28 09:00:00,85962,warning,"[0, 208, 210, 211]",212.0,,,Global
2016-03-28 13:00:00,10592,warning,"[0, 38, 49, 50]",51.0,,,Queens
2016-03-28 17:00:00,592498,drift,"[0, 183, 194, 196]",,,,Manhattan
2016-03-28 17:00:00,592498,promotion,"[0, 183, 194, 197]",,197.0,196.0,Manhattan
2016-03-28 18:00:00,86298,drift,"[0, 208, 210, 211]",,,,Global
2016-03-28 18:00:00,86298,promotion,"[0, 208, 211, 212]",,212.0,210.0,Global
2016-03-28 18:00:00,592690,warning,"[0, 183, 194, 197]",198.0,,,Manhattan
2016-03-28 19:00:00,86394,warning,"[0, 208, 211, 212]",213.0,,,Global
2016-03-28 19:00:00,8138,warning,"[0, 25, 26, 28]",29.0,,,Brooklyn
2016-03-29 00:00:00,86698,drift,"[0, 208, 211, 212]",,,,Global
2016-03-29 00:00:00,86698,promotion,"[0, 208, 211, 213]",,213.0,212.0,Global
2016-03-29 02:00:00,86762,warning,"[0, 208, 211, 213]",214.0,,,Global
2016-03-29 05:00:00,10678,drift,"[0, 38, 49, 50]",,,,Queens
2016-03-29 05:00:00,10678,promotion,"[0, 49, 50, 51]",,51.0,38.0,Queens
2016-03-29 08:00:00,8178,drift,"[0, 25, 26, 28]",,,,Brooklyn
2016-03-29 08:00:00,8178,promotion,"[0, 25, 28, 29]",,29.0,26.0,Brooklyn
2016-03-29 08:00:00,595498,drift,"[0, 183, 194, 197]",,,,Manhattan
2016-03-29 08:00:00,595498,promotion,"[0, 183, 197, 198]",,198.0,194.0,Manhattan
2016-03-29 08:00:00,595594,warning,"[0, 183, 197, 198]",199.0,,,Manhattan
2016-03-29 11:00:00,10710,warning,"[0, 49, 50, 51]",52.0,,,Queens
2016-03-29 14:00:00,87098,drift,"[0, 208, 211, 213]",,,,Global
2016-03-29 14:00:00,87098,promotion,"[0, 208, 213, 214]",,214.0,211.0,Global
2016-03-29 16:00:00,10738,drift,"[0, 49, 50, 51]",,,,Queens
2016-03-29 16:00:00,10738,promotion,"[0, 49, 50, 52]",,52.0,51.0,Queens
2016-03-29 16:00:00,87162,warning,"[0, 208, 213, 214]",215.0,,,Global
2016-03-29 16:00:00,598498,drift,"[0, 183, 197, 198]",,,,Manhattan
2016-03-29 16:00:00,598498,promotion,"[0, 197, 198, 199]",,199.0,183.0,Manhattan
2016-03-29 17:00:00,598594,warning,"[0, 197, 198, 199]",200.0,,,Manhattan
2016-03-29 22:00:00,87498,drift,"[0, 208, 213, 214]",,,,Global
2016-03-29 22:00:00,87498,promotion,"[0, 213, 214, 215]",,215.0,208.0,Global
2016-03-29 23:00:00,87594,warning,"[0, 213, 214, 215]",216.0,,,Global
2016-03-30 01:00:00,601498,drift,"[0, 197, 198, 199]",,,,Manhattan
2016-03-30 01:00:00,601498,promotion,"[0, 198, 199, 200]",,200.0,197.0,Manhattan
2016-03-30 06:00:00,601754,warning,"[0, 198, 199, 200]",201.0,,,Manhattan
2016-03-30 10:00:00,87898,drift,"[0, 213, 214, 215]",,,,Global
2016-03-30 10:00:00,87898,promotion,"[0, 213, 214, 216]",,216.0,215.0,Global
2016-03-30 12:00:00,87962,warning,"[0, 213, 214, 216]",217.0,,,Global
2016-03-30 14:00:00,604498,drift,"[0, 198, 199, 200]",,,,Manhattan
2016-03-30 14:00:00,604498,promotion,"[0, 199, 200, 201]",,201.0,198.0,Manhattan
2016-03-30 15:00:00,604722,warning,"[0, 199, 200, 201]",202.0,,,Manhattan
2016-03-30 19:00:00,10888,drift,"[0, 49, 50, 52]",,,,Queens
2016-03-30 20:00:00,88298,drift,"[0, 213, 214, 216]",,,,Global
2016-03-30 20:00:00,88298,promotion,"[0, 213, 216, 217]",,217.0,214.0,Global
2016-03-30 21:00:00,88362,warning,"[0, 213, 216, 217]",218.0,,,Global
2016-03-30 21:00:00,607498,drift,"[0, 199, 200, 201]",,,,Manhattan
2016-03-30 21:00:00,607498,promotion,"[0, 199, 200, 202]",,202.0,201.0,Manhattan
2016-03-30 22:00:00,607626,warning,"[0, 199, 200, 202]",203.0,,,Manhattan
2016-03-31 03:00:00,88698,drift,"[0, 213, 216, 217]",,,,Global
2016-03-31 03:00:00,88698,promotion,"[0, 216, 217, 218]",,218.0,213.0,Global
2016-03-31 06:00:00,88762,warning,"[0, 216, 217, 218]",219.0,,,Global
2016-03-31 11:00:00,610498,drift,"[0, 199, 200, 202]",,,,Manhattan
2016-03-31 11:00:00,610498,promotion,"[0, 199, 200, 203]",,203.0,202.0,Manhattan
2016-03-31 11:00:00,610594,warning,"[0, 199, 200, 203]",204.0,,,Manhattan
2016-03-31 15:00:00,89098,drift,"[0, 216, 217, 218]",,,,Global
2016-03-31 15:00:00,89098,promotion,"[0, 216, 217, 219]",,219.0,218.0,Global
2016-03-31 16:00:00,89130,warning,"[0, 216, 217, 219]",220.0,,,Global
2016-03-31 17:00:00,10984,warning,"[0, 49, 50, 52]",53.0,,,Queens
2016-03-31 18:00:00,8370,warning,"[0, 25, 28, 29]",30.0,,,Brooklyn
2016-03-31 19:00:00,613498,drift,"[0, 199, 200, 203]",,,,Manhattan
2016-03-31 19:00:00,613498,promotion,"[0, 199, 200, 204]",,204.0,203.0,Manhattan
2016-03-31 19:00:00,613530,warning,"[0, 199, 200, 204]",205.0,,,Manhattan
2016-03-31 21:00:00,8378,drift,"[0, 25, 28, 29]",,,,Brooklyn
2016-03-31 21:00:00,8378,promotion,"[0, 28, 29, 30]",,30.0,25.0,Brooklyn
2016-03-31 22:00:00,89498,drift,"[0, 216, 217, 219]",,,,Global
2016-03-31 22:00:00,89498,promotion,"[0, 216, 217, 220]",,220.0,219.0,Global
2016-03-31 23:00:00,89562,warning,"[0, 216, 217, 220]",221.0,,,Global
2016-04-01 07:00:00,89898,drift,"[0, 216, 217, 220]",,,,Global
2016-04-01 07:00:00,89898,promotion,"[0, 216, 220, 221]",,221.0,217.0,Global
2016-04-01 08:00:00,616498,drift,"[0, 199, 200, 204]",,,,Manhattan
2016-04-01 08:00:00,616498,promotion,"[0, 199, 200, 205]",,205.0,204.0,Manhattan
2016-04-01 08:00:00,616594,warning,"[0, 199, 200, 205]",206.0,,,Manhattan
2016-04-01 09:00:00,89962,warning,"[0, 216, 220, 221]",222.0,,,Global
2016-04-01 10:00:00,11068,drift,"[0, 49, 50, 52]",,,,Queens
2016-04-01 10:00:00,11068,promotion,"[0, 49, 50, 53]",,53.0,52.0,Queens
2016-04-01 17:00:00,619498,drift,"[0, 199, 200, 205]",,,,Manhattan
2016-04-01 17:00:00,619498,promotion,"[0, 200, 205, 206]",,206.0,199.0,Manhattan
2016-04-01 17:00:00,619594,warning,"[0, 200, 205, 206]",207.0,,,Manhattan
2016-04-01 17:00:00,90298,drift,"[0, 216, 220, 221]",,,,Global
2016-04-01 17:00:00,90298,promotion,"[0, 220, 221, 222]",,222.0,216.0,Global
2016-04-01 19:00:00,90362,warning,"[0, 220, 221, 222]",223.0,,,Global
2016-04-01 20:00:00,8474,warning,"[0, 28, 29, 30]",31.0,,,Brooklyn
2016-04-01 20:00:00,11132,warning,"[0, 49, 50, 53]",54.0,,,Queens
2016-04-01 21:00:00,8478,drift,"[0, 28, 29, 30]",,,,Brooklyn
2016-04-01 21:00:00,8478,promotion,"[0, 28, 29, 31]",,31.0,30.0,Brooklyn
2016-04-02 00:00:00,622498,drift,"[0, 200, 205, 206]",,,,Manhattan
2016-04-02 00:00:00,622498,promotion,"[0, 205, 206, 207]",,207.0,200.0,Manhattan
2016-04-02 00:00:00,90698,drift,"[0, 220, 221, 222]",,,,Global
2016-04-02 00:00:00,90698,promotion,"[0, 221, 222, 223]",,223.0,220.0,Global
2016-04-02 00:00:00,622722,warning,"[0, 205, 206, 207]",208.0,,,Manhattan
2016-04-02 00:00:00,90762,warning,"[0, 221, 222, 223]",224.0,,,Global
2016-04-02 06:00:00,91098,drift,"[0, 221, 222, 223]",,,,Global
2016-04-02 06:00:00,91098,promotion,"[0, 221, 222, 224]",,224.0,223.0,Global
2016-04-02 11:00:00,91226,warning,"[0, 221, 222, 224]",225.0,,,Global
2016-04-02 12:00:00,625498,drift,"[0, 205, 206, 207]",,,,Manhattan
2016-04-02 12:00:00,625498,promotion,"[0, 205, 206, 208]",,208.0,207.0,Manhattan
2016-04-02 12:00:00,625658,warning,"[0, 205, 206, 208]",209.0,,,Manhattan
2016-04-02 18:00:00,91498,drift,"[0, 221, 222, 224]",,,,Global
2016-04-02 18:00:00,91498,promotion,"[0, 221, 222, 225]",,225.0,224.0,Global
2016-04-02 19:00:00,628498,drift,"[0, 205, 206, 208]",,,,Manhattan
2016-04-02 19:00:00,628498,promotion,"[0, 205, 206, 209]",,209.0,208.0,Manhattan
2016-04-02 19:00:00,628626,warning,"[0, 205, 206, 209]",210.0,,,Manhattan
2016-04-02 20:00:00,8598,drift,"[0, 28, 29, 31]",,,,Brooklyn
2016-04-02 20:00:00,91594,warning,"[0, 221, 222, 225]",226.0,,,Global
2016-04-03 01:00:00,91898,drift,"[0, 221, 222, 225]",,,,Global
2016-04-03 01:00:00,91898,promotion,"[0, 221, 225, 226]",,226.0,222.0,Global
2016-04-03 02:00:00,91994,warning,"[0, 221, 225, 226]",227.0,,,Global
2016-04-03 03:00:00,631498,drift,"[0, 205, 206, 209]",,,,Manhattan
2016-04-03 03:00:00,631498,promotion,"[0, 205, 206, 210]",,210.0,209.0,Manhattan
2016-04-03 03:00:00,631530,warning,"[0, 205, 206, 210]",211.0,,,Manhattan
2016-04-03 04:00:00,11338,drift,"[0, 49, 50, 53]",,,,Queens
2016-04-03 04:00:00,11338,promotion,"[0, 49, 50, 54]",,54.0,53.0,Queens
2016-04-03 10:00:00,11370,warning,"[0, 49, 50, 54]",55.0,,,Queens
2016-04-03 11:00:00,92298,drift,"[0, 221, 225, 226]",,,,Global
2016-04-03 11:00:00,92298,promotion,"[0, 221, 225, 227]",,227.0,226.0,Global
2016-04-03 13:00:00,92394,warning,"[0, 221, 225, 227]",228.0,,,Global
2016-04-03 13:00:00,8726,warning,"[0, 28, 29, 31]",32.0,,,Brooklyn
2016-04-03 14:00:00,11398,drift,"[0, 49, 50, 54]",,,,Queens
2016-04-03 14:00:00,11398,promotion,"[0, 49, 54, 55]",,55.0,50.0,Queens
2016-04-03 15:00:00,634498,drift,"[0, 205, 206, 210]",,,,Manhattan
2016-04-03 15:00:00,634498,promotion,"[0, 205, 206, 211]",,211.0,210.0,Manhattan
2016-04-03 15:00:00,634626,warning,"[0, 205, 206, 211]",212.0,,,Manhattan
2016-04-03 19:00:00,92698,drift,"[0, 221, 225, 227]",,,,Global
2016-04-03 19:00:00,92698,promotion,"[0, 221, 225, 228]",,228.0,227.0,Global
2016-04-03 20:00:00,92762,warning,"[0, 221, 225, 228]",229.0,,,Global
2016-04-04 06:00:00,93098,drift,"[0, 221, 225, 228]",,,,Global
2016-04-04 06:00:00,93098,promotion,"[0, 221, 225, 229]",,229.0,228.0,Global
2016-04-04 06:00:00,637498,drift,"[0, 205, 206, 211]",,,,Manhattan
2016-04-04 06:00:00,637498,promotion,"[0, 205, 206, 212]",,212.0,211.0,Manhattan
2016-04-04 07:00:00,637658,warning,"[0, 205, 206, 212]",213.0,,,Manhattan
2016-04-04 07:00:00,93162,warning,"[0, 221, 225, 229]",230.0,,,Global
2016-04-04 08:00:00,11494,warning,"[0, 49, 54, 55]",56.0,,,Queens
2016-04-04 15:00:00,640498,drift,"[0, 205, 206, 212]",,,,Manhattan
2016-04-04 15:00:00,640498,promotion,"[0, 205, 206, 213]",,213.0,212.0,Manhattan
2016-04-04 15:00:00,640658,warning,"[0, 205, 206, 213]",214.0,,,Manhattan
2016-04-04 16:00:00,93498,drift,"[0, 221, 225, 229]",,,,Global
2016-04-04 16:00:00,93498,promotion,"[0, 221, 225, 230]",,230.0,229.0,Global
2016-04-04 17:00:00,93562,warning,"[0, 221, 225, 230]",231.0,,,Global
2016-04-04 17:00:00,11548,drift,"[0, 49, 54, 55]",,,,Queens
2016-04-04 17:00:00,11548,promotion,"[0, 49, 54, 56]",,56.0,55.0,Queens
2016-04-04 22:00:00,643498,drift,"[0, 205, 206, 213]",,,,Manhattan
2016-04-04 22:00:00,643498,promotion,"[0, 205, 213, 214]",,214.0,206.0,Manhattan
2016-04-04 22:00:00,643530,warning,"[0, 205, 213, 214]",215.0,,,Manhattan
2016-04-04 23:00:00,93898,drift,"[0, 221, 225, 230]",,,,Global
2016-04-04 23:00:00,93898,promotion,"[0, 221, 230, 231]",,231.0,225.0,Global
2016-04-05 00:00:00,93962,warning,"[0, 221, 230, 231]",232.0,,,Global
2016-04-05 11:00:00,11644,warning,"[0, 49, 54, 56]",57.0,,,Queens
2016-04-05 12:00:00,94298,drift,"[0, 221, 230, 231]",,,,Global
2016-04-05 12:00:00,94298,promotion,"[0, 221, 231, 232]",,232.0,230.0,Global
2016-04-05 12:00:00,646498,drift,"[0, 205, 213, 214]",,,,Manhattan
2016-04-05 12:00:00,646498,promotion,"[0, 213, 214, 215]",,215.0,205.0,Manhattan
2016-04-05 12:00:00,646594,warning,"[0, 213, 214, 215]",216.0,,,Manhattan
2016-04-05 14:00:00,94394,warning,"[0, 221, 231, 232]",233.0,,,Global
2016-04-05 19:00:00,8898,drift,"[0, 28, 29, 31]",,,,Brooklyn
2016-04-05 19:00:00,8898,promotion,"[0, 28, 29, 32]",,32.0,31.0,Brooklyn
2016-04-05 20:00:00,94698,drift,"[0, 221, 231, 232]",,,,Global
2016-04-05 20:00:00,94698,promotion,"[0, 231, 232, 233]",,233.0,221.0,Global
2016-04-05 20:00:00,649498,drift,"[0, 213, 214, 215]",,,,Manhattan
2016-04-05 20:00:00,649498,promotion,"[0, 213, 214, 216]",,216.0,215.0,Manhattan
2016-04-05 20:00:00,649530,warning,"[0, 213, 214, 216]",217.0,,,Manhattan
2016-04-05 20:00:00,94762,warning,"[0, 231, 232, 233]",234.0,,,Global
2016-04-06 02:00:00,95098,drift,"[0, 231, 232, 233]",,,,Global
2016-04-06 02:00:00,95098,promotion,"[0, 231, 232, 234]",,234.0,233.0,Global
2016-04-06 07:00:00,95226,warning,"[0, 231, 232, 234]",235.0,,,Global
2016-04-06 09:00:00,652498,drift,"[0, 213, 214, 216]",,,,Manhattan
2016-04-06 09:00:00,652498,promotion,"[0, 213, 214, 217]",,217.0,216.0,Manhattan
2016-04-06 10:00:00,652690,warning,"[0, 213, 214, 217]",218.0,,,Manhattan
2016-04-06 10:00:00,11758,drift,"[0, 49, 54, 56]",,,,Queens
2016-04-06 10:00:00,11758,promotion,"[0, 49, 54, 57]",,57.0,56.0,Queens
2016-04-06 15:00:00,95498,drift,"[0, 231, 232, 234]",,,,Global
2016-04-06 15:00:00,95498,promotion,"[0, 231, 232, 235]",,235.0,234.0,Global
2016-04-06 17:00:00,95562,warning,"[0, 231, 232, 235]",236.0,,,Global
2016-04-06 17:00:00,655498,drift,"[0, 213, 214, 217]",,,,Manhattan
2016-04-06 17:00:00,655498,promotion,"[0, 213, 217, 218]",,218.0,214.0,Manhattan
2016-04-06 18:00:00,655658,warning,"[0, 213, 217, 218]",219.0,,,Manhattan
2016-04-06 22:00:00,95898,drift,"[0, 231, 232, 235]",,,,Global
2016-04-06 22:00:00,95898,promotion,"[0, 231, 232, 236]",,236.0,235.0,Global
2016-04-06 23:00:00,95962,warning,"[0, 231, 232, 236]",237.0,,,Global
2016-04-06 23:00:00,11822,warning,"[0, 49, 54, 57]",58.0,,,Queens
2016-04-07 04:00:00,658498,drift,"[0, 213, 217, 218]",,,,Manhattan
2016-04-07 04:00:00,658498,promotion,"[0, 217, 218, 219]",,219.0,213.0,Manhattan
2016-04-07 06:00:00,658594,warning,"[0, 217, 218, 219]",220.0,,,Manhattan
2016-04-07 08:00:00,11848,drift,"[0, 49, 54, 57]",,,,Queens
2016-04-07 08:00:00,11848,promotion,"[0, 49, 54, 58]",,58.0,57.0,Queens
2016-04-07 08:00:00,96298,drift,"[0, 231, 232, 236]",,,,Global
2016-04-07 08:00:00,96298,promotion,"[0, 231, 236, 237]",,237.0,232.0,Global
2016-04-07 12:00:00,96394,warning,"[0, 231, 236, 237]",238.0,,,Global
2016-04-07 14:00:00,661498,drift,"[0, 217, 218, 219]",,,,Manhattan
2016-04-07 14:00:00,661498,promotion,"[0, 218, 219, 220]",,220.0,217.0,Manhattan
2016-04-07 14:00:00,661626,warning,"[0, 218, 219, 220]",221.0,,,Manhattan
2016-04-07 19:00:00,96698,drift,"[0, 231, 236, 237]",,,,Global
2016-04-07 19:00:00,96698,promotion,"[0, 231, 236, 238]",,238.0,237.0,Global
2016-04-07 19:00:00,9058,warning,"[0, 28, 29, 32]",33.0,,,Brooklyn
2016-04-07 19:00:00,11912,warning,"[0, 49, 54, 58]",59.0,,,Queens
2016-04-07 20:00:00,96794,warning,"[0, 231, 236, 238]",239.0,,,Global
2016-04-07 21:00:00,664498,drift,"[0, 218, 219, 220]",,,,Manhattan
2016-04-07 21:00:00,664498,promotion,"[0, 218, 219, 221]",,221.0,220.0,Manhattan
2016-04-07 21:00:00,664626,warning,"[0, 218, 219, 221]",222.0,,,Manhattan
2016-04-07 23:00:00,97098,drift,"[0, 231, 236, 238]",,,,Global
2016-04-07 23:00:00,97098,promotion,"[0, 231, 236, 239]",,239.0,238.0,Global
2016-04-08 00:00:00,9098,drift,"[0, 28, 29, 32]",,,,Brooklyn
2016-04-08 00:00:00,9098,promotion,"[0, 28, 32, 33]",,33.0,29.0,Brooklyn
2016-04-08 01:00:00,97194,warning,"[0, 231, 236, 239]",240.0,,,Global
2016-04-08 09:00:00,667498,drift,"[0, 218, 219, 221]",,,,Manhattan
2016-04-08 09:00:00,667498,promotion,"[0, 218, 219, 222]",,222.0,221.0,Manhattan
2016-04-08 10:00:00,667626,warning,"[0, 218, 219, 222]",223.0,,,Manhattan
2016-04-08 10:00:00,97498,drift,"[0, 231, 236, 239]",,,,Global
2016-04-08 10:00:00,97498,promotion,"[0, 231, 236, 240]",,240.0,239.0,Global
2016-04-08 11:00:00,97562,warning,"[0, 231, 236, 240]",241.0,,,Global
2016-04-08 18:00:00,670498,drift,"[0, 218, 219, 222]",,,,Manhattan
2016-04-08 18:00:00,670498,promotion,"[0, 218, 219, 223]",,223.0,222.0,Manhattan
2016-04-08 18:00:00,670530,warning,"[0, 218, 219, 223]",224.0,,,Manhattan
2016-04-08 18:00:00,97898,drift,"[0, 231, 236, 240]",,,,Global
2016-04-08 18:00:00,97898,promotion,"[0, 231, 236, 241]",,241.0,240.0,Global
2016-04-08 19:00:00,12058,drift,"[0, 49, 54, 58]",,,,Queens
2016-04-08 19:00:00,12058,promotion,"[0, 49, 58, 59]",,59.0,54.0,Queens
2016-04-08 20:00:00,97994,warning,"[0, 231, 236, 241]",242.0,,,Global
2016-04-09 00:00:00,673498,drift,"[0, 218, 219, 223]",,,,Manhattan
2016-04-09 00:00:00,673498,promotion,"[0, 218, 219, 224]",,224.0,223.0,Manhattan
2016-04-09 00:00:00,98298,drift,"[0, 231, 236, 241]",,,,Global
2016-04-09 00:00:00,98298,promotion,"[0, 231, 241, 242]",,242.0,236.0,Global
2016-04-09 00:00:00,673626,warning,"[0, 218, 219, 224]",225.0,,,Manhattan
2016-04-09 01:00:00,98362,warning,"[0, 231, 241, 242]",243.0,,,Global
2016-04-09 10:00:00,98698,drift,"[0, 231, 241, 242]",,,,Global
2016-04-09 10:00:00,98698,promotion,"[0, 241, 242, 243]",,243.0,231.0,Global
2016-04-09 12:00:00,676498,drift,"[0, 218, 219, 224]",,,,Manhattan
2016-04-09 12:00:00,676498,promotion,"[0, 218, 219, 225]",,225.0,224.0,Manhattan
2016-04-09 12:00:00,676530,warning,"[0, 218, 219, 225]",226.0,,,Manhattan
2016-04-09 13:00:00,98794,warning,"[0, 241, 242, 243]",244.0,,,Global
2016-04-09 14:00:00,9278,drift,"[0, 28, 32, 33]",,,,Brooklyn
2016-04-09 17:00:00,12186,warning,"[0, 49, 58, 59]",60.0,,,Queens
2016-04-09 19:00:00,679498,drift,"[0, 218, 219, 225]",,,,Manhattan
2016-04-09 19:00:00,679498,promotion,"[0, 218, 219, 226]",,226.0,225.0,Manhattan
2016-04-09 19:00:00,679754,warning,"[0, 218, 219, 226]",227.0,,,Manhattan
2016-04-09 20:00:00,99098,drift,"[0, 241, 242, 243]",,,,Global
2016-04-09 20:00:00,99098,promotion,"[0, 242, 243, 244]",,244.0,241.0,Global
2016-04-10 00:00:00,99290,warning,"[0, 242, 243, 244]",245.0,,,Global
2016-04-10 00:00:00,12238,drift,"[0, 49, 58, 59]",,,,Queens
2016-04-10 00:00:00,12238,promotion,"[0, 58, 59, 60]",,60.0,49.0,Queens
2016-04-10 01:00:00,682498,drift,"[0, 218, 219, 226]",,,,Manhattan
2016-04-10 01:00:00,682498,promotion,"[0, 218, 219, 227]",,227.0,226.0,Manhattan
2016-04-10 02:00:00,682594,warning,"[0, 218, 219, 227]",228.0,,,Manhattan
2016-04-10 02:00:00,99498,drift,"[0, 242, 243, 244]",,,,Global
2016-04-10 02:00:00,99498,promotion,"[0, 242, 243, 245]",,245.0,244.0,Global
2016-04-10 02:00:00,9398,drift,"[0, 28, 32, 33]",,,,Brooklyn
2016-04-10 04:00:00,99594,warning,"[0, 242, 243, 245]",246.0,,,Global
2016-04-10 13:00:00,99898,drift,"[0, 242, 243, 245]",,,,Global
2016-04-10 13:00:00,99898,promotion,"[0, 242, 243, 246]",,246.0,245.0,Global
2016-04-10 14:00:00,685498,drift,"[0, 218, 219, 227]",,,,Manhattan
2016-04-10 14:00:00,685498,promotion,"[0, 218, 227, 228]",,228.0,219.0,Manhattan
2016-04-10 14:00:00,685562,warning,"[0, 218, 227, 228]",229.0,,,Manhattan
2016-04-10 15:00:00,99994,warning,"[0, 242, 243, 246]",247.0,,,Global
2016-04-10 16:00:00,12328,drift,"[0, 58, 59, 60]",,,,Queens
2016-04-10 21:00:00,100298,drift,"[0, 242, 243, 246]",,,,Global
2016-04-10 21:00:00,100298,promotion,"[0, 242, 246, 247]",,247.0,243.0,Global
2016-04-10 22:00:00,688498,drift,"[0, 218, 227, 228]",,,,Manhattan
2016-04-10 22:00:00,688498,promotion,"[0, 227, 228, 229]",,229.0,218.0,Manhattan
2016-04-10 22:00:00,100394,warning,"[0, 242, 246, 247]",248.0,,,Global
2016-04-10 22:00:00,688530,warning,"[0, 227, 228, 229]",230.0,,,Manhattan
2016-04-11 08:00:00,100698,drift,"[0, 242, 246, 247]",,,,Global
2016-04-11 08:00:00,100698,promotion,"[0, 242, 246, 248]",,248.0,247.0,Global
2016-04-11 09:00:00,12424,warning,"[0, 58, 59, 60]",61.0,,,Queens
2016-04-11 11:00:00,100794,warning,"[0, 242, 246, 248]",249.0,,,Global
2016-04-11 14:00:00,691498,drift,"[0, 227, 228, 229]",,,,Manhattan
2016-04-11 14:00:00,691498,promotion,"[0, 227, 228, 230]",,230.0,229.0,Manhattan
2016-04-11 14:00:00,691562,warning,"[0, 227, 228, 230]",231.0,,,Manhattan
2016-04-11 18:00:00,101098,drift,"[0, 242, 246, 248]",,,,Global
2016-04-11 18:00:00,101098,promotion,"[0, 242, 246, 249]",,249.0,248.0,Global
2016-04-11 19:00:00,101162,warning,"[0, 242, 246, 249]",250.0,,,Global
2016-04-11 22:00:00,694498,drift,"[0, 227, 228, 230]",,,,Manhattan
2016-04-11 22:00:00,694498,promotion,"[0, 227, 230, 231]",,231.0,228.0,Manhattan
2016-04-11 22:00:00,694690,warning,"[0, 227, 230, 231]",232.0,,,Manhattan
2016-04-12 00:00:00,101498,drift,"[0, 242, 246, 249]",,,,Global
2016-04-12 00:00:00,101498,promotion,"[0, 242, 246, 250]",,250.0,249.0,Global
2016-04-12 04:00:00,101562,warning,"[0, 242, 246, 250]",251.0,,,Global
2016-04-12 11:00:00,697498,drift,"[0, 227, 230, 231]",,,,Manhattan
2016-04-12 11:00:00,697498,promotion,"[0, 230, 231, 232]",,232.0,227.0,Manhattan
2016-04-12 12:00:00,697626,warning,"[0, 230, 231, 232]",233.0,,,Manhattan
2016-04-12 13:00:00,9618,drift,"[0, 28, 32, 33]",,,,Brooklyn
2016-04-12 14:00:00,101898,drift,"[0, 242, 246, 250]",,,,Global
2016-04-12 14:00:00,101898,promotion,"[0, 242, 246, 251]",,251.0,250.0,Global
2016-04-12 15:00:00,101962,warning,"[0, 242, 246, 251]",252.0,,,Global
2016-04-12 19:00:00,700498,drift,"[0, 230, 231, 232]",,,,Manhattan
2016-04-12 19:00:00,700498,promotion,"[0, 231, 232, 233]",,233.0,230.0,Manhattan
2016-04-12 20:00:00,700594,warning,"[0, 231, 232, 233]",234.0,,,Manhattan
2016-04-12 22:00:00,102298,drift,"[0, 242, 246, 251]",,,,Global
2016-04-12 22:00:00,102298,promotion,"[0, 242, 251, 252]",,252.0,246.0,Global
2016-04-12 23:00:00,102362,warning,"[0, 242, 251, 252]",253.0,,,Global
2016-04-13 00:00:00,12628,drift,"[0, 58, 59, 60]",,,,Queens
2016-04-13 00:00:00,12628,promotion,"[0, 58, 59, 61]",,61.0,60.0,Queens
2016-04-13 08:00:00,703498,drift,"[0, 231, 232, 233]",,,,Manhattan
2016-04-13 08:00:00,703498,promotion,"[0, 231, 232, 234]",,234.0,233.0,Manhattan
2016-04-13 09:00:00,703562,warning,"[0, 231, 232, 234]",235.0,,,Manhattan
2016-04-13 09:00:00,102698,drift,"[0, 242, 251, 252]",,,,Global
2016-04-13 09:00:00,102698,promotion,"[0, 251, 252, 253]",,253.0,242.0,Global
2016-04-13 11:00:00,102762,warning,"[0, 251, 252, 253]",254.0,,,Global
2016-04-13 17:00:00,706498,drift,"[0, 231, 232, 234]",,,,Manhattan
2016-04-13 17:00:00,706498,promotion,"[0, 231, 232, 235]",,235.0,234.0,Manhattan
2016-04-13 17:00:00,706562,warning,"[0, 231, 232, 235]",236.0,,,Manhattan
2016-04-13 19:00:00,103098,drift,"[0, 251, 252, 253]",,,,Global
2016-04-13 19:00:00,103098,promotion,"[0, 252, 253, 254]",,254.0,251.0,Global
2016-04-13 20:00:00,103162,warning,"[0, 252, 253, 254]",255.0,,,Global
2016-04-13 23:00:00,9746,warning,"[0, 28, 32, 33]",34.0,,,Brooklyn
2016-04-14 00:00:00,12724,warning,"[0, 58, 59, 61]",62.0,,,Queens
2016-04-14 01:00:00,103498,drift,"[0, 252, 253, 254]",,,,Global
2016-04-14 01:00:00,103498,promotion,"[0, 253, 254, 255]",,255.0,252.0,Global
2016-04-14 01:00:00,709498,drift,"[0, 231, 232, 235]",,,,Manhattan
2016-04-14 01:00:00,709498,promotion,"[0, 231, 232, 236]",,236.0,235.0,Manhattan
2016-04-14 02:00:00,9778,drift,"[0, 28, 32, 33]",,,,Brooklyn
2016-04-14 02:00:00,9778,promotion,"[0, 28, 32, 34]",,34.0,33.0,Brooklyn
2016-04-14 03:00:00,103562,warning,"[0, 253, 254, 255]",256.0,,,Global
2016-04-14 05:00:00,709658,warning,"[0, 231, 232, 236]",237.0,,,Manhattan
2016-04-14 05:00:00,12748,drift,"[0, 58, 59, 61]",,,,Queens
2016-04-14 05:00:00,12748,promotion,"[0, 58, 61, 62]",,62.0,59.0,Queens
2016-04-14 13:00:00,103898,drift,"[0, 253, 254, 255]",,,,Global
2016-04-14 13:00:00,103898,promotion,"[0, 253, 254, 256]",,256.0,255.0,Global
2016-04-14 13:00:00,712498,drift,"[0, 231, 232, 236]",,,,Manhattan
2016-04-14 13:00:00,712498,promotion,"[0, 231, 232, 237]",,237.0,236.0,Manhattan
2016-04-14 14:00:00,712722,warning,"[0, 231, 232, 237]",238.0,,,Manhattan
2016-04-14 14:00:00,103962,warning,"[0, 253, 254, 256]",257.0,,,Global
2016-04-14 18:00:00,12812,warning,"[0, 58, 61, 62]",63.0,,,Queens
2016-04-14 20:00:00,104298,drift,"[0, 253, 254, 256]",,,,Global
2016-04-14 20:00:00,104298,promotion,"[0, 253, 254, 257]",,257.0,256.0,Global
2016-04-14 21:00:00,715498,drift,"[0, 231, 232, 237]",,,,Manhattan
2016-04-14 21:00:00,715498,promotion,"[0, 231, 237, 238]",,238.0,232.0,Manhattan
2016-04-14 21:00:00,715562,warning,"[0, 231, 237, 238]",239.0,,,Manhattan
2016-04-14 21:00:00,104394,warning,"[0, 253, 254, 257]",258.0,,,Global
2016-04-14 22:00:00,12838,drift,"[0, 58, 61, 62]",,,,Queens
2016-04-14 22:00:00,12838,promotion,"[0, 61, 62, 63]",,63.0,58.0,Queens
2016-04-15 01:00:00,104698,drift,"[0, 253, 254, 257]",,,,Global
2016-04-15 01:00:00,104698,promotion,"[0, 253, 254, 258]",,258.0,257.0,Global
2016-04-15 04:00:00,104762,warning,"[0, 253, 254, 258]",259.0,,,Global
2016-04-15 09:00:00,718498,drift,"[0, 231, 237, 238]",,,,Manhattan
2016-04-15 09:00:00,718498,promotion,"[0, 237, 238, 239]",,239.0,231.0,Manhattan
2016-04-15 09:00:00,718626,warning,"[0, 237, 238, 239]",240.0,,,Manhattan
2016-04-15 13:00:00,105098,drift,"[0, 253, 254, 258]",,,,Global
2016-04-15 13:00:00,105098,promotion,"[0, 253, 254, 259]",,259.0,258.0,Global
2016-04-15 14:00:00,105162,warning,"[0, 253, 254, 259]",260.0,,,Global
2016-04-15 14:00:00,9898,drift,"[0, 28, 32, 34]",,,,Brooklyn
2016-04-15 17:00:00,721498,drift,"[0, 237, 238, 239]",,,,Manhattan
2016-04-15 17:00:00,721498,promotion,"[0, 237, 239, 240]",,240.0,238.0,Manhattan
2016-04-15 18:00:00,721530,warning,"[0, 237, 239, 240]",241.0,,,Manhattan
2016-04-15 18:00:00,12934,warning,"[0, 61, 62, 63]",64.0,,,Queens
2016-04-15 20:00:00,105498,drift,"[0, 253, 254, 259]",,,,Global
2016-04-15 20:00:00,105498,promotion,"[0, 253, 254, 260]",,260.0,259.0,Global
2016-04-15 21:00:00,105562,warning,"[0, 253, 254, 260]",261.0,,,Global
2016-04-15 23:00:00,724498,drift,"[0, 237, 239, 240]",,,,Manhattan
2016-04-15 23:00:00,724498,promotion,"[0, 237, 239, 241]",,241.0,240.0,Manhattan
2016-04-16 00:00:00,724626,warning,"[0, 237, 239, 241]",242.0,,,Manhattan
2016-04-16 01:00:00,105898,drift,"[0, 253, 254, 260]",,,,Global
2016-04-16 01:00:00,105898,promotion,"[0, 253, 254, 261]",,261.0,260.0,Global
2016-04-16 01:00:00,12988,drift,"[0, 61, 62, 63]",,,,Queens
2016-04-16 01:00:00,12988,promotion,"[0, 62, 63, 64]",,64.0,61.0,Queens
2016-04-16 02:00:00,105994,warning,"[0, 253, 254, 261]",262.0,,,Global
2016-04-16 08:00:00,10026,warning,"[0, 28, 32, 34]",35.0,,,Brooklyn
2016-04-16 10:00:00,106298,drift,"[0, 253, 254, 261]",,,,Global
2016-04-16 10:00:00,106298,promotion,"[0, 253, 254, 262]",,262.0,261.0,Global
2016-04-16 12:00:00,727498,drift,"[0, 237, 239, 241]",,,,Manhattan
2016-04-16 12:00:00,727498,promotion,"[0, 237, 239, 242]",,242.0,241.0,Manhattan
2016-04-16 12:00:00,727562,warning,"[0, 237, 239, 242]",243.0,,,Manhattan
2016-04-16 12:00:00,13052,warning,"[0, 62, 63, 64]",65.0,,,Queens
2016-04-16 12:00:00,106362,warning,"[0, 253, 254, 262]",263.0,,,Global
2016-04-16 19:00:00,730498,drift,"[0, 237, 239, 242]",,,,Manhattan
2016-04-16 19:00:00,730498,promotion,"[0, 237, 239, 243]",,243.0,242.0,Manhattan
2016-04-16 19:00:00,730530,warning,"[0, 237, 239, 243]",244.0,,,Manhattan
2016-04-16 20:00:00,106698,drift,"[0, 253, 254, 262]",,,,Global
2016-04-16 20:00:00,106698,promotion,"[0, 253, 262, 263]",,263.0,254.0,Global
2016-04-16 21:00:00,13108,drift,"[0, 62, 63, 64]",,,,Queens
2016-04-16 21:00:00,13108,promotion,"[0, 63, 64, 65]",,65.0,62.0,Queens
2016-04-16 22:00:00,106794,warning,"[0, 253, 262, 263]",264.0,,,Global
2016-04-16 23:00:00,10138,drift,"[0, 28, 32, 34]",,,,Brooklyn
2016-04-16 23:00:00,10138,promotion,"[0, 32, 34, 35]",,35.0,28.0,Brooklyn
2016-04-17 02:00:00,107098,drift,"[0, 253, 262, 263]",,,,Global
2016-04-17 02:00:00,107098,promotion,"[0, 253, 262, 264]",,264.0,263.0,Global
2016-04-17 02:00:00,733498,drift,"[0, 237, 239, 243]",,,,Manhattan
2016-04-17 02:00:00,733498,promotion,"[0, 237, 239, 244]",,244.0,243.0,Manhattan
2016-04-17 02:00:00,733626,warning,"[0, 237, 239, 244]",245.0,,,Manhattan
2016-04-17 03:00:00,107194,warning,"[0, 253, 262, 264]",265.0,,,Global
2016-04-17 10:00:00,10234,warning,"[0, 32, 34, 35]",36.0,,,Brooklyn
2016-04-17 11:00:00,107498,drift,"[0, 253, 262, 264]",,,,Global
2016-04-17 11:00:00,107498,promotion,"[0, 253, 262, 265]",,265.0,264.0,Global
2016-04-17 12:00:00,107562,warning,"[0, 253, 262, 265]",266.0,,,Global
2016-04-17 14:00:00,736498,drift,"[0, 237, 239, 244]",,,,Manhattan
2016-04-17 14:00:00,736498,promotion,"[0, 237, 244, 245]",,245.0,239.0,Manhattan
2016-04-17 15:00:00,736594,warning,"[0, 237, 244, 245]",246.0,,,Manhattan
2016-04-17 18:00:00,107898,drift,"[0, 253, 262, 265]",,,,Global
2016-04-17 18:00:00,107898,promotion,"[0, 253, 262, 266]",,266.0,265.0,Global
2016-04-17 18:00:00,13236,warning,"[0, 63, 64, 65]",66.0,,,Queens
2016-04-17 18:00:00,107930,warning,"[0, 253, 262, 266]",267.0,,,Global
2016-04-17 21:00:00,13258,drift,"[0, 63, 64, 65]",,,,Queens
2016-04-17 21:00:00,13258,promotion,"[0, 63, 64, 66]",,66.0,65.0,Queens
2016-04-18 00:00:00,10298,drift,"[0, 32, 34, 35]",,,,Brooklyn
2016-04-18 00:00:00,10298,promotion,"[0, 34, 35, 36]",,36.0,32.0,Brooklyn
2016-04-18 01:00:00,108298,drift,"[0, 253, 262, 266]",,,,Global
2016-04-18 01:00:00,108298,promotion,"[0, 253, 262, 267]",,267.0,266.0,Global
2016-04-18 03:00:00,739498,drift,"[0, 237, 244, 245]",,,,Manhattan
2016-04-18 03:00:00,739498,promotion,"[0, 244, 245, 246]",,246.0,237.0,Manhattan
2016-04-18 06:00:00,108394,warning,"[0, 253, 262, 267]",268.0,,,Global
2016-04-18 06:00:00,739690,warning,"[0, 244, 245, 246]",247.0,,,Manhattan
2016-04-18 13:00:00,108698,drift,"[0, 253, 262, 267]",,,,Global
2016-04-18 13:00:00,108698,promotion,"[0, 253, 267, 268]",,268.0,262.0,Global
2016-04-18 14:00:00,10330,warning,"[0, 34, 35, 36]",37.0,,,Brooklyn
2016-04-18 15:00:00,742498,drift,"[0, 244, 245, 246]",,,,Manhattan
2016-04-18 15:00:00,742498,promotion,"[0, 245, 246, 247]",,247.0,244.0,Manhattan
2016-04-18 15:00:00,108794,warning,"[0, 253, 267, 268]",269.0,,,Global
2016-04-18 16:00:00,742690,warning,"[0, 245, 246, 247]",248.0,,,Manhattan
2016-04-18 18:00:00,10338,drift,"[0, 34, 35, 36]",,,,Brooklyn
2016-04-18 18:00:00,10338,promotion,"[0, 34, 35, 37]",,37.0,36.0,Brooklyn
2016-04-18 20:00:00,13386,warning,"[0, 63, 64, 66]",67.0,,,Queens
2016-04-18 21:00:00,109098,drift,"[0, 253, 267, 268]",,,,Global
2016-04-18 21:00:00,109098,promotion,"[0, 267, 268, 269]",,269.0,253.0,Global
2016-04-18 22:00:00,109162,warning,"[0, 267, 268, 269]",270.0,,,Global
2016-04-18 23:00:00,745498,drift,"[0, 245, 246, 247]",,,,Manhattan
2016-04-18 23:00:00,745498,promotion,"[0, 245, 247, 248]",,248.0,246.0,Manhattan
2016-04-19 01:00:00,745690,warning,"[0, 245, 247, 248]",249.0,,,Manhattan
2016-04-19 10:00:00,109498,drift,"[0, 267, 268, 269]",,,,Global
2016-04-19 10:00:00,109498,promotion,"[0, 267, 268, 270]",,270.0,269.0,Global
2016-04-19 11:00:00,109530,warning,"[0, 267, 268, 270]",271.0,,,Global
2016-04-19 13:00:00,748498,drift,"[0, 245, 247, 248]",,,,Manhattan
2016-04-19 13:00:00,748498,promotion,"[0, 247, 248, 249]",,249.0,245.0,Manhattan
2016-04-19 14:00:00,748594,warning,"[0, 247, 248, 249]",250.0,,,Manhattan
2016-04-19 19:00:00,109898,drift,"[0, 267, 268, 270]",,,,Global
2016-04-19 19:00:00,109898,promotion,"[0, 268, 270, 271]",,271.0,267.0,Global
2016-04-19 21:00:00,751498,drift,"[0, 247, 248, 249]",,,,Manhattan
2016-04-19 21:00:00,751498,promotion,"[0, 248, 249, 250]",,250.0,247.0,Manhattan
2016-04-19 21:00:00,109994,warning,"[0, 268, 270, 271]",272.0,,,Global
2016-04-19 21:00:00,751658,warning,"[0, 248, 249, 250]",251.0,,,Manhattan
2016-04-19 22:00:00,13498,drift,"[0, 63, 64, 66]",,,,Queens
2016-04-19 22:00:00,13498,promotion,"[0, 63, 66, 67]",,67.0,64.0,Queens
2016-04-20 00:00:00,10434,warning,"[0, 34, 35, 37]",38.0,,,Brooklyn
2016-04-20 03:00:00,110298,drift,"[0, 268, 270, 271]",,,,Global
2016-04-20 03:00:00,110298,promotion,"[0, 270, 271, 272]",,272.0,268.0,Global
2016-04-20 06:00:00,110362,warning,"[0, 270, 271, 272]",273.0,,,Global
2016-04-20 10:00:00,754498,drift,"[0, 248, 249, 250]",,,,Manhattan
2016-04-20 10:00:00,754498,promotion,"[0, 248, 249, 251]",,251.0,250.0,Manhattan
2016-04-20 11:00:00,754690,warning,"[0, 248, 249, 251]",252.0,,,Manhattan
2016-04-20 15:00:00,110698,drift,"[0, 270, 271, 272]",,,,Global
2016-04-20 15:00:00,110698,promotion,"[0, 271, 272, 273]",,273.0,270.0,Global
2016-04-20 17:00:00,110762,warning,"[0, 271, 272, 273]",274.0,,,Global
2016-04-20 18:00:00,757498,drift,"[0, 248, 249, 251]",,,,Manhattan
2016-04-20 18:00:00,757498,promotion,"[0, 248, 249, 252]",,252.0,251.0,Manhattan
2016-04-20 19:00:00,757626,warning,"[0, 248, 249, 252]",253.0,,,Manhattan
2016-04-20 22:00:00,111098,drift,"[0, 271, 272, 273]",,,,Global
2016-04-20 22:00:00,111098,promotion,"[0, 272, 273, 274]",,274.0,271.0,Global
2016-04-20 23:00:00,111162,warning,"[0, 272, 273, 274]",275.0,,,Global
2016-04-21 00:00:00,10518,drift,"[0, 34, 35, 37]",,,,Brooklyn
2016-04-21 00:00:00,10518,promotion,"[0, 34, 37, 38]",,38.0,35.0,Brooklyn
2016-04-21 07:00:00,760498,drift,"[0, 248, 249, 252]",,,,Manhattan
2016-04-21 07:00:00,760498,promotion,"[0, 248, 249, 253]",,253.0,252.0,Manhattan
2016-04-21 07:00:00,760594,warning,"[0, 248, 249, 253]",254.0,,,Manhattan
2016-04-21 09:00:00,111498,drift,"[0, 272, 273, 274]",,,,Global
2016-04-21 09:00:00,111498,promotion,"[0, 272, 273, 275]",,275.0,274.0,Global
2016-04-21 10:00:00,111530,warning,"[0, 272, 273, 275]",276.0,,,Global
2016-04-21 16:00:00,13658,warning,"[0, 63, 66, 67]",68.0,,,Queens
2016-04-21 16:00:00,763498,drift,"[0, 248, 249, 253]",,,,Manhattan
2016-04-21 16:00:00,763498,promotion,"[0, 248, 249, 254]",,254.0,253.0,Manhattan
2016-04-21 16:00:00,763658,warning,"[0, 248, 249, 254]",255.0,,,Manhattan
2016-04-21 18:00:00,13678,drift,"[0, 63, 66, 67]",,,,Queens
2016-04-21 18:00:00,13678,promotion,"[0, 63, 66, 68]",,68.0,67.0,Queens
2016-04-21 19:00:00,111898,drift,"[0, 272, 273, 275]",,,,Global
2016-04-21 19:00:00,111898,promotion,"[0, 272, 273, 276]",,276.0,275.0,Global
2016-04-21 20:00:00,111962,warning,"[0, 272, 273, 276]",277.0,,,Global
2016-04-22 00:00:00,112298,drift,"[0, 272, 273, 276]",,,,Global
2016-04-22 00:00:00,112298,promotion,"[0, 272, 273, 277]",,277.0,276.0,Global
2016-04-22 00:00:00,766498,drift,"[0, 248, 249, 254]",,,,Manhattan
2016-04-22 00:00:00,766498,promotion,"[0, 249, 254, 255]",,255.0,248.0,Manhattan
2016-04-22 00:00:00,766594,warning,"[0, 249, 254, 255]",256.0,,,Manhattan
2016-04-22 01:00:00,112362,warning,"[0, 272, 273, 277]",278.0,,,Global
2016-04-22 11:00:00,112698,drift,"[0, 272, 273, 277]",,,,Global
2016-04-22 11:00:00,112698,promotion,"[0, 272, 277, 278]",,278.0,273.0,Global
2016-04-22 13:00:00,769498,drift,"[0, 249, 254, 255]",,,,Manhattan
2016-04-22 13:00:00,769498,promotion,"[0, 254, 255, 256]",,256.0,249.0,Manhattan
2016-04-22 13:00:00,769626,warning,"[0, 254, 255, 256]",257.0,,,Manhattan
2016-04-22 14:00:00,112826,warning,"[0, 272, 277, 278]",279.0,,,Global
2016-04-22 18:00:00,13774,warning,"[0, 63, 66, 68]",69.0,,,Queens
2016-04-22 19:00:00,113098,drift,"[0, 272, 277, 278]",,,,Global
2016-04-22 19:00:00,113098,promotion,"[0, 277, 278, 279]",,279.0,272.0,Global
2016-04-22 21:00:00,10646,warning,"[0, 34, 37, 38]",39.0,,,Brooklyn
2016-04-22 21:00:00,113226,warning,"[0, 277, 278, 279]",280.0,,,Global
2016-04-22 22:00:00,772498,drift,"[0, 254, 255, 256]",,,,Manhattan
2016-04-22 22:00:00,772498,promotion,"[0, 254, 255, 257]",,257.0,256.0,Manhattan
2016-04-22 22:00:00,772626,warning,"[0, 254, 255, 257]",258.0,,,Manhattan
2016-04-23 01:00:00,113498,drift,"[0, 277, 278, 279]",,,,Global
2016-04-23 01:00:00,113498,promotion,"[0, 278, 279, 280]",,280.0,277.0,Global
2016-04-23 02:00:00,113562,warning,"[0, 278, 279, 280]",281.0,,,Global
2016-04-23 11:00:00,775498,drift,"[0, 254, 255, 257]",,,,Manhattan
2016-04-23 11:00:00,775498,promotion,"[0, 254, 255, 258]",,258.0,257.0,Manhattan
2016-04-23 11:00:00,775562,warning,"[0, 254, 255, 258]",259.0,,,Manhattan
2016-04-23 12:00:00,113898,drift,"[0, 278, 279, 280]",,,,Global
2016-04-23 12:00:00,113898,promotion,"[0, 278, 279, 281]",,281.0,280.0,Global
2016-04-23 15:00:00,113994,warning,"[0, 278, 279, 281]",282.0,,,Global
2016-04-23 19:00:00,778498,drift,"[0, 254, 255, 258]",,,,Manhattan
2016-04-23 19:00:00,778498,promotion,"[0, 254, 255, 259]",,259.0,258.0,Manhattan
2016-04-23 20:00:00,778658,warning,"[0, 254, 255, 259]",260.0,,,Manhattan
2016-04-23 22:00:00,13948,drift,"[0, 63, 66, 68]",,,,Queens
2016-04-23 22:00:00,13948,promotion,"[0, 63, 66, 69]",,69.0,68.0,Queens
2016-04-23 23:00:00,114298,drift,"[0, 278, 279, 281]",,,,Global
2016-04-23 23:00:00,114298,promotion,"[0, 278, 279, 282]",,282.0,281.0,Global
2016-04-23 23:00:00,114330,warning,"[0, 278, 279, 282]",283.0,,,Global
2016-04-24 01:00:00,10838,drift,"[0, 34, 37, 38]",,,,Brooklyn
2016-04-24 01:00:00,10838,promotion,"[0, 37, 38, 39]",,39.0,34.0,Brooklyn
2016-04-24 03:00:00,10870,warning,"[0, 37, 38, 39]",40.0,,,Brooklyn
2016-04-24 04:00:00,781498,drift,"[0, 254, 255, 259]",,,,Manhattan
2016-04-24 04:00:00,781498,promotion,"[0, 254, 255, 260]",,260.0,259.0,Manhattan
2016-04-24 04:00:00,10878,drift,"[0, 37, 38, 39]",,,,Brooklyn
2016-04-24 04:00:00,10878,promotion,"[0, 37, 38, 40]",,40.0,39.0,Brooklyn
2016-04-24 04:00:00,114698,drift,"[0, 278, 279, 282]",,,,Global
2016-04-24 04:00:00,114698,promotion,"[0, 278, 279, 283]",,283.0,282.0,Global
2016-04-24 05:00:00,781626,warning,"[0, 254, 255, 260]",261.0,,,Manhattan
2016-04-24 08:00:00,114794,warning,"[0, 278, 279, 283]",284.0,,,Global
2016-04-24 15:00:00,115098,drift,"[0, 278, 279, 283]",,,,Global
2016-04-24 15:00:00,115098,promotion,"[0, 278, 279, 284]",,284.0,283.0,Global
2016-04-24 17:00:00,115194,warning,"[0, 278, 279, 284]",285.0,,,Global
2016-04-24 17:00:00,784498,drift,"[0, 254, 255, 260]",,,,Manhattan
2016-04-24 17:00:00,784498,promotion,"[0, 254, 255, 261]",,261.0,260.0,Manhattan
2016-04-24 18:00:00,784626,warning,"[0, 254, 255, 261]",262.0,,,Manhattan
2016-04-24 18:00:00,14068,drift,"[0, 63, 66, 69]",,,,Queens
2016-04-24 22:00:00,115498,drift,"[0, 278, 279, 284]",,,,Global
2016-04-24 22:00:00,115498,promotion,"[0, 278, 284, 285]",,285.0,279.0,Global
2016-04-24 23:00:00,115562,warning,"[0, 278, 284, 285]",286.0,,,Global
2016-04-25 09:00:00,14164,warning,"[0, 63, 66, 69]",70.0,,,Queens
2016-04-25 09:00:00,787498,drift,"[0, 254, 255, 261]",,,,Manhattan
2016-04-25 09:00:00,787498,promotion,"[0, 254, 261, 262]",,262.0,255.0,Manhattan
2016-04-25 09:00:00,787594,warning,"[0, 254, 261, 262]",263.0,,,Manhattan
2016-04-25 11:00:00,115898,drift,"[0, 278, 284, 285]",,,,Global
2016-04-25 11:00:00,115898,promotion,"[0, 284, 285, 286]",,286.0,278.0,Global
2016-04-25 13:00:00,115994,warning,"[0, 284, 285, 286]",287.0,,,Global
2016-04-25 14:00:00,14188,drift,"[0, 63, 66, 69]",,,,Queens
2016-04-25 14:00:00,14188,promotion,"[0, 63, 69, 70]",,70.0,66.0,Queens
2016-04-25 18:00:00,790498,drift,"[0, 254, 261, 262]",,,,Manhattan
2016-04-25 18:00:00,790498,promotion,"[0, 261, 262, 263]",,263.0,254.0,Manhattan
2016-04-25 19:00:00,790626,warning,"[0, 261, 262, 263]",264.0,,,Manhattan
2016-04-25 20:00:00,116298,drift,"[0, 284, 285, 286]",,,,Global
2016-04-25 20:00:00,116298,promotion,"[0, 284, 286, 287]",,287.0,285.0,Global
2016-04-25 22:00:00,116426,warning,"[0, 284, 286, 287]",288.0,,,Global
2016-04-26 02:00:00,14252,warning,"[0, 63, 69, 70]",71.0,,,Queens
2016-04-26 08:00:00,116698,drift,"[0, 284, 286, 287]",,,,Global
2016-04-26 08:00:00,116698,promotion,"[0, 284, 286, 288]",,288.0,287.0,Global
2016-04-26 09:00:00,793498,drift,"[0, 261, 262, 263]",,,,Manhattan
2016-04-26 09:00:00,793498,promotion,"[0, 261, 263, 264]",,264.0,262.0,Manhattan
2016-04-26 09:00:00,793594,warning,"[0, 261, 263, 264]",265.0,,,Manhattan
2016-04-26 14:00:00,116890,warning,"[0, 284, 286, 288]",289.0,,,Global
2016-04-26 16:00:00,14308,drift,"[0, 63, 69, 70]",,,,Queens
2016-04-26 16:00:00,14308,promotion,"[0, 69, 70, 71]",,71.0,63.0,Queens
2016-04-26 18:00:00,796498,drift,"[0, 261, 263, 264]",,,,Manhattan
2016-04-26 18:00:00,796498,promotion,"[0, 261, 263, 265]",,265.0,264.0,Manhattan
2016-04-26 18:00:00,796594,warning,"[0, 261, 263, 265]",266.0,,,Manhattan
2016-04-26 19:00:00,117098,drift,"[0, 284, 286, 288]",,,,Global
2016-04-26 19:00:00,117098,promotion,"[0, 284, 286, 289]",,289.0,288.0,Global
2016-04-26 20:00:00,117162,warning,"[0, 284, 286, 289]",290.0,,,Global
2016-04-27 01:00:00,117498,drift,"[0, 284, 286, 289]",,,,Global
2016-04-27 01:00:00,117498,promotion,"[0, 284, 286, 290]",,290.0,289.0,Global
2016-04-27 06:00:00,117594,warning,"[0, 284, 286, 290]",291.0,,,Global
2016-04-27 06:00:00,799498,drift,"[0, 261, 263, 265]",,,,Manhattan
2016-04-27 06:00:00,799498,promotion,"[0, 261, 263, 266]",,266.0,265.0,Manhattan
2016-04-27 07:00:00,799722,warning,"[0, 261, 263, 266]",267.0,,,Manhattan
2016-04-27 11:00:00,14404,warning,"[0, 69, 70, 71]",72.0,,,Queens
2016-04-27 14:00:00,117898,drift,"[0, 284, 286, 290]",,,,Global
2016-04-27 14:00:00,117898,promotion,"[0, 284, 286, 291]",,291.0,290.0,Global
2016-04-27 15:00:00,802498,drift,"[0, 261, 263, 266]",,,,Manhattan
2016-04-27 15:00:00,802498,promotion,"[0, 261, 263, 267]",,267.0,266.0,Manhattan
2016-04-27 15:00:00,802594,warning,"[0, 261, 263, 267]",268.0,,,Manhattan
2016-04-27 16:00:00,117962,warning,"[0, 284, 286, 291]",292.0,,,Global
2016-04-27 21:00:00,11098,drift,"[0, 37, 38, 40]",,,,Brooklyn
2016-04-27 21:00:00,14458,drift,"[0, 69, 70, 71]",,,,Queens
2016-04-27 21:00:00,14458,promotion,"[0, 70, 71, 72]",,72.0,69.0,Queens
2016-04-27 22:00:00,118298,drift,"[0, 284, 286, 291]",,,,Global
2016-04-27 22:00:00,118298,promotion,"[0, 284, 291, 292]",,292.0,286.0,Global
2016-04-27 22:00:00,118362,warning,"[0, 284, 291, 292]",293.0,,,Global
2016-04-27 23:00:00,805498,drift,"[0, 261, 263, 267]",,,,Manhattan
2016-04-27 23:00:00,805498,promotion,"[0, 261, 263, 268]",,268.0,267.0,Manhattan
2016-04-27 23:00:00,805594,warning,"[0, 261, 263, 268]",269.0,,,Manhattan
2016-04-28 07:00:00,118698,drift,"[0, 284, 291, 292]",,,,Global
2016-04-28 07:00:00,118698,promotion,"[0, 291, 292, 293]",,293.0,284.0,Global
2016-04-28 10:00:00,118794,warning,"[0, 291, 292, 293]",294.0,,,Global
2016-04-28 12:00:00,808498,drift,"[0, 261, 263, 268]",,,,Manhattan
2016-04-28 12:00:00,808498,promotion,"[0, 263, 268, 269]",,269.0,261.0,Manhattan
2016-04-28 13:00:00,808626,warning,"[0, 263, 268, 269]",270.0,,,Manhattan
2016-04-28 17:00:00,119098,drift,"[0, 291, 292, 293]",,,,Global
2016-04-28 17:00:00,119098,promotion,"[0, 291, 292, 294]",,294.0,293.0,Global
2016-04-28 17:00:00,14554,warning,"[0, 70, 71, 72]",73.0,,,Queens
2016-04-28 18:00:00,119162,warning,"[0, 291, 292, 294]",295.0,,,Global
2016-04-28 20:00:00,811498,drift,"[0, 263, 268, 269]",,,,Manhattan
2016-04-28 20:00:00,811498,promotion,"[0, 263, 268, 270]",,270.0,269.0,Manhattan
2016-04-28 20:00:00,811562,warning,"[0, 263, 268, 270]",271.0,,,Manhattan
2016-04-28 20:00:00,14578,drift,"[0, 70, 71, 72]",,,,Queens
2016-04-28 20:00:00,14578,promotion,"[0, 71, 72, 73]",,73.0,70.0,Queens
2016-04-28 22:00:00,119498,drift,"[0, 291, 292, 294]",,,,Global
2016-04-28 22:00:00,119498,promotion,"[0, 291, 292, 295]",,295.0,294.0,Global
2016-04-28 23:00:00,119562,warning,"[0, 291, 292, 295]",296.0,,,Global
2016-04-29 01:00:00,11194,warning,"[0, 37, 38, 40]",41.0,,,Brooklyn
2016-04-29 09:00:00,814498,drift,"[0, 263, 268, 270]",,,,Manhattan
2016-04-29 09:00:00,814498,promotion,"[0, 263, 268, 271]",,271.0,270.0,Manhattan
2016-04-29 09:00:00,814626,warning,"[0, 263, 268, 271]",272.0,,,Manhattan
2016-04-29 09:00:00,119898,drift,"[0, 291, 292, 295]",,,,Global
2016-04-29 09:00:00,119898,promotion,"[0, 291, 295, 296]",,296.0,292.0,Global
2016-04-29 12:00:00,119994,warning,"[0, 291, 295, 296]",297.0,,,Global
2016-04-29 17:00:00,817498,drift,"[0, 263, 268, 271]",,,,Manhattan
2016-04-29 17:00:00,817498,promotion,"[0, 263, 268, 272]",,272.0,271.0,Manhattan
2016-04-29 17:00:00,817562,warning,"[0, 263, 268, 272]",273.0,,,Manhattan
2016-04-29 18:00:00,120298,drift,"[0, 291, 295, 296]",,,,Global
2016-04-29 18:00:00,120298,promotion,"[0, 291, 295, 297]",,297.0,296.0,Global
2016-04-29 20:00:00,14706,warning,"[0, 71, 72, 73]",74.0,,,Queens
2016-04-29 22:00:00,120490,warning,"[0, 291, 295, 297]",298.0,,,Global
2016-04-30 00:00:00,820498,drift,"[0, 263, 268, 272]",,,,Manhattan
2016-04-30 00:00:00,820498,promotion,"[0, 263, 272, 273]",,273.0,268.0,Manhattan
2016-04-30 00:00:00,820594,warning,"[0, 263, 272, 273]",274.0,,,Manhattan
2016-04-30 00:00:00,120698,drift,"[0, 291, 295, 297]",,,,Global
2016-04-30 00:00:00,120698,promotion,"[0, 291, 295, 298]",,298.0,297.0,Global
2016-04-30 02:00:00,120794,warning,"[0, 291, 295, 298]",299.0,,,Global
2016-04-30 11:00:00,121098,drift,"[0, 291, 295, 298]",,,,Global
2016-04-30 11:00:00,121098,promotion,"[0, 291, 295, 299]",,299.0,298.0,Global
2016-04-30 13:00:00,823498,drift,"[0, 263, 272, 273]",,,,Manhattan
2016-04-30 13:00:00,823498,promotion,"[0, 263, 272, 274]",,274.0,273.0,Manhattan
2016-04-30 13:00:00,823594,warning,"[0, 263, 272, 274]",275.0,,,Manhattan
2016-04-30 14:00:00,121226,warning,"[0, 291, 295, 299]",300.0,,,Global
2016-04-30 16:00:00,11358,drift,"[0, 37, 38, 40]",,,,Brooklyn
2016-04-30 16:00:00,11358,promotion,"[0, 37, 40, 41]",,41.0,38.0,Brooklyn
2016-04-30 20:00:00,14848,drift,"[0, 71, 72, 73]",,,,Queens
2016-04-30 20:00:00,14848,promotion,"[0, 71, 72, 74]",,74.0,73.0,Queens
2016-04-30 20:00:00,826498,drift,"[0, 263, 272, 274]",,,,Manhattan
2016-04-30 20:00:00,826498,promotion,"[0, 263, 272, 275]",,275.0,274.0,Manhattan
2016-04-30 21:00:00,826754,warning,"[0, 263, 272, 275]",276.0,,,Manhattan
2016-04-30 21:00:00,121498,drift,"[0, 291, 295, 299]",,,,Global
2016-04-30 21:00:00,121498,promotion,"[0, 295, 299, 300]",,300.0,291.0,Global
2016-05-01 00:00:00,11422,warning,"[0, 37, 40, 41]",42.0,,,Brooklyn
2016-05-01 00:00:00,121690,warning,"[0, 295, 299, 300]",301.0,,,Global
2016-05-01 02:00:00,11478,drift,"[0, 37, 40, 41]",,,,Brooklyn
2016-05-01 02:00:00,11478,promotion,"[0, 40, 41, 42]",,42.0,37.0,Brooklyn
2016-05-01 03:00:00,121898,drift,"[0, 295, 299, 300]",,,,Global
2016-05-01 03:00:00,121898,promotion,"[0, 295, 299, 301]",,301.0,300.0,Global
2016-05-01 06:00:00,121994,warning,"[0, 295, 299, 301]",302.0,,,Global
2016-05-01 07:00:00,829498,drift,"[0, 263, 272, 275]",,,,Manhattan
2016-05-01 07:00:00,829498,promotion,"[0, 263, 272, 276]",,276.0,275.0,Manhattan
2016-05-01 08:00:00,829562,warning,"[0, 263, 272, 276]",277.0,,,Manhattan
2016-05-01 11:00:00,14944,warning,"[0, 71, 72, 74]",75.0,,,Queens
2016-05-01 14:00:00,122298,drift,"[0, 295, 299, 301]",,,,Global
2016-05-01 14:00:00,122298,promotion,"[0, 295, 299, 302]",,302.0,301.0,Global
2016-05-01 15:00:00,14968,drift,"[0, 71, 72, 74]",,,,Queens
2016-05-01 15:00:00,14968,promotion,"[0, 71, 72, 75]",,75.0,74.0,Queens
2016-05-01 15:00:00,122362,warning,"[0, 295, 299, 302]",303.0,,,Global
2016-05-01 17:00:00,832498,drift,"[0, 263, 272, 276]",,,,Manhattan
2016-05-01 17:00:00,832498,promotion,"[0, 263, 272, 277]",,277.0,276.0,Manhattan
2016-05-01 17:00:00,832562,warning,"[0, 263, 272, 277]",278.0,,,Manhattan
2016-05-01 22:00:00,122698,drift,"[0, 295, 299, 302]",,,,Global
2016-05-01 22:00:00,122698,promotion,"[0, 295, 299, 303]",,303.0,302.0,Global
2016-05-01 23:00:00,122762,warning,"[0, 295, 299, 303]",304.0,,,Global
2016-05-02 00:00:00,15032,warning,"[0, 71, 72, 75]",76.0,,,Queens
2016-05-02 08:00:00,835498,drift,"[0, 263, 272, 277]",,,,Manhattan
2016-05-02 08:00:00,835498,promotion,"[0, 263, 272, 278]",,278.0,277.0,Manhattan
2016-05-02 08:00:00,835594,warning,"[0, 263, 272, 278]",279.0,,,Manhattan
2016-05-02 11:00:00,123098,drift,"[0, 295, 299, 303]",,,,Global
2016-05-02 11:00:00,123098,promotion,"[0, 295, 303, 304]",,304.0,299.0,Global
2016-05-02 14:00:00,123226,warning,"[0, 295, 303, 304]",305.0,,,Global
2016-05-02 17:00:00,838498,drift,"[0, 263, 272, 278]",,,,Manhattan
2016-05-02 17:00:00,838498,promotion,"[0, 263, 278, 279]",,279.0,272.0,Manhattan
2016-05-02 18:00:00,838658,warning,"[0, 263, 278, 279]",280.0,,,Manhattan
2016-05-02 18:00:00,11598,drift,"[0, 40, 41, 42]",,,,Brooklyn
2016-05-02 19:00:00,123498,drift,"[0, 295, 303, 304]",,,,Global
2016-05-02 19:00:00,123498,promotion,"[0, 303, 304, 305]",,305.0,295.0,Global
2016-05-02 20:00:00,15118,drift,"[0, 71, 72, 75]",,,,Queens
2016-05-02 20:00:00,15118,promotion,"[0, 71, 72, 76]",,76.0,75.0,Queens
2016-05-02 22:00:00,123690,warning,"[0, 303, 304, 305]",306.0,,,Global
2016-05-03 04:00:00,123898,drift,"[0, 303, 304, 305]",,,,Global
2016-05-03 04:00:00,123898,promotion,"[0, 303, 304, 306]",,306.0,305.0,Global
2016-05-03 06:00:00,123930,warning,"[0, 303, 304, 306]",307.0,,,Global
2016-05-03 07:00:00,841498,drift,"[0, 263, 278, 279]",,,,Manhattan
2016-05-03 07:00:00,841498,promotion,"[0, 278, 279, 280]",,280.0,263.0,Manhattan
2016-05-03 07:00:00,841594,warning,"[0, 278, 279, 280]",281.0,,,Manhattan
2016-05-03 07:00:00,15182,warning,"[0, 71, 72, 76]",77.0,,,Queens
2016-05-03 15:00:00,844498,drift,"[0, 278, 279, 280]",,,,Manhattan
2016-05-03 15:00:00,844498,promotion,"[0, 279, 280, 281]",,281.0,278.0,Manhattan
2016-05-03 15:00:00,124298,drift,"[0, 303, 304, 306]",,,,Global
2016-05-03 15:00:00,124298,promotion,"[0, 303, 304, 307]",,307.0,306.0,Global
2016-05-03 15:00:00,844594,warning,"[0, 279, 280, 281]",282.0,,,Manhattan
2016-05-03 17:00:00,124394,warning,"[0, 303, 304, 307]",308.0,,,Global
2016-05-03 19:00:00,11658,drift,"[0, 40, 41, 42]",,,,Brooklyn
2016-05-03 22:00:00,124698,drift,"[0, 303, 304, 307]",,,,Global
2016-05-03 22:00:00,124698,promotion,"[0, 303, 307, 308]",,308.0,304.0,Global
2016-05-03 22:00:00,847498,drift,"[0, 279, 280, 281]",,,,Manhattan
2016-05-03 22:00:00,847498,promotion,"[0, 279, 280, 282]",,282.0,281.0,Manhattan
2016-05-03 22:00:00,847562,warning,"[0, 279, 280, 282]",283.0,,,Manhattan
2016-05-04 00:00:00,15268,drift,"[0, 71, 72, 76]",,,,Queens
2016-05-04 00:00:00,15268,promotion,"[0, 71, 76, 77]",,77.0,72.0,Queens
2016-05-04 00:00:00,124858,warning,"[0, 303, 307, 308]",309.0,,,Global
2016-05-04 09:00:00,125098,drift,"[0, 303, 307, 308]",,,,Global
2016-05-04 09:00:00,125098,promotion,"[0, 303, 307, 309]",,309.0,308.0,Global
2016-05-04 10:00:00,125130,warning,"[0, 303, 307, 309]",310.0,,,Global
2016-05-04 12:00:00,850498,drift,"[0, 279, 280, 282]",,,,Manhattan
2016-05-04 12:00:00,850498,promotion,"[0, 279, 280, 283]",,283.0,282.0,Manhattan
2016-05-04 12:00:00,850690,warning,"[0, 279, 280, 283]",284.0,,,Manhattan
2016-05-04 19:00:00,125498,drift,"[0, 303, 307, 309]",,,,Global
2016-05-04 19:00:00,125498,promotion,"[0, 307, 309, 310]",,310.0,303.0,Global
2016-05-04 19:00:00,853498,drift,"[0, 279, 280, 283]",,,,Manhattan
2016-05-04 19:00:00,853498,promotion,"[0, 279, 280, 284]",,284.0,283.0,Manhattan
2016-05-04 19:00:00,853594,warning,"[0, 279, 280, 284]",285.0,,,Manhattan
2016-05-04 20:00:00,125562,warning,"[0, 307, 309, 310]",311.0,,,Global
2016-05-04 22:00:00,11754,warning,"[0, 40, 41, 42]",43.0,,,Brooklyn
2016-05-05 00:00:00,125898,drift,"[0, 307, 309, 310]",,,,Global
2016-05-05 00:00:00,125898,promotion,"[0, 307, 309, 311]",,311.0,310.0,Global
2016-05-05 00:00:00,125930,warning,"[0, 307, 309, 311]",312.0,,,Global
2016-05-05 07:00:00,11798,drift,"[0, 40, 41, 42]",,,,Brooklyn
2016-05-05 07:00:00,11798,promotion,"[0, 40, 41, 43]",,43.0,42.0,Brooklyn
2016-05-05 08:00:00,856498,drift,"[0, 279, 280, 284]",,,,Manhattan
2016-05-05 08:00:00,856498,promotion,"[0, 279, 280, 285]",,285.0,284.0,Manhattan
2016-05-05 09:00:00,856562,warning,"[0, 279, 280, 285]",286.0,,,Manhattan
2016-05-05 12:00:00,126298,drift,"[0, 307, 309, 311]",,,,Global
2016-05-05 12:00:00,126298,promotion,"[0, 307, 311, 312]",,312.0,309.0,Global
2016-05-05 14:00:00,126362,warning,"[0, 307, 311, 312]",313.0,,,Global
2016-05-05 17:00:00,859498,drift,"[0, 279, 280, 285]",,,,Manhattan
2016-05-05 17:00:00,859498,promotion,"[0, 279, 280, 286]",,286.0,285.0,Manhattan
2016-05-05 17:00:00,15460,warning,"[0, 71, 76, 77]",78.0,,,Queens
2016-05-05 17:00:00,859754,warning,"[0, 279, 280, 286]",287.0,,,Manhattan
2016-05-05 20:00:00,15478,drift,"[0, 71, 76, 77]",,,,Queens
2016-05-05 20:00:00,15478,promotion,"[0, 76, 77, 78]",,78.0,71.0,Queens
2016-05-05 20:00:00,126698,drift,"[0, 307, 311, 312]",,,,Global
2016-05-05 20:00:00,126698,promotion,"[0, 311, 312, 313]",,313.0,307.0,Global
2016-05-05 21:00:00,126762,warning,"[0, 311, 312, 313]",314.0,,,Global
2016-05-05 23:00:00,862498,drift,"[0, 279, 280, 286]",,,,Manhattan
2016-05-05 23:00:00,862498,promotion,"[0, 279, 280, 287]",,287.0,286.0,Manhattan
2016-05-05 23:00:00,862626,warning,"[0, 279, 280, 287]",288.0,,,Manhattan
2016-05-06 00:00:00,127098,drift,"[0, 311, 312, 313]",,,,Global
2016-05-06 00:00:00,127098,promotion,"[0, 311, 312, 314]",,314.0,313.0,Global
2016-05-06 04:00:00,127258,warning,"[0, 311, 312, 314]",315.0,,,Global
2016-05-06 07:00:00,15542,warning,"[0, 76, 77, 78]",79.0,,,Queens
2016-05-06 11:00:00,865498,drift,"[0, 279, 280, 287]",,,,Manhattan
2016-05-06 11:00:00,865498,promotion,"[0, 279, 280, 288]",,288.0,287.0,Manhattan
2016-05-06 11:00:00,865594,warning,"[0, 279, 280, 288]",289.0,,,Manhattan
2016-05-06 12:00:00,127498,drift,"[0, 311, 312, 314]",,,,Global
2016-05-06 12:00:00,127498,promotion,"[0, 312, 314, 315]",,315.0,311.0,Global
2016-05-06 14:00:00,127594,warning,"[0, 312, 314, 315]",316.0,,,Global
2016-05-06 18:00:00,11958,warning,"[0, 40, 41, 43]",44.0,,,Brooklyn
2016-05-06 19:00:00,868498,drift,"[0, 279, 280, 288]",,,,Manhattan
2016-05-06 19:00:00,868498,promotion,"[0, 279, 280, 289]",,289.0,288.0,Manhattan
2016-05-06 19:00:00,868658,warning,"[0, 279, 280, 289]",290.0,,,Manhattan
2016-05-06 20:00:00,127898,drift,"[0, 312, 314, 315]",,,,Global
2016-05-06 20:00:00,127898,promotion,"[0, 314, 315, 316]",,316.0,312.0,Global
2016-05-06 21:00:00,127962,warning,"[0, 314, 315, 316]",317.0,,,Global
2016-05-06 22:00:00,11978,drift,"[0, 40, 41, 43]",,,,Brooklyn
2016-05-06 22:00:00,11978,promotion,"[0, 40, 41, 44]",,44.0,43.0,Brooklyn
2016-05-07 01:00:00,128298,drift,"[0, 314, 315, 316]",,,,Global
2016-05-07 01:00:00,128298,promotion,"[0, 314, 315, 317]",,317.0,316.0,Global
2016-05-07 02:00:00,128394,warning,"[0, 314, 315, 317]",318.0,,,Global
2016-05-07 04:00:00,871498,drift,"[0, 279, 280, 289]",,,,Manhattan
2016-05-07 04:00:00,871498,promotion,"[0, 279, 289, 290]",,290.0,280.0,Manhattan
2016-05-07 06:00:00,871626,warning,"[0, 279, 289, 290]",291.0,,,Manhattan
2016-05-07 11:00:00,128698,drift,"[0, 314, 315, 317]",,,,Global
2016-05-07 11:00:00,128698,promotion,"[0, 314, 315, 318]",,318.0,317.0,Global
2016-05-07 14:00:00,128794,warning,"[0, 314, 315, 318]",319.0,,,Global
2016-05-07 15:00:00,874498,drift,"[0, 279, 289, 290]",,,,Manhattan
2016-05-07 15:00:00,874498,promotion,"[0, 289, 290, 291]",,291.0,279.0,Manhattan
2016-05-07 15:00:00,874626,warning,"[0, 289, 290, 291]",292.0,,,Manhattan
2016-05-07 20:00:00,15748,drift,"[0, 76, 77, 78]",,,,Queens
2016-05-07 20:00:00,15748,promotion,"[0, 76, 78, 79]",,79.0,77.0,Queens
2016-05-07 21:00:00,129098,drift,"[0, 314, 315, 318]",,,,Global
2016-05-07 21:00:00,129098,promotion,"[0, 314, 318, 319]",,319.0,315.0,Global
2016-05-07 22:00:00,877498,drift,"[0, 289, 290, 291]",,,,Manhattan
2016-05-07 22:00:00,877498,promotion,"[0, 289, 291, 292]",,292.0,290.0,Manhattan
2016-05-07 22:00:00,877626,warning,"[0, 289, 291, 292]",293.0,,,Manhattan
2016-05-07 23:00:00,129194,warning,"[0, 314, 318, 319]",320.0,,,Global
2016-05-08 00:00:00,12158,drift,"[0, 40, 41, 44]",,,,Brooklyn
2016-05-08 02:00:00,129498,drift,"[0, 314, 318, 319]",,,,Global
2016-05-08 02:00:00,129498,promotion,"[0, 314, 318, 320]",,320.0,319.0,Global
2016-05-08 05:00:00,15812,warning,"[0, 76, 78, 79]",80.0,,,Queens
2016-05-08 05:00:00,129594,warning,"[0, 314, 318, 320]",321.0,,,Global
2016-05-08 10:00:00,12222,warning,"[0, 40, 41, 44]",45.0,,,Brooklyn
2016-05-08 11:00:00,880498,drift,"[0, 289, 291, 292]",,,,Manhattan
2016-05-08 11:00:00,880498,promotion,"[0, 289, 291, 293]",,293.0,292.0,Manhattan
2016-05-08 11:00:00,880658,warning,"[0, 289, 291, 293]",294.0,,,Manhattan
2016-05-08 14:00:00,129898,drift,"[0, 314, 318, 320]",,,,Global
2016-05-08 14:00:00,129898,promotion,"[0, 318, 320, 321]",,321.0,314.0,Global
2016-05-08 15:00:00,129962,warning,"[0, 318, 320, 321]",322.0,,,Global
2016-05-08 19:00:00,883498,drift,"[0, 289, 291, 293]",,,,Manhattan
2016-05-08 19:00:00,883498,promotion,"[0, 289, 291, 294]",,294.0,293.0,Manhattan
2016-05-08 19:00:00,883626,warning,"[0, 289, 291, 294]",295.0,,,Manhattan
2016-05-08 21:00:00,130298,drift,"[0, 318, 320, 321]",,,,Global
2016-05-08 21:00:00,130298,promotion,"[0, 320, 321, 322]",,322.0,318.0,Global
2016-05-08 22:00:00,12278,drift,"[0, 40, 41, 44]",,,,Brooklyn
2016-05-08 22:00:00,12278,promotion,"[0, 40, 44, 45]",,45.0,41.0,Brooklyn
2016-05-08 23:00:00,130394,warning,"[0, 320, 321, 322]",323.0,,,Global
2016-05-09 00:00:00,15928,drift,"[0, 76, 78, 79]",,,,Queens
2016-05-09 00:00:00,15928,promotion,"[0, 78, 79, 80]",,80.0,76.0,Queens
2016-05-09 07:00:00,12310,warning,"[0, 40, 44, 45]",46.0,,,Brooklyn
2016-05-09 09:00:00,130698,drift,"[0, 320, 321, 322]",,,,Global
2016-05-09 09:00:00,130698,promotion,"[0, 320, 321, 323]",,323.0,322.0,Global
2016-05-09 11:00:00,886498,drift,"[0, 289, 291, 294]",,,,Manhattan
2016-05-09 11:00:00,886498,promotion,"[0, 289, 291, 295]",,295.0,294.0,Manhattan
2016-05-09 12:00:00,886690,warning,"[0, 289, 291, 295]",296.0,,,Manhattan
2016-05-09 12:00:00,130826,warning,"[0, 320, 321, 323]",324.0,,,Global
2016-05-09 17:00:00,131098,drift,"[0, 320, 321, 323]",,,,Global
2016-05-09 17:00:00,131098,promotion,"[0, 320, 321, 324]",,324.0,323.0,Global
2016-05-09 18:00:00,131162,warning,"[0, 320, 321, 324]",325.0,,,Global
2016-05-09 20:00:00,889498,drift,"[0, 289, 291, 295]",,,,Manhattan
2016-05-09 20:00:00,889498,promotion,"[0, 289, 295, 296]",,296.0,291.0,Manhattan
2016-05-09 20:00:00,12338,drift,"[0, 40, 44, 45]",,,,Brooklyn
2016-05-09 20:00:00,12338,promotion,"[0, 44, 45, 46]",,46.0,40.0,Brooklyn
2016-05-09 20:00:00,889690,warning,"[0, 289, 295, 296]",297.0,,,Manhattan
2016-05-09 23:00:00,131498,drift,"[0, 320, 321, 324]",,,,Global
2016-05-09 23:00:00,131498,promotion,"[0, 320, 321, 325]",,325.0,324.0,Global
2016-05-10 00:00:00,16056,warning,"[0, 78, 79, 80]",81.0,,,Queens
2016-05-10 01:00:00,131562,warning,"[0, 320, 321, 325]",326.0,,,Global
2016-05-10 10:00:00,892498,drift,"[0, 289, 295, 296]",,,,Manhattan
2016-05-10 10:00:00,892498,promotion,"[0, 289, 295, 297]",,297.0,296.0,Manhattan
2016-05-10 11:00:00,892594,warning,"[0, 289, 295, 297]",298.0,,,Manhattan
2016-05-10 13:00:00,131898,drift,"[0, 320, 321, 325]",,,,Global
2016-05-10 13:00:00,131898,promotion,"[0, 320, 325, 326]",,326.0,321.0,Global
2016-05-10 15:00:00,131994,warning,"[0, 320, 325, 326]",327.0,,,Global
2016-05-10 19:00:00,895498,drift,"[0, 289, 295, 297]",,,,Manhattan
2016-05-10 19:00:00,895498,promotion,"[0, 295, 297, 298]",,298.0,289.0,Manhattan
2016-05-10 19:00:00,895594,warning,"[0, 295, 297, 298]",299.0,,,Manhattan
2016-05-10 21:00:00,132298,drift,"[0, 320, 325, 326]",,,,Global
2016-05-10 21:00:00,132298,promotion,"[0, 320, 326, 327]",,327.0,325.0,Global
2016-05-10 22:00:00,12402,warning,"[0, 44, 45, 46]",47.0,,,Brooklyn
2016-05-10 22:00:00,132362,warning,"[0, 320, 326, 327]",328.0,,,Global
2016-05-11 02:00:00,12418,drift,"[0, 44, 45, 46]",,,,Brooklyn
2016-05-11 02:00:00,12418,promotion,"[0, 44, 45, 47]",,47.0,46.0,Brooklyn
2016-05-11 08:00:00,898498,drift,"[0, 295, 297, 298]",,,,Manhattan
2016-05-11 08:00:00,898498,promotion,"[0, 297, 298, 299]",,299.0,295.0,Manhattan
2016-05-11 09:00:00,132698,drift,"[0, 320, 326, 327]",,,,Global
2016-05-11 09:00:00,132698,promotion,"[0, 326, 327, 328]",,328.0,320.0,Global
2016-05-11 09:00:00,898594,warning,"[0, 297, 298, 299]",300.0,,,Manhattan
2016-05-11 11:00:00,132794,warning,"[0, 326, 327, 328]",329.0,,,Global
2016-05-11 15:00:00,16228,drift,"[0, 78, 79, 80]",,,,Queens
2016-05-11 15:00:00,16228,promotion,"[0, 78, 80, 81]",,81.0,79.0,Queens
2016-05-11 17:00:00,901498,drift,"[0, 297, 298, 299]",,,,Manhattan
2016-05-11 17:00:00,901498,promotion,"[0, 297, 298, 300]",,300.0,299.0,Manhattan
2016-05-11 18:00:00,901626,warning,"[0, 297, 298, 300]",301.0,,,Manhattan
2016-05-11 18:00:00,133098,drift,"[0, 326, 327, 328]",,,,Global
2016-05-11 18:00:00,133098,promotion,"[0, 326, 328, 329]",,329.0,327.0,Global
2016-05-11 20:00:00,133226,warning,"[0, 326, 328, 329]",330.0,,,Global
2016-05-12 00:00:00,133498,drift,"[0, 326, 328, 329]",,,,Global
2016-05-12 00:00:00,133498,promotion,"[0, 326, 328, 330]",,330.0,329.0,Global
2016-05-12 01:00:00,133562,warning,"[0, 326, 328, 330]",331.0,,,Global
2016-05-12 05:00:00,904498,drift,"[0, 297, 298, 300]",,,,Manhattan
2016-05-12 05:00:00,904498,promotion,"[0, 298, 300, 301]",,301.0,297.0,Manhattan
2016-05-12 06:00:00,904658,warning,"[0, 298, 300, 301]",302.0,,,Manhattan
2016-05-12 11:00:00,16324,warning,"[0, 78, 80, 81]",82.0,,,Queens
2016-05-12 12:00:00,133898,drift,"[0, 326, 328, 330]",,,,Global
2016-05-12 12:00:00,133898,promotion,"[0, 326, 328, 331]",,331.0,330.0,Global
2016-05-12 13:00:00,133962,warning,"[0, 326, 328, 331]",332.0,,,Global
2016-05-12 14:00:00,907498,drift,"[0, 298, 300, 301]",,,,Manhattan
2016-05-12 14:00:00,907498,promotion,"[0, 298, 301, 302]",,302.0,300.0,Manhattan
2016-05-12 15:00:00,907626,warning,"[0, 298, 301, 302]",303.0,,,Manhattan
2016-05-12 15:00:00,16348,drift,"[0, 78, 80, 81]",,,,Queens
2016-05-12 15:00:00,16348,promotion,"[0, 78, 80, 82]",,82.0,81.0,Queens
2016-05-12 20:00:00,134298,drift,"[0, 326, 328, 331]",,,,Global
2016-05-12 20:00:00,134298,promotion,"[0, 326, 328, 332]",,332.0,331.0,Global
2016-05-12 21:00:00,134394,warning,"[0, 326, 328, 332]",333.0,,,Global
2016-05-12 22:00:00,910498,drift,"[0, 298, 301, 302]",,,,Manhattan
2016-05-12 22:00:00,910498,promotion,"[0, 298, 301, 303]",,303.0,302.0,Manhattan
2016-05-12 22:00:00,910562,warning,"[0, 298, 301, 303]",304.0,,,Manhattan
2016-05-13 01:00:00,134698,drift,"[0, 326, 328, 332]",,,,Global
2016-05-13 01:00:00,134698,promotion,"[0, 326, 328, 333]",,333.0,332.0,Global
2016-05-13 03:00:00,134762,warning,"[0, 326, 328, 333]",334.0,,,Global
2016-05-13 10:00:00,16444,warning,"[0, 78, 80, 82]",83.0,,,Queens
2016-05-13 10:00:00,913498,drift,"[0, 298, 301, 303]",,,,Manhattan
2016-05-13 10:00:00,913498,promotion,"[0, 298, 301, 304]",,304.0,303.0,Manhattan
2016-05-13 11:00:00,913626,warning,"[0, 298, 301, 304]",305.0,,,Manhattan
2016-05-13 12:00:00,135098,drift,"[0, 326, 328, 333]",,,,Global
2016-05-13 12:00:00,135098,promotion,"[0, 326, 328, 334]",,334.0,333.0,Global
2016-05-13 14:00:00,135162,warning,"[0, 326, 328, 334]",335.0,,,Global
2016-05-13 19:00:00,916498,drift,"[0, 298, 301, 304]",,,,Manhattan
2016-05-13 19:00:00,916498,promotion,"[0, 298, 301, 305]",,305.0,304.0,Manhattan
2016-05-13 19:00:00,916594,warning,"[0, 298, 301, 305]",306.0,,,Manhattan
2016-05-13 20:00:00,16498,drift,"[0, 78, 80, 82]",,,,Queens
2016-05-13 20:00:00,16498,promotion,"[0, 78, 80, 83]",,83.0,82.0,Queens
2016-05-13 20:00:00,135498,drift,"[0, 326, 328, 334]",,,,Global
2016-05-13 20:00:00,135498,promotion,"[0, 328, 334, 335]",,335.0,326.0,Global
2016-05-13 22:00:00,135594,warning,"[0, 328, 334, 335]",336.0,,,Global
2016-05-14 01:00:00,12706,warning,"[0, 44, 45, 47]",48.0,,,Brooklyn
2016-05-14 02:00:00,135898,drift,"[0, 328, 334, 335]",,,,Global
2016-05-14 02:00:00,135898,promotion,"[0, 334, 335, 336]",,336.0,328.0,Global
2016-05-14 03:00:00,135930,warning,"[0, 334, 335, 336]",337.0,,,Global
2016-05-14 04:00:00,12738,drift,"[0, 44, 45, 47]",,,,Brooklyn
2016-05-14 04:00:00,12738,promotion,"[0, 44, 47, 48]",,48.0,45.0,Brooklyn
2016-05-14 05:00:00,919498,drift,"[0, 298, 301, 305]",,,,Manhattan
2016-05-14 05:00:00,919498,promotion,"[0, 298, 301, 306]",,306.0,305.0,Manhattan
2016-05-14 06:00:00,919562,warning,"[0, 298, 301, 306]",307.0,,,Manhattan
2016-05-14 13:00:00,136298,drift,"[0, 334, 335, 336]",,,,Global
2016-05-14 13:00:00,136298,promotion,"[0, 334, 335, 337]",,337.0,336.0,Global
2016-05-14 14:00:00,136362,warning,"[0, 334, 335, 337]",338.0,,,Global
2016-05-14 15:00:00,922498,drift,"[0, 298, 301, 306]",,,,Manhattan
2016-05-14 15:00:00,922498,promotion,"[0, 298, 301, 307]",,307.0,306.0,Manhattan
2016-05-14 16:00:00,922722,warning,"[0, 298, 301, 307]",308.0,,,Manhattan
2016-05-14 16:00:00,16626,warning,"[0, 78, 80, 83]",84.0,,,Queens
2016-05-14 22:00:00,136698,drift,"[0, 334, 335, 337]",,,,Global
2016-05-14 22:00:00,136698,promotion,"[0, 334, 335, 338]",,338.0,337.0,Global
2016-05-14 22:00:00,925498,drift,"[0, 298, 301, 307]",,,,Manhattan
2016-05-14 22:00:00,925498,promotion,"[0, 298, 301, 308]",,308.0,307.0,Manhattan
2016-05-14 23:00:00,925626,warning,"[0, 298, 301, 308]",309.0,,,Manhattan
2016-05-14 23:00:00,136794,warning,"[0, 334, 335, 338]",339.0,,,Global
2016-05-15 00:00:00,12866,warning,"[0, 44, 47, 48]",49.0,,,Brooklyn
2016-05-15 01:00:00,16678,drift,"[0, 78, 80, 83]",,,,Queens
2016-05-15 01:00:00,16678,promotion,"[0, 78, 80, 84]",,84.0,83.0,Queens
2016-05-15 02:00:00,12918,drift,"[0, 44, 47, 48]",,,,Brooklyn
2016-05-15 02:00:00,12918,promotion,"[0, 47, 48, 49]",,49.0,44.0,Brooklyn
2016-05-15 03:00:00,137098,drift,"[0, 334, 335, 338]",,,,Global
2016-05-15 03:00:00,137098,promotion,"[0, 334, 338, 339]",,339.0,335.0,Global
2016-05-15 05:00:00,137194,warning,"[0, 334, 338, 339]",340.0,,,Global
2016-05-15 07:00:00,12950,warning,"[0, 47, 48, 49]",50.0,,,Brooklyn
2016-05-15 10:00:00,12958,drift,"[0, 47, 48, 49]",,,,Brooklyn
2016-05-15 10:00:00,12958,promotion,"[0, 47, 48, 50]",,50.0,49.0,Brooklyn
2016-05-15 11:00:00,928498,drift,"[0, 298, 301, 308]",,,,Manhattan
2016-05-15 11:00:00,928498,promotion,"[0, 298, 301, 309]",,309.0,308.0,Manhattan
2016-05-15 11:00:00,928754,warning,"[0, 298, 301, 309]",310.0,,,Manhattan
2016-05-15 13:00:00,137498,drift,"[0, 334, 338, 339]",,,,Global
2016-05-15 13:00:00,137498,promotion,"[0, 334, 338, 340]",,340.0,339.0,Global
2016-05-15 14:00:00,137562,warning,"[0, 334, 338, 340]",341.0,,,Global
2016-05-15 19:00:00,137898,drift,"[0, 334, 338, 340]",,,,Global
2016-05-15 19:00:00,137898,promotion,"[0, 334, 338, 341]",,341.0,340.0,Global
2016-05-15 19:00:00,931498,drift,"[0, 298, 301, 309]",,,,Manhattan
2016-05-15 19:00:00,931498,promotion,"[0, 298, 309, 310]",,310.0,301.0,Manhattan
2016-05-15 19:00:00,931594,warning,"[0, 298, 309, 310]",311.0,,,Manhattan
2016-05-15 21:00:00,137994,warning,"[0, 334, 338, 341]",342.0,,,Global
2016-05-16 02:00:00,13054,warning,"[0, 47, 48, 50]",51.0,,,Brooklyn
2016-05-16 03:00:00,138298,drift,"[0, 334, 338, 341]",,,,Global
2016-05-16 03:00:00,138298,promotion,"[0, 338, 341, 342]",,342.0,334.0,Global
2016-05-16 05:00:00,138330,warning,"[0, 338, 341, 342]",343.0,,,Global
2016-05-16 07:00:00,16870,warning,"[0, 78, 80, 84]",85.0,,,Queens
2016-05-16 09:00:00,934498,drift,"[0, 298, 309, 310]",,,,Manhattan
2016-05-16 09:00:00,934498,promotion,"[0, 298, 309, 311]",,311.0,310.0,Manhattan
2016-05-16 10:00:00,934530,warning,"[0, 298, 309, 311]",312.0,,,Manhattan
2016-05-16 11:00:00,16888,drift,"[0, 78, 80, 84]",,,,Queens
2016-05-16 11:00:00,16888,promotion,"[0, 78, 84, 85]",,85.0,80.0,Queens
2016-05-16 14:00:00,138698,drift,"[0, 338, 341, 342]",,,,Global
2016-05-16 14:00:00,138698,promotion,"[0, 341, 342, 343]",,343.0,338.0,Global
2016-05-16 15:00:00,138762,warning,"[0, 341, 342, 343]",344.0,,,Global
2016-05-16 18:00:00,937498,drift,"[0, 298, 309, 311]",,,,Manhattan
2016-05-16 18:00:00,937498,promotion,"[0, 298, 309, 312]",,312.0,311.0,Manhattan
2016-05-16 18:00:00,937690,warning,"[0, 298, 309, 312]",313.0,,,Manhattan
2016-05-16 21:00:00,139098,drift,"[0, 341, 342, 343]",,,,Global
2016-05-16 21:00:00,139098,promotion,"[0, 342, 343, 344]",,344.0,341.0,Global
2016-05-16 22:00:00,139130,warning,"[0, 342, 343, 344]",345.0,,,Global
2016-05-16 22:00:00,13098,drift,"[0, 47, 48, 50]",,,,Brooklyn
2016-05-16 22:00:00,13098,promotion,"[0, 47, 50, 51]",,51.0,48.0,Brooklyn
2016-05-17 07:00:00,940498,drift,"[0, 298, 309, 312]",,,,Manhattan
2016-05-17 07:00:00,940498,promotion,"[0, 309, 312, 313]",,313.0,298.0,Manhattan
2016-05-17 07:00:00,940594,warning,"[0, 309, 312, 313]",314.0,,,Manhattan
2016-05-17 08:00:00,139498,drift,"[0, 342, 343, 344]",,,,Global
2016-05-17 08:00:00,139498,promotion,"[0, 342, 343, 345]",,345.0,344.0,Global
2016-05-17 10:00:00,17008,drift,"[0, 78, 84, 85]",,,,Queens
2016-05-17 10:00:00,139594,warning,"[0, 342, 343, 345]",346.0,,,Global
2016-05-17 16:00:00,943498,drift,"[0, 309, 312, 313]",,,,Manhattan
2016-05-17 16:00:00,943498,promotion,"[0, 309, 313, 314]",,314.0,312.0,Manhattan
2016-05-17 16:00:00,943562,warning,"[0, 309, 313, 314]",315.0,,,Manhattan
2016-05-17 17:00:00,139898,drift,"[0, 342, 343, 345]",,,,Global
2016-05-17 17:00:00,139898,promotion,"[0, 342, 345, 346]",,346.0,343.0,Global
2016-05-17 18:00:00,139962,warning,"[0, 342, 345, 346]",347.0,,,Global
2016-05-17 20:00:00,17072,warning,"[0, 78, 84, 85]",86.0,,,Queens
2016-05-17 22:00:00,140298,drift,"[0, 342, 345, 346]",,,,Global
2016-05-17 22:00:00,140298,promotion,"[0, 342, 345, 347]",,347.0,346.0,Global
2016-05-17 23:00:00,140362,warning,"[0, 342, 345, 347]",348.0,,,Global
2016-05-17 23:00:00,946498,drift,"[0, 309, 313, 314]",,,,Manhattan
2016-05-17 23:00:00,946498,promotion,"[0, 309, 313, 315]",,315.0,314.0,Manhattan
2016-05-18 00:00:00,946562,warning,"[0, 309, 313, 315]",316.0,,,Manhattan
2016-05-18 09:00:00,140698,drift,"[0, 342, 345, 347]",,,,Global
2016-05-18 09:00:00,140698,promotion,"[0, 342, 345, 348]",,348.0,347.0,Global
2016-05-18 12:00:00,140826,warning,"[0, 342, 345, 348]",349.0,,,Global
2016-05-18 13:00:00,949498,drift,"[0, 309, 313, 315]",,,,Manhattan
2016-05-18 13:00:00,949498,promotion,"[0, 309, 315, 316]",,316.0,313.0,Manhattan
2016-05-18 13:00:00,17158,drift,"[0, 78, 84, 85]",,,,Queens
2016-05-18 13:00:00,17158,promotion,"[0, 78, 84, 86]",,86.0,85.0,Queens
2016-05-18 13:00:00,949562,warning,"[0, 309, 315, 316]",317.0,,,Manhattan
2016-05-18 18:00:00,141098,drift,"[0, 342, 345, 348]",,,,Global
2016-05-18 18:00:00,141098,promotion,"[0, 342, 345, 349]",,349.0,348.0,Global
2016-05-18 18:00:00,13226,warning,"[0, 47, 50, 51]",52.0,,,Brooklyn
2016-05-18 20:00:00,141194,warning,"[0, 342, 345, 349]",350.0,,,Global
2016-05-18 21:00:00,952498,drift,"[0, 309, 315, 316]",,,,Manhattan
2016-05-18 21:00:00,952498,promotion,"[0, 315, 316, 317]",,317.0,309.0,Manhattan
2016-05-18 22:00:00,952690,warning,"[0, 315, 316, 317]",318.0,,,Manhattan
2016-05-18 23:00:00,141498,drift,"[0, 342, 345, 349]",,,,Global
2016-05-18 23:00:00,141498,promotion,"[0, 345, 349, 350]",,350.0,342.0,Global
2016-05-19 00:00:00,17222,warning,"[0, 78, 84, 86]",87.0,,,Queens
2016-05-19 00:00:00,141562,warning,"[0, 345, 349, 350]",351.0,,,Global
2016-05-19 10:00:00,141898,drift,"[0, 345, 349, 350]",,,,Global
2016-05-19 10:00:00,141898,promotion,"[0, 349, 350, 351]",,351.0,345.0,Global
2016-05-19 11:00:00,955498,drift,"[0, 315, 316, 317]",,,,Manhattan
2016-05-19 11:00:00,955498,promotion,"[0, 316, 317, 318]",,318.0,315.0,Manhattan
2016-05-19 12:00:00,955754,warning,"[0, 316, 317, 318]",319.0,,,Manhattan
2016-05-19 12:00:00,141994,warning,"[0, 349, 350, 351]",352.0,,,Global
2016-05-19 18:00:00,142298,drift,"[0, 349, 350, 351]",,,,Global
2016-05-19 18:00:00,142298,promotion,"[0, 350, 351, 352]",,352.0,349.0,Global
2016-05-19 19:00:00,142362,warning,"[0, 350, 351, 352]",353.0,,,Global
2016-05-19 19:00:00,958498,drift,"[0, 316, 317, 318]",,,,Manhattan
2016-05-19 19:00:00,958498,promotion,"[0, 316, 317, 319]",,319.0,318.0,Manhattan
2016-05-19 20:00:00,958626,warning,"[0, 316, 317, 319]",320.0,,,Manhattan
2016-05-19 23:00:00,142698,drift,"[0, 350, 351, 352]",,,,Global
2016-05-19 23:00:00,142698,promotion,"[0, 350, 351, 353]",,353.0,352.0,Global
2016-05-20 00:00:00,142794,warning,"[0, 350, 351, 353]",354.0,,,Global
2016-05-20 06:00:00,17368,drift,"[0, 78, 84, 86]",,,,Queens
2016-05-20 06:00:00,17368,promotion,"[0, 78, 84, 87]",,87.0,86.0,Queens
2016-05-20 08:00:00,961498,drift,"[0, 316, 317, 319]",,,,Manhattan
2016-05-20 08:00:00,961498,promotion,"[0, 316, 317, 320]",,320.0,319.0,Manhattan
2016-05-20 08:00:00,961594,warning,"[0, 316, 317, 320]",321.0,,,Manhattan
2016-05-20 08:00:00,143098,drift,"[0, 350, 351, 353]",,,,Global
2016-05-20 08:00:00,143098,promotion,"[0, 350, 351, 354]",,354.0,353.0,Global
2016-05-20 11:00:00,143194,warning,"[0, 350, 351, 354]",355.0,,,Global
2016-05-20 14:00:00,13418,drift,"[0, 47, 50, 51]",,,,Brooklyn
2016-05-20 14:00:00,13418,promotion,"[0, 50, 51, 52]",,52.0,47.0,Brooklyn
2016-05-20 16:00:00,964498,drift,"[0, 316, 317, 320]",,,,Manhattan
2016-05-20 16:00:00,964498,promotion,"[0, 316, 317, 321]",,321.0,320.0,Manhattan
2016-05-20 17:00:00,964594,warning,"[0, 316, 317, 321]",322.0,,,Manhattan
2016-05-20 17:00:00,143498,drift,"[0, 350, 351, 354]",,,,Global
2016-05-20 17:00:00,143498,promotion,"[0, 350, 351, 355]",,355.0,354.0,Global
2016-05-20 18:00:00,143562,warning,"[0, 350, 351, 355]",356.0,,,Global
2016-05-20 21:00:00,13450,warning,"[0, 50, 51, 52]",53.0,,,Brooklyn
2016-05-20 22:00:00,13458,drift,"[0, 50, 51, 52]",,,,Brooklyn
2016-05-20 22:00:00,13458,promotion,"[0, 50, 52, 53]",,53.0,51.0,Brooklyn
2016-05-20 23:00:00,967498,drift,"[0, 316, 317, 321]",,,,Manhattan
2016-05-20 23:00:00,967498,promotion,"[0, 316, 317, 322]",,322.0,321.0,Manhattan
2016-05-20 23:00:00,143898,drift,"[0, 350, 351, 355]",,,,Global
2016-05-20 23:00:00,143898,promotion,"[0, 350, 351, 356]",,356.0,355.0,Global
2016-05-21 00:00:00,967658,warning,"[0, 316, 317, 322]",323.0,,,Manhattan
2016-05-21 00:00:00,143930,warning,"[0, 350, 351, 356]",357.0,,,Global
2016-05-21 06:00:00,144298,drift,"[0, 350, 351, 356]",,,,Global
2016-05-21 06:00:00,144298,promotion,"[0, 350, 351, 357]",,357.0,356.0,Global
2016-05-21 07:00:00,13586,warning,"[0, 50, 52, 53]",54.0,,,Brooklyn
2016-05-21 08:00:00,144362,warning,"[0, 350, 351, 357]",358.0,,,Global
2016-05-21 10:00:00,17528,warning,"[0, 78, 84, 87]",88.0,,,Queens
2016-05-21 12:00:00,13618,drift,"[0, 50, 52, 53]",,,,Brooklyn
2016-05-21 12:00:00,13618,promotion,"[0, 50, 52, 54]",,54.0,53.0,Brooklyn
2016-05-21 12:00:00,970498,drift,"[0, 316, 317, 322]",,,,Manhattan
2016-05-21 12:00:00,970498,promotion,"[0, 316, 317, 323]",,323.0,322.0,Manhattan
2016-05-21 13:00:00,970754,warning,"[0, 316, 317, 323]",324.0,,,Manhattan
2016-05-21 16:00:00,144698,drift,"[0, 350, 351, 357]",,,,Global
2016-05-21 16:00:00,144698,promotion,"[0, 350, 351, 358]",,358.0,357.0,Global
2016-05-21 18:00:00,144794,warning,"[0, 350, 351, 358]",359.0,,,Global
2016-05-21 19:00:00,973498,drift,"[0, 316, 317, 323]",,,,Manhattan
2016-05-21 19:00:00,973498,promotion,"[0, 317, 323, 324]",,324.0,316.0,Manhattan
2016-05-21 20:00:00,973562,warning,"[0, 317, 323, 324]",325.0,,,Manhattan
2016-05-21 20:00:00,17578,drift,"[0, 78, 84, 87]",,,,Queens
2016-05-21 20:00:00,17578,promotion,"[0, 78, 87, 88]",,88.0,84.0,Queens
2016-05-22 00:00:00,145098,drift,"[0, 350, 351, 358]",,,,Global
2016-05-22 00:00:00,145098,promotion,"[0, 350, 358, 359]",,359.0,351.0,Global
2016-05-22 01:00:00,145162,warning,"[0, 350, 358, 359]",360.0,,,Global
2016-05-22 06:00:00,976498,drift,"[0, 317, 323, 324]",,,,Manhattan
2016-05-22 06:00:00,976498,promotion,"[0, 317, 323, 325]",,325.0,324.0,Manhattan
2016-05-22 08:00:00,976626,warning,"[0, 317, 323, 325]",326.0,,,Manhattan
2016-05-22 08:00:00,13810,warning,"[0, 50, 52, 54]",55.0,,,Brooklyn
2016-05-22 08:00:00,145498,drift,"[0, 350, 358, 359]",,,,Global
2016-05-22 08:00:00,145498,promotion,"[0, 358, 359, 360]",,360.0,350.0,Global
2016-05-22 11:00:00,145594,warning,"[0, 358, 359, 360]",361.0,,,Global
2016-05-22 12:00:00,17668,drift,"[0, 78, 87, 88]",,,,Queens
2016-05-22 16:00:00,145898,drift,"[0, 358, 359, 360]",,,,Global
2016-05-22 16:00:00,145898,promotion,"[0, 358, 359, 361]",,361.0,360.0,Global
2016-05-22 17:00:00,979498,drift,"[0, 317, 323, 325]",,,,Manhattan
2016-05-22 17:00:00,979498,promotion,"[0, 317, 325, 326]",,326.0,323.0,Manhattan
2016-05-22 17:00:00,145962,warning,"[0, 358, 359, 361]",362.0,,,Global
2016-05-22 17:00:00,979594,warning,"[0, 317, 325, 326]",327.0,,,Manhattan
2016-05-22 17:00:00,13838,drift,"[0, 50, 52, 54]",,,,Brooklyn
2016-05-22 17:00:00,13838,promotion,"[0, 50, 52, 55]",,55.0,54.0,Brooklyn
2016-05-22 23:00:00,146298,drift,"[0, 358, 359, 361]",,,,Global
2016-05-22 23:00:00,146298,promotion,"[0, 358, 359, 362]",,362.0,361.0,Global
2016-05-23 00:00:00,146362,warning,"[0, 358, 359, 362]",363.0,,,Global
2016-05-23 06:00:00,17764,warning,"[0, 78, 87, 88]",89.0,,,Queens
2016-05-23 08:00:00,982498,drift,"[0, 317, 325, 326]",,,,Manhattan
2016-05-23 08:00:00,982498,promotion,"[0, 325, 326, 327]",,327.0,317.0,Manhattan
2016-05-23 09:00:00,982626,warning,"[0, 325, 326, 327]",328.0,,,Manhattan
2016-05-23 11:00:00,146698,drift,"[0, 358, 359, 362]",,,,Global
2016-05-23 11:00:00,146698,promotion,"[0, 359, 362, 363]",,363.0,358.0,Global
2016-05-23 13:00:00,146794,warning,"[0, 359, 362, 363]",364.0,,,Global
2016-05-23 15:00:00,17818,drift,"[0, 78, 87, 88]",,,,Queens
2016-05-23 15:00:00,17818,promotion,"[0, 87, 88, 89]",,89.0,78.0,Queens
2016-05-23 18:00:00,985498,drift,"[0, 325, 326, 327]",,,,Manhattan
2016-05-23 18:00:00,985498,promotion,"[0, 326, 327, 328]",,328.0,325.0,Manhattan
2016-05-23 18:00:00,985690,warning,"[0, 326, 327, 328]",329.0,,,Manhattan
2016-05-23 20:00:00,147098,drift,"[0, 359, 362, 363]",,,,Global
2016-05-23 20:00:00,147098,promotion,"[0, 362, 363, 364]",,364.0,359.0,Global
2016-05-23 22:00:00,147194,warning,"[0, 362, 363, 364]",365.0,,,Global
2016-05-24 07:00:00,147498,drift,"[0, 362, 363, 364]",,,,Global
2016-05-24 07:00:00,147498,promotion,"[0, 362, 363, 365]",,365.0,364.0,Global
2016-05-24 08:00:00,988498,drift,"[0, 326, 327, 328]",,,,Manhattan
2016-05-24 08:00:00,988498,promotion,"[0, 327, 328, 329]",,329.0,326.0,Manhattan
2016-05-24 08:00:00,988594,warning,"[0, 327, 328, 329]",330.0,,,Manhattan
2016-05-24 08:00:00,147562,warning,"[0, 362, 363, 365]",366.0,,,Global
2016-05-24 14:00:00,13966,warning,"[0, 50, 52, 55]",56.0,,,Brooklyn
2016-05-24 14:00:00,17946,warning,"[0, 87, 88, 89]",90.0,,,Queens
2016-05-24 16:00:00,991498,drift,"[0, 327, 328, 329]",,,,Manhattan
2016-05-24 16:00:00,991498,promotion,"[0, 327, 328, 330]",,330.0,329.0,Manhattan
2016-05-24 17:00:00,991562,warning,"[0, 327, 328, 330]",331.0,,,Manhattan
2016-05-24 17:00:00,147898,drift,"[0, 362, 363, 365]",,,,Global
2016-05-24 17:00:00,147898,promotion,"[0, 362, 363, 366]",,366.0,365.0,Global
2016-05-24 19:00:00,147962,warning,"[0, 362, 363, 366]",367.0,,,Global
2016-05-24 23:00:00,13998,drift,"[0, 50, 52, 55]",,,,Brooklyn
2016-05-24 23:00:00,13998,promotion,"[0, 50, 52, 56]",,56.0,55.0,Brooklyn
2016-05-25 00:00:00,148298,drift,"[0, 362, 363, 366]",,,,Global
2016-05-25 00:00:00,148298,promotion,"[0, 362, 363, 367]",,367.0,366.0,Global
2016-05-25 03:00:00,994498,drift,"[0, 327, 328, 330]",,,,Manhattan
2016-05-25 03:00:00,994498,promotion,"[0, 327, 328, 331]",,331.0,330.0,Manhattan
2016-05-25 05:00:00,148394,warning,"[0, 362, 363, 367]",368.0,,,Global
2016-05-25 06:00:00,994626,warning,"[0, 327, 328, 331]",332.0,,,Manhattan
2016-05-25 14:00:00,148698,drift,"[0, 362, 363, 367]",,,,Global
2016-05-25 14:00:00,148698,promotion,"[0, 362, 363, 368]",,368.0,367.0,Global
2016-05-25 14:00:00,997498,drift,"[0, 327, 328, 331]",,,,Manhattan
2016-05-25 14:00:00,997498,promotion,"[0, 327, 328, 332]",,332.0,331.0,Manhattan
2016-05-25 14:00:00,997594,warning,"[0, 327, 328, 332]",333.0,,,Manhattan
2016-05-25 15:00:00,18028,drift,"[0, 87, 88, 89]",,,,Queens
2016-05-25 15:00:00,18028,promotion,"[0, 87, 88, 90]",,90.0,89.0,Queens
2016-05-25 15:00:00,148762,warning,"[0, 362, 363, 368]",369.0,,,Global
2016-05-25 22:00:00,1000498,drift,"[0, 327, 328, 332]",,,,Manhattan
2016-05-25 22:00:00,1000498,promotion,"[0, 327, 328, 333]",,333.0,332.0,Manhattan
2016-05-25 22:00:00,149098,drift,"[0, 362, 363, 368]",,,,Global
2016-05-25 22:00:00,149098,promotion,"[0, 363, 368, 369]",,369.0,362.0,Global
2016-05-25 22:00:00,1000690,warning,"[0, 327, 328, 333]",334.0,,,Manhattan
2016-05-25 22:00:00,149162,warning,"[0, 363, 368, 369]",370.0,,,Global
2016-05-25 23:00:00,18092,warning,"[0, 87, 88, 90]",91.0,,,Queens
2016-05-26 08:00:00,149498,drift,"[0, 363, 368, 369]",,,,Global
2016-05-26 08:00:00,149498,promotion,"[0, 368, 369, 370]",,370.0,363.0,Global
2016-05-26 10:00:00,149562,warning,"[0, 368, 369, 370]",371.0,,,Global
2016-05-26 11:00:00,1003498,drift,"[0, 327, 328, 333]",,,,Manhattan
2016-05-26 11:00:00,1003498,promotion,"[0, 327, 328, 334]",,334.0,333.0,Manhattan
2016-05-26 12:00:00,1003658,warning,"[0, 327, 328, 334]",335.0,,,Manhattan
2016-05-26 12:00:00,18148,drift,"[0, 87, 88, 90]",,,,Queens
2016-05-26 12:00:00,18148,promotion,"[0, 87, 88, 91]",,91.0,90.0,Queens
2016-05-26 18:00:00,149898,drift,"[0, 368, 369, 370]",,,,Global
2016-05-26 18:00:00,149898,promotion,"[0, 368, 369, 371]",,371.0,370.0,Global
2016-05-26 19:00:00,149962,warning,"[0, 368, 369, 371]",372.0,,,Global
2016-05-26 19:00:00,1006498,drift,"[0, 327, 328, 334]",,,,Manhattan
2016-05-26 19:00:00,1006498,promotion,"[0, 327, 328, 335]",,335.0,334.0,Manhattan
2016-05-26 20:00:00,1006658,warning,"[0, 327, 328, 335]",336.0,,,Manhattan
2016-05-26 22:00:00,18212,warning,"[0, 87, 88, 91]",92.0,,,Queens
2016-05-27 00:00:00,150298,drift,"[0, 368, 369, 371]",,,,Global
2016-05-27 00:00:00,150298,promotion,"[0, 368, 369, 372]",,372.0,371.0,Global
2016-05-27 01:00:00,150362,warning,"[0, 368, 369, 372]",373.0,,,Global
2016-05-27 08:00:00,1009498,drift,"[0, 327, 328, 335]",,,,Manhattan
2016-05-27 08:00:00,1009498,promotion,"[0, 327, 335, 336]",,336.0,328.0,Manhattan
2016-05-27 09:00:00,1009594,warning,"[0, 327, 335, 336]",337.0,,,Manhattan
2016-05-27 12:00:00,150698,drift,"[0, 368, 369, 372]",,,,Global
2016-05-27 12:00:00,150698,promotion,"[0, 368, 369, 373]",,373.0,372.0,Global
2016-05-27 14:00:00,150794,warning,"[0, 368, 369, 373]",374.0,,,Global
2016-05-27 18:00:00,1012498,drift,"[0, 327, 335, 336]",,,,Manhattan
2016-05-27 18:00:00,1012498,promotion,"[0, 335, 336, 337]",,337.0,327.0,Manhattan
2016-05-27 18:00:00,1012626,warning,"[0, 335, 336, 337]",338.0,,,Manhattan
2016-05-27 21:00:00,151098,drift,"[0, 368, 369, 373]",,,,Global
2016-05-27 21:00:00,151098,promotion,"[0, 368, 373, 374]",,374.0,369.0,Global
2016-05-27 23:00:00,151194,warning,"[0, 368, 373, 374]",375.0,,,Global
2016-05-27 23:00:00,14286,warning,"[0, 50, 52, 56]",57.0,,,Brooklyn
2016-05-28 00:00:00,14298,drift,"[0, 50, 52, 56]",,,,Brooklyn
2016-05-28 00:00:00,14298,promotion,"[0, 50, 52, 57]",,57.0,56.0,Brooklyn
2016-05-28 04:00:00,151498,drift,"[0, 368, 373, 374]",,,,Global
2016-05-28 04:00:00,151498,promotion,"[0, 368, 374, 375]",,375.0,373.0,Global
2016-05-28 06:00:00,151594,warning,"[0, 368, 374, 375]",376.0,,,Global
2016-05-28 08:00:00,1015498,drift,"[0, 335, 336, 337]",,,,Manhattan
2016-05-28 08:00:00,1015498,promotion,"[0, 335, 336, 338]",,338.0,337.0,Manhattan
2016-05-28 08:00:00,1015530,warning,"[0, 335, 336, 338]",339.0,,,Manhattan
2016-05-28 16:00:00,151898,drift,"[0, 368, 374, 375]",,,,Global
2016-05-28 16:00:00,151898,promotion,"[0, 368, 374, 376]",,376.0,375.0,Global
2016-05-28 18:00:00,1018498,drift,"[0, 335, 336, 338]",,,,Manhattan
2016-05-28 18:00:00,1018498,promotion,"[0, 335, 336, 339]",,339.0,338.0,Manhattan
2016-05-28 19:00:00,1018690,warning,"[0, 335, 336, 339]",340.0,,,Manhattan
2016-05-28 20:00:00,152026,warning,"[0, 368, 374, 376]",377.0,,,Global
2016-05-28 21:00:00,18508,drift,"[0, 87, 88, 91]",,,,Queens
2016-05-28 21:00:00,18508,promotion,"[0, 87, 91, 92]",,92.0,88.0,Queens
2016-05-29 01:00:00,14426,warning,"[0, 50, 52, 57]",58.0,,,Brooklyn
2016-05-29 02:00:00,152298,drift,"[0, 368, 374, 376]",,,,Global
2016-05-29 02:00:00,152298,promotion,"[0, 368, 374, 377]",,377.0,376.0,Global
2016-05-29 04:00:00,152362,warning,"[0, 368, 374, 377]",378.0,,,Global
2016-05-29 04:00:00,14458,drift,"[0, 50, 52, 57]",,,,Brooklyn
2016-05-29 04:00:00,14458,promotion,"[0, 50, 57, 58]",,58.0,52.0,Brooklyn
2016-05-29 06:00:00,18568,drift,"[0, 87, 91, 92]",,,,Queens
2016-05-29 10:00:00,1021498,drift,"[0, 335, 336, 339]",,,,Manhattan
2016-05-29 10:00:00,1021498,promotion,"[0, 335, 339, 340]",,340.0,336.0,Manhattan
2016-05-29 10:00:00,1021594,warning,"[0, 335, 339, 340]",341.0,,,Manhattan
2016-05-29 15:00:00,152698,drift,"[0, 368, 374, 377]",,,,Global
2016-05-29 15:00:00,152698,promotion,"[0, 368, 377, 378]",,378.0,374.0,Global
2016-05-29 16:00:00,152730,warning,"[0, 368, 377, 378]",379.0,,,Global
2016-05-29 17:00:00,18632,warning,"[0, 87, 91, 92]",93.0,,,Queens
2016-05-29 20:00:00,1024498,drift,"[0, 335, 339, 340]",,,,Manhattan
2016-05-29 20:00:00,1024498,promotion,"[0, 339, 340, 341]",,341.0,335.0,Manhattan
2016-05-29 21:00:00,1024594,warning,"[0, 339, 340, 341]",342.0,,,Manhattan
2016-05-30 00:00:00,153098,drift,"[0, 368, 377, 378]",,,,Global
2016-05-30 00:00:00,153098,promotion,"[0, 368, 378, 379]",,379.0,377.0,Global
2016-05-30 01:00:00,18688,drift,"[0, 87, 91, 92]",,,,Queens
2016-05-30 01:00:00,18688,promotion,"[0, 87, 91, 93]",,93.0,92.0,Queens
2016-05-30 01:00:00,153162,warning,"[0, 368, 378, 379]",380.0,,,Global
2016-05-30 05:00:00,14618,warning,"[0, 50, 57, 58]",59.0,,,Brooklyn
2016-05-30 12:00:00,153498,drift,"[0, 368, 378, 379]",,,,Global
2016-05-30 12:00:00,153498,promotion,"[0, 378, 379, 380]",,380.0,368.0,Global
2016-05-30 13:00:00,153530,warning,"[0, 378, 379, 380]",381.0,,,Global
2016-05-30 15:00:00,1027498,drift,"[0, 339, 340, 341]",,,,Manhattan
2016-05-30 15:00:00,1027498,promotion,"[0, 340, 341, 342]",,342.0,339.0,Manhattan
2016-05-30 16:00:00,1027690,warning,"[0, 340, 341, 342]",343.0,,,Manhattan
2016-05-30 19:00:00,153898,drift,"[0, 378, 379, 380]",,,,Global
2016-05-30 19:00:00,153898,promotion,"[0, 378, 380, 381]",,381.0,379.0,Global
2016-05-30 22:00:00,154026,warning,"[0, 378, 380, 381]",382.0,,,Global
2016-05-31 06:00:00,154298,drift,"[0, 378, 380, 381]",,,,Global
2016-05-31 06:00:00,154298,promotion,"[0, 378, 380, 382]",,382.0,381.0,Global
2016-05-31 07:00:00,18848,warning,"[0, 87, 91, 93]",94.0,,,Queens
2016-05-31 08:00:00,1030498,drift,"[0, 340, 341, 342]",,,,Manhattan
2016-05-31 08:00:00,1030498,promotion,"[0, 340, 341, 343]",,343.0,342.0,Manhattan
2016-05-31 08:00:00,1030594,warning,"[0, 340, 341, 343]",344.0,,,Manhattan
2016-05-31 08:00:00,154394,warning,"[0, 378, 380, 382]",383.0,,,Global
2016-05-31 10:00:00,18868,drift,"[0, 87, 91, 93]",,,,Queens
2016-05-31 10:00:00,18868,promotion,"[0, 87, 91, 94]",,94.0,93.0,Queens
2016-05-31 16:00:00,154698,drift,"[0, 378, 380, 382]",,,,Global
2016-05-31 16:00:00,154698,promotion,"[0, 378, 380, 383]",,383.0,382.0,Global
2016-05-31 17:00:00,1033498,drift,"[0, 340, 341, 343]",,,,Manhattan
2016-05-31 17:00:00,1033498,promotion,"[0, 341, 343, 344]",,344.0,340.0,Manhattan
2016-05-31 17:00:00,1033562,warning,"[0, 341, 343, 344]",345.0,,,Manhattan
2016-05-31 17:00:00,18928,drift,"[0, 87, 91, 94]",,,,Queens
2016-05-31 18:00:00,154762,warning,"[0, 378, 380, 383]",384.0,,,Global
2016-05-31 23:00:00,14718,drift,"[0, 50, 57, 58]",,,,Brooklyn
2016-05-31 23:00:00,14718,promotion,"[0, 57, 58, 59]",,59.0,50.0,Brooklyn
2016-06-01 00:00:00,155098,drift,"[0, 378, 380, 383]",,,,Global
2016-06-01 00:00:00,155098,promotion,"[0, 378, 380, 384]",,384.0,383.0,Global
2016-06-01 01:00:00,155162,warning,"[0, 378, 380, 384]",385.0,,,Global
2016-06-01 07:00:00,1036498,drift,"[0, 341, 343, 344]",,,,Manhattan
2016-06-01 07:00:00,1036498,promotion,"[0, 341, 344, 345]",,345.0,343.0,Manhattan
2016-06-01 07:00:00,14750,warning,"[0, 57, 58, 59]",60.0,,,Brooklyn
2016-06-01 08:00:00,1036594,warning,"[0, 341, 344, 345]",346.0,,,Manhattan
2016-06-01 09:00:00,18992,warning,"[0, 87, 91, 94]",95.0,,,Queens
2016-06-01 10:00:00,14758,drift,"[0, 57, 58, 59]",,,,Brooklyn
2016-06-01 10:00:00,14758,promotion,"[0, 57, 58, 60]",,60.0,59.0,Brooklyn
2016-06-01 13:00:00,155498,drift,"[0, 378, 380, 384]",,,,Global
2016-06-01 13:00:00,155498,promotion,"[0, 378, 384, 385]",,385.0,380.0,Global
2016-06-01 14:00:00,155562,warning,"[0, 378, 384, 385]",386.0,,,Global
2016-06-01 16:00:00,1039498,drift,"[0, 341, 344, 345]",,,,Manhattan
2016-06-01 16:00:00,1039498,promotion,"[0, 341, 344, 346]",,346.0,345.0,Manhattan
2016-06-01 17:00:00,1039722,warning,"[0, 341, 344, 346]",347.0,,,Manhattan
2016-06-01 21:00:00,155898,drift,"[0, 378, 384, 385]",,,,Global
2016-06-01 21:00:00,155898,promotion,"[0, 378, 384, 386]",,386.0,385.0,Global
2016-06-01 22:00:00,155962,warning,"[0, 378, 384, 386]",387.0,,,Global
2016-06-01 23:00:00,19078,drift,"[0, 87, 91, 94]",,,,Queens
2016-06-01 23:00:00,19078,promotion,"[0, 87, 91, 95]",,95.0,94.0,Queens
2016-06-02 01:00:00,1042498,drift,"[0, 341, 344, 346]",,,,Manhattan
2016-06-02 01:00:00,1042498,promotion,"[0, 341, 344, 347]",,347.0,346.0,Manhattan
2016-06-02 03:00:00,1042594,warning,"[0, 341, 344, 347]",348.0,,,Manhattan
2016-06-02 05:00:00,156298,drift,"[0, 378, 384, 386]",,,,Global
2016-06-02 05:00:00,156298,promotion,"[0, 378, 384, 387]",,387.0,386.0,Global
2016-06-02 07:00:00,156330,warning,"[0, 378, 384, 387]",388.0,,,Global
2016-06-02 13:00:00,1045498,drift,"[0, 341, 344, 347]",,,,Manhattan
2016-06-02 13:00:00,1045498,promotion,"[0, 341, 344, 348]",,348.0,347.0,Manhattan
2016-06-02 14:00:00,1045626,warning,"[0, 341, 344, 348]",349.0,,,Manhattan
2016-06-02 16:00:00,156698,drift,"[0, 378, 384, 387]",,,,Global
2016-06-02 16:00:00,156698,promotion,"[0, 378, 384, 388]",,388.0,387.0,Global
2016-06-02 18:00:00,156762,warning,"[0, 378, 384, 388]",389.0,,,Global
2016-06-02 18:00:00,19174,warning,"[0, 87, 91, 95]",96.0,,,Queens
2016-06-02 21:00:00,1048498,drift,"[0, 341, 344, 348]",,,,Manhattan
2016-06-02 21:00:00,1048498,promotion,"[0, 341, 344, 349]",,349.0,348.0,Manhattan
2016-06-02 21:00:00,1048562,warning,"[0, 341, 344, 349]",350.0,,,Manhattan
2016-06-02 22:00:00,19198,drift,"[0, 87, 91, 95]",,,,Queens
2016-06-02 22:00:00,19198,promotion,"[0, 87, 95, 96]",,96.0,91.0,Queens
2016-06-02 22:00:00,14854,warning,"[0, 57, 58, 60]",61.0,,,Brooklyn
2016-06-02 23:00:00,157098,drift,"[0, 378, 384, 388]",,,,Global
2016-06-02 23:00:00,157098,promotion,"[0, 384, 388, 389]",,389.0,378.0,Global
2016-06-02 23:00:00,157162,warning,"[0, 384, 388, 389]",390.0,,,Global
2016-06-03 08:00:00,157498,drift,"[0, 384, 388, 389]",,,,Global
2016-06-03 08:00:00,157498,promotion,"[0, 388, 389, 390]",,390.0,384.0,Global
2016-06-03 10:00:00,1051498,drift,"[0, 341, 344, 349]",,,,Manhattan
2016-06-03 10:00:00,1051498,promotion,"[0, 344, 349, 350]",,350.0,341.0,Manhattan
2016-06-03 10:00:00,1051594,warning,"[0, 344, 349, 350]",351.0,,,Manhattan
2016-06-03 10:00:00,157562,warning,"[0, 388, 389, 390]",391.0,,,Global
2016-06-03 11:00:00,19258,drift,"[0, 87, 95, 96]",,,,Queens
2016-06-03 19:00:00,1054498,drift,"[0, 344, 349, 350]",,,,Manhattan
2016-06-03 19:00:00,1054498,promotion,"[0, 349, 350, 351]",,351.0,344.0,Manhattan
2016-06-03 19:00:00,14918,drift,"[0, 57, 58, 60]",,,,Brooklyn
2016-06-03 19:00:00,14918,promotion,"[0, 57, 60, 61]",,61.0,58.0,Brooklyn
2016-06-03 19:00:00,157898,drift,"[0, 388, 389, 390]",,,,Global
2016-06-03 19:00:00,157898,promotion,"[0, 388, 389, 391]",,391.0,390.0,Global
2016-06-03 19:00:00,1054594,warning,"[0, 349, 350, 351]",352.0,,,Manhattan
2016-06-03 20:00:00,157962,warning,"[0, 388, 389, 391]",392.0,,,Global
2016-06-03 23:00:00,19322,warning,"[0, 87, 95, 96]",97.0,,,Queens
2016-06-04 01:00:00,158298,drift,"[0, 388, 389, 391]",,,,Global
2016-06-04 01:00:00,158298,promotion,"[0, 389, 391, 392]",,392.0,388.0,Global
2016-06-04 03:00:00,1057498,drift,"[0, 349, 350, 351]",,,,Manhattan
2016-06-04 03:00:00,1057498,promotion,"[0, 349, 350, 352]",,352.0,351.0,Manhattan
2016-06-04 03:00:00,158394,warning,"[0, 389, 391, 392]",393.0,,,Global
2016-06-04 06:00:00,1057786,warning,"[0, 349, 350, 352]",353.0,,,Manhattan
2016-06-04 07:00:00,19378,drift,"[0, 87, 95, 96]",,,,Queens
2016-06-04 07:00:00,19378,promotion,"[0, 87, 95, 97]",,97.0,96.0,Queens
2016-06-04 10:00:00,15014,warning,"[0, 57, 60, 61]",62.0,,,Brooklyn
2016-06-04 10:00:00,15018,drift,"[0, 57, 60, 61]",,,,Brooklyn
2016-06-04 10:00:00,15018,promotion,"[0, 57, 60, 62]",,62.0,61.0,Brooklyn
2016-06-04 12:00:00,158698,drift,"[0, 389, 391, 392]",,,,Global
2016-06-04 12:00:00,158698,promotion,"[0, 391, 392, 393]",,393.0,389.0,Global
2016-06-04 14:00:00,158762,warning,"[0, 391, 392, 393]",394.0,,,Global
2016-06-04 15:00:00,1060498,drift,"[0, 349, 350, 352]",,,,Manhattan
2016-06-04 15:00:00,1060498,promotion,"[0, 349, 350, 353]",,353.0,352.0,Manhattan
2016-06-04 15:00:00,1060562,warning,"[0, 349, 350, 353]",354.0,,,Manhattan
2016-06-04 16:00:00,19438,drift,"[0, 87, 95, 97]",,,,Queens
2016-06-04 22:00:00,159098,drift,"[0, 391, 392, 393]",,,,Global
2016-06-04 22:00:00,159098,promotion,"[0, 391, 392, 394]",,394.0,393.0,Global
2016-06-04 22:00:00,1063498,drift,"[0, 349, 350, 353]",,,,Manhattan
2016-06-04 22:00:00,1063498,promotion,"[0, 349, 350, 354]",,354.0,353.0,Manhattan
2016-06-04 23:00:00,1063594,warning,"[0, 349, 350, 354]",355.0,,,Manhattan
2016-06-04 23:00:00,15114,warning,"[0, 57, 60, 62]",63.0,,,Brooklyn
2016-06-04 23:00:00,159194,warning,"[0, 391, 392, 394]",395.0,,,Global
2016-06-05 04:00:00,159498,drift,"[0, 391, 392, 394]",,,,Global
2016-06-05 04:00:00,159498,promotion,"[0, 392, 394, 395]",,395.0,391.0,Global
2016-06-05 05:00:00,19534,warning,"[0, 87, 95, 97]",98.0,,,Queens
2016-06-05 07:00:00,159562,warning,"[0, 392, 394, 395]",396.0,,,Global
2016-06-05 11:00:00,1066498,drift,"[0, 349, 350, 354]",,,,Manhattan
2016-06-05 11:00:00,1066498,promotion,"[0, 349, 354, 355]",,355.0,350.0,Manhattan
2016-06-05 11:00:00,1066594,warning,"[0, 349, 354, 355]",356.0,,,Manhattan
2016-06-05 15:00:00,159898,drift,"[0, 392, 394, 395]",,,,Global
2016-06-05 15:00:00,159898,promotion,"[0, 392, 394, 396]",,396.0,395.0,Global
2016-06-05 16:00:00,159962,warning,"[0, 392, 394, 396]",397.0,,,Global
2016-06-05 19:00:00,19618,drift,"[0, 87, 95, 97]",,,,Queens
2016-06-05 19:00:00,19618,promotion,"[0, 95, 97, 98]",,98.0,87.0,Queens
2016-06-05 20:00:00,1069498,drift,"[0, 349, 354, 355]",,,,Manhattan
2016-06-05 20:00:00,1069498,promotion,"[0, 354, 355, 356]",,356.0,349.0,Manhattan
2016-06-05 21:00:00,1069594,warning,"[0, 354, 355, 356]",357.0,,,Manhattan
2016-06-05 21:00:00,15258,drift,"[0, 57, 60, 62]",,,,Brooklyn
2016-06-05 21:00:00,15258,promotion,"[0, 57, 62, 63]",,63.0,60.0,Brooklyn
2016-06-05 23:00:00,160298,drift,"[0, 392, 394, 396]",,,,Global
2016-06-05 23:00:00,160298,promotion,"[0, 392, 394, 397]",,397.0,396.0,Global
2016-06-06 01:00:00,160362,warning,"[0, 392, 394, 397]",398.0,,,Global
2016-06-06 06:00:00,19682,warning,"[0, 95, 97, 98]",99.0,,,Queens
2016-06-06 11:00:00,160698,drift,"[0, 392, 394, 397]",,,,Global
2016-06-06 11:00:00,160698,promotion,"[0, 392, 397, 398]",,398.0,394.0,Global
2016-06-06 12:00:00,1072498,drift,"[0, 354, 355, 356]",,,,Manhattan
2016-06-06 12:00:00,1072498,promotion,"[0, 355, 356, 357]",,357.0,354.0,Manhattan
2016-06-06 12:00:00,160762,warning,"[0, 392, 397, 398]",399.0,,,Global
2016-06-06 12:00:00,1072530,warning,"[0, 355, 356, 357]",358.0,,,Manhattan
2016-06-06 18:00:00,19768,drift,"[0, 95, 97, 98]",,,,Queens
2016-06-06 18:00:00,19768,promotion,"[0, 95, 97, 99]",,99.0,98.0,Queens
2016-06-06 19:00:00,161098,drift,"[0, 392, 397, 398]",,,,Global
2016-06-06 19:00:00,161098,promotion,"[0, 392, 398, 399]",,399.0,397.0,Global
2016-06-06 21:00:00,1075498,drift,"[0, 355, 356, 357]",,,,Manhattan
2016-06-06 21:00:00,1075498,promotion,"[0, 355, 357, 358]",,358.0,356.0,Manhattan
2016-06-06 21:00:00,161226,warning,"[0, 392, 398, 399]",400.0,,,Global
2016-06-06 21:00:00,1075722,warning,"[0, 355, 357, 358]",359.0,,,Manhattan
2016-06-07 00:00:00,15354,warning,"[0, 57, 62, 63]",64.0,,,Brooklyn
2016-06-07 05:00:00,161498,drift,"[0, 392, 398, 399]",,,,Global
2016-06-07 05:00:00,161498,promotion,"[0, 392, 398, 400]",,400.0,399.0,Global
2016-06-07 08:00:00,161562,warning,"[0, 392, 398, 400]",401.0,,,Global
2016-06-07 11:00:00,1078498,drift,"[0, 355, 357, 358]",,,,Manhattan
2016-06-07 11:00:00,1078498,promotion,"[0, 355, 357, 359]",,359.0,358.0,Manhattan
2016-06-07 12:00:00,1078658,warning,"[0, 355, 357, 359]",360.0,,,Manhattan
2016-06-07 18:00:00,161898,drift,"[0, 392, 398, 400]",,,,Global
2016-06-07 18:00:00,161898,promotion,"[0, 392, 398, 401]",,401.0,400.0,Global
2016-06-07 19:00:00,161962,warning,"[0, 392, 398, 401]",402.0,,,Global
2016-06-07 19:00:00,1081498,drift,"[0, 355, 357, 359]",,,,Manhattan
2016-06-07 19:00:00,1081498,promotion,"[0, 355, 357, 360]",,360.0,359.0,Manhattan
2016-06-07 20:00:00,1081594,warning,"[0, 355, 357, 360]",361.0,,,Manhattan
2016-06-07 23:00:00,15418,drift,"[0, 57, 62, 63]",,,,Brooklyn
2016-06-07 23:00:00,15418,promotion,"[0, 62, 63, 64]",,64.0,57.0,Brooklyn
2016-06-07 23:00:00,162298,drift,"[0, 392, 398, 401]",,,,Global
2016-06-07 23:00:00,162298,promotion,"[0, 392, 401, 402]",,402.0,398.0,Global
2016-06-08 00:00:00,19928,warning,"[0, 95, 97, 99]",100.0,,,Queens
2016-06-08 01:00:00,162362,warning,"[0, 392, 401, 402]",403.0,,,Global
2016-06-08 04:00:00,19948,drift,"[0, 95, 97, 99]",,,,Queens
2016-06-08 04:00:00,19948,promotion,"[0, 95, 97, 100]",,100.0,99.0,Queens
2016-06-08 09:00:00,1084498,drift,"[0, 355, 357, 360]",,,,Manhattan
2016-06-08 09:00:00,1084498,promotion,"[0, 355, 357, 361]",,361.0,360.0,Manhattan
2016-06-08 09:00:00,1084562,warning,"[0, 355, 357, 361]",362.0,,,Manhattan
2016-06-08 10:00:00,15450,warning,"[0, 62, 63, 64]",65.0,,,Brooklyn
2016-06-08 12:00:00,162698,drift,"[0, 392, 401, 402]",,,,Global
2016-06-08 12:00:00,162698,promotion,"[0, 401, 402, 403]",,403.0,392.0,Global
2016-06-08 13:00:00,162762,warning,"[0, 401, 402, 403]",404.0,,,Global
2016-06-08 17:00:00,20012,warning,"[0, 95, 97, 100]",101.0,,,Queens
2016-06-08 18:00:00,1087498,drift,"[0, 355, 357, 361]",,,,Manhattan
2016-06-08 18:00:00,1087498,promotion,"[0, 355, 361, 362]",,362.0,357.0,Manhattan
2016-06-08 18:00:00,1087594,warning,"[0, 355, 361, 362]",363.0,,,Manhattan
2016-06-08 21:00:00,15478,drift,"[0, 62, 63, 64]",,,,Brooklyn
2016-06-08 21:00:00,15478,promotion,"[0, 62, 63, 65]",,65.0,64.0,Brooklyn
2016-06-08 21:00:00,163098,drift,"[0, 401, 402, 403]",,,,Global
2016-06-08 21:00:00,163098,promotion,"[0, 401, 402, 404]",,404.0,403.0,Global
2016-06-08 22:00:00,163162,warning,"[0, 401, 402, 404]",405.0,,,Global
2016-06-09 00:00:00,15518,drift,"[0, 62, 63, 65]",,,,Brooklyn
2016-06-09 05:00:00,163498,drift,"[0, 401, 402, 404]",,,,Global
2016-06-09 05:00:00,163498,promotion,"[0, 401, 402, 405]",,405.0,404.0,Global
2016-06-09 06:00:00,20068,drift,"[0, 95, 97, 100]",,,,Queens
2016-06-09 06:00:00,20068,promotion,"[0, 97, 100, 101]",,101.0,95.0,Queens
2016-06-09 06:00:00,1090498,drift,"[0, 355, 361, 362]",,,,Manhattan
2016-06-09 06:00:00,1090498,promotion,"[0, 355, 361, 363]",,363.0,362.0,Manhattan
2016-06-09 07:00:00,1090562,warning,"[0, 355, 361, 363]",364.0,,,Manhattan
2016-06-09 07:00:00,163562,warning,"[0, 401, 402, 405]",406.0,,,Global
2016-06-09 13:00:00,20100,warning,"[0, 97, 100, 101]",102.0,,,Queens
2016-06-09 15:00:00,1093498,drift,"[0, 355, 361, 363]",,,,Manhattan
2016-06-09 15:00:00,1093498,promotion,"[0, 355, 361, 364]",,364.0,363.0,Manhattan
2016-06-09 15:00:00,1093626,warning,"[0, 355, 361, 364]",365.0,,,Manhattan
2016-06-09 15:00:00,163898,drift,"[0, 401, 402, 405]",,,,Global
2016-06-09 15:00:00,163898,promotion,"[0, 401, 405, 406]",,406.0,402.0,Global
2016-06-09 17:00:00,163962,warning,"[0, 401, 405, 406]",407.0,,,Global
2016-06-09 22:00:00,164298,drift,"[0, 401, 405, 406]",,,,Global
2016-06-09 22:00:00,164298,promotion,"[0, 401, 405, 407]",,407.0,406.0,Global
2016-06-09 23:00:00,1096498,drift,"[0, 355, 361, 364]",,,,Manhattan
2016-06-09 23:00:00,1096498,promotion,"[0, 355, 361, 365]",,365.0,364.0,Manhattan
2016-06-09 23:00:00,164362,warning,"[0, 401, 405, 407]",408.0,,,Global
2016-06-09 23:00:00,1096722,warning,"[0, 355, 361, 365]",366.0,,,Manhattan
2016-06-10 00:00:00,15614,warning,"[0, 62, 63, 65]",66.0,,,Brooklyn
2016-06-10 06:00:00,164698,drift,"[0, 401, 405, 407]",,,,Global
2016-06-10 06:00:00,164698,promotion,"[0, 401, 405, 408]",,408.0,407.0,Global
2016-06-10 06:00:00,164730,warning,"[0, 401, 405, 408]",409.0,,,Global
2016-06-10 12:00:00,1099498,drift,"[0, 355, 361, 365]",,,,Manhattan
2016-06-10 12:00:00,1099498,promotion,"[0, 355, 361, 366]",,366.0,365.0,Manhattan
2016-06-10 12:00:00,1099658,warning,"[0, 355, 361, 366]",367.0,,,Manhattan
2016-06-10 14:00:00,165098,drift,"[0, 401, 405, 408]",,,,Global
2016-06-10 14:00:00,165098,promotion,"[0, 401, 405, 409]",,409.0,408.0,Global
2016-06-10 16:00:00,165162,warning,"[0, 401, 405, 409]",410.0,,,Global
2016-06-10 17:00:00,20278,drift,"[0, 97, 100, 101]",,,,Queens
2016-06-10 17:00:00,20278,promotion,"[0, 100, 101, 102]",,102.0,97.0,Queens
2016-06-10 20:00:00,1102498,drift,"[0, 355, 361, 366]",,,,Manhattan
2016-06-10 20:00:00,1102498,promotion,"[0, 355, 366, 367]",,367.0,361.0,Manhattan
2016-06-10 21:00:00,1102626,warning,"[0, 355, 366, 367]",368.0,,,Manhattan
2016-06-10 22:00:00,165498,drift,"[0, 401, 405, 409]",,,,Global
2016-06-10 22:00:00,165498,promotion,"[0, 401, 405, 410]",,410.0,409.0,Global
2016-06-10 23:00:00,165562,warning,"[0, 401, 405, 410]",411.0,,,Global
2016-06-11 05:00:00,165898,drift,"[0, 401, 405, 410]",,,,Global
2016-06-11 05:00:00,165898,promotion,"[0, 401, 405, 411]",,411.0,410.0,Global
2016-06-11 08:00:00,165962,warning,"[0, 401, 405, 411]",412.0,,,Global
2016-06-11 09:00:00,20374,warning,"[0, 100, 101, 102]",103.0,,,Queens
2016-06-11 09:00:00,1105498,drift,"[0, 355, 366, 367]",,,,Manhattan
2016-06-11 09:00:00,1105498,promotion,"[0, 355, 366, 368]",,368.0,367.0,Manhattan
2016-06-11 10:00:00,1105722,warning,"[0, 355, 366, 368]",369.0,,,Manhattan
2016-06-11 13:00:00,20398,drift,"[0, 100, 101, 102]",,,,Queens
2016-06-11 13:00:00,20398,promotion,"[0, 101, 102, 103]",,103.0,100.0,Queens
2016-06-11 18:00:00,166298,drift,"[0, 401, 405, 411]",,,,Global
2016-06-11 18:00:00,166298,promotion,"[0, 401, 405, 412]",,412.0,411.0,Global
2016-06-11 18:00:00,1108498,drift,"[0, 355, 366, 368]",,,,Manhattan
2016-06-11 18:00:00,1108498,promotion,"[0, 355, 368, 369]",,369.0,366.0,Manhattan
2016-06-11 18:00:00,1108658,warning,"[0, 355, 368, 369]",370.0,,,Manhattan
2016-06-11 19:00:00,166362,warning,"[0, 401, 405, 412]",413.0,,,Global
2016-06-12 00:00:00,20462,warning,"[0, 101, 102, 103]",104.0,,,Queens
2016-06-12 02:00:00,166698,drift,"[0, 401, 405, 412]",,,,Global
2016-06-12 02:00:00,166698,promotion,"[0, 401, 412, 413]",,413.0,405.0,Global
2016-06-12 02:00:00,1111498,drift,"[0, 355, 368, 369]",,,,Manhattan
2016-06-12 02:00:00,1111498,promotion,"[0, 355, 368, 370]",,370.0,369.0,Manhattan
2016-06-12 02:00:00,1111626,warning,"[0, 355, 368, 370]",371.0,,,Manhattan
2016-06-12 03:00:00,166762,warning,"[0, 401, 412, 413]",414.0,,,Global
2016-06-12 10:00:00,15938,drift,"[0, 62, 63, 65]",,,,Brooklyn
2016-06-12 10:00:00,15938,promotion,"[0, 62, 65, 66]",,66.0,63.0,Brooklyn
2016-06-12 11:00:00,20518,drift,"[0, 101, 102, 103]",,,,Queens
2016-06-12 11:00:00,20518,promotion,"[0, 102, 103, 104]",,104.0,101.0,Queens
2016-06-12 14:00:00,167098,drift,"[0, 401, 412, 413]",,,,Global
2016-06-12 14:00:00,167098,promotion,"[0, 412, 413, 414]",,414.0,401.0,Global
2016-06-12 15:00:00,167162,warning,"[0, 412, 413, 414]",415.0,,,Global
2016-06-12 17:00:00,1114498,drift,"[0, 355, 368, 370]",,,,Manhattan
2016-06-12 17:00:00,1114498,promotion,"[0, 355, 368, 371]",,371.0,370.0,Manhattan
2016-06-12 17:00:00,1114626,warning,"[0, 355, 368, 371]",372.0,,,Manhattan
2016-06-12 20:00:00,15970,warning,"[0, 62, 65, 66]",67.0,,,Brooklyn
2016-06-12 21:00:00,167498,drift,"[0, 412, 413, 414]",,,,Global
2016-06-12 21:00:00,167498,promotion,"[0, 412, 413, 415]",,415.0,414.0,Global
2016-06-12 22:00:00,167594,warning,"[0, 412, 413, 415]",416.0,,,Global
2016-06-13 05:00:00,16018,drift,"[0, 62, 65, 66]",,,,Brooklyn
2016-06-13 05:00:00,16018,promotion,"[0, 65, 66, 67]",,67.0,62.0,Brooklyn
2016-06-13 06:00:00,20614,warning,"[0, 102, 103, 104]",105.0,,,Queens
2016-06-13 08:00:00,167898,drift,"[0, 412, 413, 415]",,,,Global
2016-06-13 08:00:00,167898,promotion,"[0, 412, 415, 416]",,416.0,413.0,Global
2016-06-13 08:00:00,1117498,drift,"[0, 355, 368, 371]",,,,Manhattan
2016-06-13 08:00:00,1117498,promotion,"[0, 368, 371, 372]",,372.0,355.0,Manhattan
2016-06-13 09:00:00,1117594,warning,"[0, 368, 371, 372]",373.0,,,Manhattan
2016-06-13 10:00:00,167994,warning,"[0, 412, 415, 416]",417.0,,,Global
2016-06-13 10:00:00,20638,drift,"[0, 102, 103, 104]",,,,Queens
2016-06-13 10:00:00,20638,promotion,"[0, 102, 103, 105]",,105.0,104.0,Queens
2016-06-13 17:00:00,168298,drift,"[0, 412, 415, 416]",,,,Global
2016-06-13 17:00:00,168298,promotion,"[0, 412, 415, 417]",,417.0,416.0,Global
2016-06-13 18:00:00,1120498,drift,"[0, 368, 371, 372]",,,,Manhattan
2016-06-13 18:00:00,1120498,promotion,"[0, 371, 372, 373]",,373.0,368.0,Manhattan
2016-06-13 18:00:00,1120658,warning,"[0, 371, 372, 373]",374.0,,,Manhattan
2016-06-13 19:00:00,168394,warning,"[0, 412, 415, 417]",418.0,,,Global
2016-06-13 19:00:00,20702,warning,"[0, 102, 103, 105]",106.0,,,Queens
2016-06-13 23:00:00,168698,drift,"[0, 412, 415, 417]",,,,Global
2016-06-13 23:00:00,168698,promotion,"[0, 412, 415, 418]",,418.0,417.0,Global
2016-06-14 00:00:00,168762,warning,"[0, 412, 415, 418]",419.0,,,Global
2016-06-14 09:00:00,1123498,drift,"[0, 371, 372, 373]",,,,Manhattan
2016-06-14 09:00:00,1123498,promotion,"[0, 371, 372, 374]",,374.0,373.0,Manhattan
2016-06-14 09:00:00,1123594,warning,"[0, 371, 372, 374]",375.0,,,Manhattan
2016-06-14 13:00:00,169098,drift,"[0, 412, 415, 418]",,,,Global
2016-06-14 13:00:00,169098,promotion,"[0, 412, 415, 419]",,419.0,418.0,Global
2016-06-14 15:00:00,169194,warning,"[0, 412, 415, 419]",420.0,,,Global
2016-06-14 18:00:00,1126498,drift,"[0, 371, 372, 374]",,,,Manhattan
2016-06-14 18:00:00,1126498,promotion,"[0, 372, 374, 375]",,375.0,371.0,Manhattan
2016-06-14 18:00:00,1126530,warning,"[0, 372, 374, 375]",376.0,,,Manhattan
2016-06-14 22:00:00,169498,drift,"[0, 412, 415, 419]",,,,Global
2016-06-14 22:00:00,169498,promotion,"[0, 415, 419, 420]",,420.0,412.0,Global
2016-06-14 23:00:00,169594,warning,"[0, 415, 419, 420]",421.0,,,Global
2016-06-15 04:00:00,20878,drift,"[0, 102, 103, 105]",,,,Queens
2016-06-15 04:00:00,20878,promotion,"[0, 102, 103, 106]",,106.0,105.0,Queens
2016-06-15 04:00:00,16146,warning,"[0, 65, 66, 67]",68.0,,,Brooklyn
2016-06-15 07:00:00,1129498,drift,"[0, 372, 374, 375]",,,,Manhattan
2016-06-15 07:00:00,1129498,promotion,"[0, 374, 375, 376]",,376.0,372.0,Manhattan
2016-06-15 07:00:00,1129626,warning,"[0, 374, 375, 376]",377.0,,,Manhattan
2016-06-15 10:00:00,169898,drift,"[0, 415, 419, 420]",,,,Global
2016-06-15 10:00:00,169898,promotion,"[0, 415, 419, 421]",,421.0,420.0,Global
2016-06-15 13:00:00,169994,warning,"[0, 415, 419, 421]",422.0,,,Global
2016-06-15 15:00:00,1132498,drift,"[0, 374, 375, 376]",,,,Manhattan
2016-06-15 15:00:00,1132498,promotion,"[0, 374, 376, 377]",,377.0,375.0,Manhattan
2016-06-15 15:00:00,1132562,warning,"[0, 374, 376, 377]",378.0,,,Manhattan
2016-06-15 20:00:00,170298,drift,"[0, 415, 419, 421]",,,,Global
2016-06-15 20:00:00,170298,promotion,"[0, 415, 419, 422]",,422.0,421.0,Global
2016-06-15 20:00:00,20968,drift,"[0, 102, 103, 106]",,,,Queens
2016-06-15 21:00:00,170362,warning,"[0, 415, 419, 422]",423.0,,,Global
2016-06-15 23:00:00,1135498,drift,"[0, 374, 376, 377]",,,,Manhattan
2016-06-15 23:00:00,1135498,promotion,"[0, 374, 376, 378]",,378.0,377.0,Manhattan
2016-06-15 23:00:00,1135626,warning,"[0, 374, 376, 378]",379.0,,,Manhattan
2016-06-16 03:00:00,170698,drift,"[0, 415, 419, 422]",,,,Global
2016-06-16 03:00:00,170698,promotion,"[0, 415, 419, 423]",,423.0,422.0,Global
2016-06-16 05:00:00,170762,warning,"[0, 415, 419, 423]",424.0,,,Global
2016-06-16 09:00:00,21032,warning,"[0, 102, 103, 106]",107.0,,,Queens
2016-06-16 12:00:00,1138498,drift,"[0, 374, 376, 378]",,,,Manhattan
2016-06-16 12:00:00,1138498,promotion,"[0, 374, 376, 379]",,379.0,378.0,Manhattan
2016-06-16 12:00:00,1138594,warning,"[0, 374, 376, 379]",380.0,,,Manhattan
2016-06-16 14:00:00,171098,drift,"[0, 415, 419, 423]",,,,Global
2016-06-16 14:00:00,171098,promotion,"[0, 415, 423, 424]",,424.0,419.0,Global
2016-06-16 15:00:00,171162,warning,"[0, 415, 423, 424]",425.0,,,Global
2016-06-16 18:00:00,21088,drift,"[0, 102, 103, 106]",,,,Queens
2016-06-16 18:00:00,21088,promotion,"[0, 102, 103, 107]",,107.0,106.0,Queens
2016-06-16 20:00:00,1141498,drift,"[0, 374, 376, 379]",,,,Manhattan
2016-06-16 20:00:00,1141498,promotion,"[0, 374, 379, 380]",,380.0,376.0,Manhattan
2016-06-16 20:00:00,1141530,warning,"[0, 374, 379, 380]",381.0,,,Manhattan
2016-06-16 21:00:00,171498,drift,"[0, 415, 423, 424]",,,,Global
2016-06-16 21:00:00,171498,promotion,"[0, 415, 423, 425]",,425.0,424.0,Global
2016-06-16 22:00:00,171562,warning,"[0, 415, 423, 425]",426.0,,,Global
2016-06-17 04:00:00,171898,drift,"[0, 415, 423, 425]",,,,Global
2016-06-17 04:00:00,171898,promotion,"[0, 415, 423, 426]",,426.0,425.0,Global
2016-06-17 07:00:00,16338,drift,"[0, 65, 66, 67]",,,,Brooklyn
2016-06-17 07:00:00,16338,promotion,"[0, 65, 66, 68]",,68.0,67.0,Brooklyn
2016-06-17 08:00:00,172026,warning,"[0, 415, 423, 426]",427.0,,,Global
2016-06-17 08:00:00,1144498,drift,"[0, 374, 379, 380]",,,,Manhattan
2016-06-17 08:00:00,1144498,promotion,"[0, 374, 379, 381]",,381.0,380.0,Manhattan
2016-06-17 09:00:00,1144562,warning,"[0, 374, 379, 381]",382.0,,,Manhattan
2016-06-17 09:00:00,21184,warning,"[0, 102, 103, 107]",108.0,,,Queens
2016-06-17 15:00:00,172298,drift,"[0, 415, 423, 426]",,,,Global
2016-06-17 15:00:00,172298,promotion,"[0, 423, 426, 427]",,427.0,415.0,Global
2016-06-17 17:00:00,172362,warning,"[0, 423, 426, 427]",428.0,,,Global
2016-06-17 18:00:00,1147498,drift,"[0, 374, 379, 381]",,,,Manhattan
2016-06-17 18:00:00,1147498,promotion,"[0, 379, 381, 382]",,382.0,374.0,Manhattan
2016-06-17 18:00:00,1147594,warning,"[0, 379, 381, 382]",383.0,,,Manhattan
2016-06-17 23:00:00,172698,drift,"[0, 423, 426, 427]",,,,Global
2016-06-17 23:00:00,172698,promotion,"[0, 423, 426, 428]",,428.0,427.0,Global
2016-06-17 23:00:00,21268,drift,"[0, 102, 103, 107]",,,,Queens
2016-06-17 23:00:00,21268,promotion,"[0, 102, 103, 108]",,108.0,107.0,Queens
2016-06-18 00:00:00,172762,warning,"[0, 423, 426, 428]",429.0,,,Global
2016-06-18 00:00:00,16434,warning,"[0, 65, 66, 68]",69.0,,,Brooklyn
2016-06-18 01:00:00,16438,drift,"[0, 65, 66, 68]",,,,Brooklyn
2016-06-18 01:00:00,16438,promotion,"[0, 65, 66, 69]",,69.0,68.0,Brooklyn
2016-06-18 02:00:00,1150498,drift,"[0, 379, 381, 382]",,,,Manhattan
2016-06-18 02:00:00,1150498,promotion,"[0, 379, 381, 383]",,383.0,382.0,Manhattan
2016-06-18 03:00:00,1150626,warning,"[0, 379, 381, 383]",384.0,,,Manhattan
2016-06-18 09:00:00,173098,drift,"[0, 423, 426, 428]",,,,Global
2016-06-18 09:00:00,173098,promotion,"[0, 423, 426, 429]",,429.0,428.0,Global
2016-06-18 09:00:00,21332,warning,"[0, 102, 103, 108]",109.0,,,Queens
2016-06-18 14:00:00,173258,warning,"[0, 423, 426, 429]",430.0,,,Global
2016-06-18 16:00:00,1153498,drift,"[0, 379, 381, 383]",,,,Manhattan
2016-06-18 16:00:00,1153498,promotion,"[0, 379, 381, 384]",,384.0,383.0,Manhattan
2016-06-18 16:00:00,1153626,warning,"[0, 379, 381, 384]",385.0,,,Manhattan
2016-06-18 21:00:00,173498,drift,"[0, 423, 426, 429]",,,,Global
2016-06-18 21:00:00,173498,promotion,"[0, 423, 426, 430]",,430.0,429.0,Global
2016-06-18 22:00:00,173562,warning,"[0, 423, 426, 430]",431.0,,,Global
2016-06-18 23:00:00,16566,warning,"[0, 65, 66, 69]",70.0,,,Brooklyn
2016-06-19 00:00:00,1156498,drift,"[0, 379, 381, 384]",,,,Manhattan
2016-06-19 00:00:00,1156498,promotion,"[0, 379, 381, 385]",,385.0,384.0,Manhattan
2016-06-19 01:00:00,1156626,warning,"[0, 379, 381, 385]",386.0,,,Manhattan
2016-06-19 02:00:00,21448,drift,"[0, 102, 103, 108]",,,,Queens
2016-06-19 02:00:00,21448,promotion,"[0, 102, 103, 109]",,109.0,108.0,Queens
2016-06-19 02:00:00,16618,drift,"[0, 65, 66, 69]",,,,Brooklyn
2016-06-19 02:00:00,16618,promotion,"[0, 65, 66, 70]",,70.0,69.0,Brooklyn
2016-06-19 03:00:00,173898,drift,"[0, 423, 426, 430]",,,,Global
2016-06-19 03:00:00,173898,promotion,"[0, 423, 426, 431]",,431.0,430.0,Global
2016-06-19 05:00:00,173962,warning,"[0, 423, 426, 431]",432.0,,,Global
2016-06-19 15:00:00,174298,drift,"[0, 423, 426, 431]",,,,Global
2016-06-19 15:00:00,174298,promotion,"[0, 426, 431, 432]",,432.0,423.0,Global
2016-06-19 15:00:00,1159498,drift,"[0, 379, 381, 385]",,,,Manhattan
2016-06-19 15:00:00,1159498,promotion,"[0, 379, 385, 386]",,386.0,381.0,Manhattan
2016-06-19 16:00:00,1159530,warning,"[0, 379, 385, 386]",387.0,,,Manhattan
2016-06-19 17:00:00,174426,warning,"[0, 426, 431, 432]",433.0,,,Global
2016-06-19 22:00:00,21576,warning,"[0, 102, 103, 109]",110.0,,,Queens
2016-06-19 22:00:00,174698,drift,"[0, 426, 431, 432]",,,,Global
2016-06-19 22:00:00,174698,promotion,"[0, 426, 431, 433]",,433.0,432.0,Global
2016-06-20 00:00:00,174794,warning,"[0, 426, 431, 433]",434.0,,,Global
2016-06-20 05:00:00,21598,drift,"[0, 102, 103, 109]",,,,Queens
2016-06-20 05:00:00,21598,promotion,"[0, 102, 103, 110]",,110.0,109.0,Queens
2016-06-20 08:00:00,1162498,drift,"[0, 379, 385, 386]",,,,Manhattan
2016-06-20 08:00:00,1162498,promotion,"[0, 385, 386, 387]",,387.0,379.0,Manhattan
2016-06-20 08:00:00,1162594,warning,"[0, 385, 386, 387]",388.0,,,Manhattan
2016-06-20 10:00:00,175098,drift,"[0, 426, 431, 433]",,,,Global
2016-06-20 10:00:00,175098,promotion,"[0, 426, 431, 434]",,434.0,433.0,Global
2016-06-20 14:00:00,175226,warning,"[0, 426, 431, 434]",435.0,,,Global
2016-06-20 17:00:00,1165498,drift,"[0, 385, 386, 387]",,,,Manhattan
2016-06-20 17:00:00,1165498,promotion,"[0, 386, 387, 388]",,388.0,385.0,Manhattan
2016-06-20 18:00:00,1165594,warning,"[0, 386, 387, 388]",389.0,,,Manhattan
2016-06-20 19:00:00,175498,drift,"[0, 426, 431, 434]",,,,Global
2016-06-20 19:00:00,175498,promotion,"[0, 431, 434, 435]",,435.0,426.0,Global
2016-06-20 21:00:00,175562,warning,"[0, 431, 434, 435]",436.0,,,Global
2016-06-20 21:00:00,21694,warning,"[0, 102, 103, 110]",111.0,,,Queens
2016-06-21 07:00:00,175898,drift,"[0, 431, 434, 435]",,,,Global
2016-06-21 07:00:00,175898,promotion,"[0, 434, 435, 436]",,436.0,431.0,Global
2016-06-21 08:00:00,1168498,drift,"[0, 386, 387, 388]",,,,Manhattan
2016-06-21 08:00:00,1168498,promotion,"[0, 387, 388, 389]",,389.0,386.0,Manhattan
2016-06-21 08:00:00,1168594,warning,"[0, 387, 388, 389]",390.0,,,Manhattan
2016-06-21 10:00:00,175994,warning,"[0, 434, 435, 436]",437.0,,,Global
2016-06-21 14:00:00,21778,drift,"[0, 102, 103, 110]",,,,Queens
2016-06-21 14:00:00,21778,promotion,"[0, 102, 103, 111]",,111.0,110.0,Queens
2016-06-21 17:00:00,1171498,drift,"[0, 387, 388, 389]",,,,Manhattan
2016-06-21 17:00:00,1171498,promotion,"[0, 387, 388, 390]",,390.0,389.0,Manhattan
2016-06-21 17:00:00,1171562,warning,"[0, 387, 388, 390]",391.0,,,Manhattan
2016-06-21 18:00:00,176298,drift,"[0, 434, 435, 436]",,,,Global
2016-06-21 18:00:00,176298,promotion,"[0, 434, 435, 437]",,437.0,436.0,Global
2016-06-21 19:00:00,176362,warning,"[0, 434, 435, 437]",438.0,,,Global
2016-06-22 00:00:00,176698,drift,"[0, 434, 435, 437]",,,,Global
2016-06-22 00:00:00,176698,promotion,"[0, 434, 435, 438]",,438.0,437.0,Global
2016-06-22 00:00:00,16842,warning,"[0, 65, 66, 70]",71.0,,,Brooklyn
2016-06-22 02:00:00,176762,warning,"[0, 434, 435, 438]",439.0,,,Global
2016-06-22 04:00:00,1174498,drift,"[0, 387, 388, 390]",,,,Manhattan
2016-06-22 04:00:00,1174498,promotion,"[0, 387, 388, 391]",,391.0,390.0,Manhattan
2016-06-22 06:00:00,1174626,warning,"[0, 387, 388, 391]",392.0,,,Manhattan
2016-06-22 11:00:00,21874,warning,"[0, 102, 103, 111]",112.0,,,Queens
2016-06-22 11:00:00,16858,drift,"[0, 65, 66, 70]",,,,Brooklyn
2016-06-22 11:00:00,16858,promotion,"[0, 65, 66, 71]",,71.0,70.0,Brooklyn
2016-06-22 13:00:00,177098,drift,"[0, 434, 435, 438]",,,,Global
2016-06-22 13:00:00,177098,promotion,"[0, 434, 435, 439]",,439.0,438.0,Global
2016-06-22 14:00:00,177162,warning,"[0, 434, 435, 439]",440.0,,,Global
2016-06-22 14:00:00,1177498,drift,"[0, 387, 388, 391]",,,,Manhattan
2016-06-22 14:00:00,1177498,promotion,"[0, 387, 391, 392]",,392.0,388.0,Manhattan
2016-06-22 15:00:00,1177594,warning,"[0, 387, 391, 392]",393.0,,,Manhattan
2016-06-22 17:00:00,21898,drift,"[0, 102, 103, 111]",,,,Queens
2016-06-22 17:00:00,21898,promotion,"[0, 102, 103, 112]",,112.0,111.0,Queens
2016-06-22 21:00:00,177498,drift,"[0, 434, 435, 439]",,,,Global
2016-06-22 21:00:00,177498,promotion,"[0, 434, 435, 440]",,440.0,439.0,Global
2016-06-22 22:00:00,177562,warning,"[0, 434, 435, 440]",441.0,,,Global
2016-06-22 23:00:00,1180498,drift,"[0, 387, 391, 392]",,,,Manhattan
2016-06-22 23:00:00,1180498,promotion,"[0, 391, 392, 393]",,393.0,387.0,Manhattan
2016-06-22 23:00:00,1180530,warning,"[0, 391, 392, 393]",394.0,,,Manhattan
2016-06-23 04:00:00,21962,warning,"[0, 102, 103, 112]",113.0,,,Queens
2016-06-23 05:00:00,16922,warning,"[0, 65, 66, 71]",72.0,,,Brooklyn
2016-06-23 07:00:00,177898,drift,"[0, 434, 435, 440]",,,,Global
2016-06-23 07:00:00,177898,promotion,"[0, 434, 440, 441]",,441.0,435.0,Global
2016-06-23 08:00:00,21988,drift,"[0, 102, 103, 112]",,,,Queens
2016-06-23 08:00:00,21988,promotion,"[0, 102, 112, 113]",,113.0,103.0,Queens
2016-06-23 10:00:00,177994,warning,"[0, 434, 440, 441]",442.0,,,Global
2016-06-23 12:00:00,1183498,drift,"[0, 391, 392, 393]",,,,Manhattan
2016-06-23 12:00:00,1183498,promotion,"[0, 391, 392, 394]",,394.0,393.0,Manhattan
2016-06-23 13:00:00,1183722,warning,"[0, 391, 392, 394]",395.0,,,Manhattan
2016-06-23 17:00:00,178298,drift,"[0, 434, 440, 441]",,,,Global
2016-06-23 17:00:00,178298,promotion,"[0, 434, 440, 442]",,442.0,441.0,Global
2016-06-23 18:00:00,178362,warning,"[0, 434, 440, 442]",443.0,,,Global
2016-06-23 20:00:00,16958,drift,"[0, 65, 66, 71]",,,,Brooklyn
2016-06-23 20:00:00,16958,promotion,"[0, 65, 71, 72]",,72.0,66.0,Brooklyn
2016-06-23 21:00:00,1186498,drift,"[0, 391, 392, 394]",,,,Manhattan
2016-06-23 21:00:00,1186498,promotion,"[0, 391, 392, 395]",,395.0,394.0,Manhattan
2016-06-23 21:00:00,1186818,warning,"[0, 391, 392, 395]",396.0,,,Manhattan
2016-06-23 23:00:00,178698,drift,"[0, 434, 440, 442]",,,,Global
2016-06-23 23:00:00,178698,promotion,"[0, 434, 440, 443]",,443.0,442.0,Global
2016-06-24 00:00:00,178730,warning,"[0, 434, 440, 443]",444.0,,,Global
2016-06-24 00:00:00,22084,warning,"[0, 102, 112, 113]",114.0,,,Queens
2016-06-24 09:00:00,1189498,drift,"[0, 391, 392, 395]",,,,Manhattan
2016-06-24 09:00:00,1189498,promotion,"[0, 391, 395, 396]",,396.0,392.0,Manhattan
2016-06-24 10:00:00,1189658,warning,"[0, 391, 395, 396]",397.0,,,Manhattan
2016-06-24 10:00:00,179098,drift,"[0, 434, 440, 443]",,,,Global
2016-06-24 10:00:00,179098,promotion,"[0, 434, 440, 444]",,444.0,443.0,Global
2016-06-24 11:00:00,179162,warning,"[0, 434, 440, 444]",445.0,,,Global
2016-06-24 18:00:00,17054,warning,"[0, 65, 71, 72]",73.0,,,Brooklyn
2016-06-24 18:00:00,1192498,drift,"[0, 391, 395, 396]",,,,Manhattan
2016-06-24 18:00:00,1192498,promotion,"[0, 391, 395, 397]",,397.0,396.0,Manhattan
2016-06-24 19:00:00,1192594,warning,"[0, 391, 395, 397]",398.0,,,Manhattan
2016-06-24 19:00:00,179498,drift,"[0, 434, 440, 444]",,,,Global
2016-06-24 19:00:00,179498,promotion,"[0, 434, 444, 445]",,445.0,440.0,Global
2016-06-24 20:00:00,179562,warning,"[0, 434, 444, 445]",446.0,,,Global
2016-06-25 01:00:00,179898,drift,"[0, 434, 444, 445]",,,,Global
2016-06-25 01:00:00,179898,promotion,"[0, 434, 445, 446]",,446.0,444.0,Global
2016-06-25 02:00:00,179930,warning,"[0, 434, 445, 446]",447.0,,,Global
2016-06-25 03:00:00,1195498,drift,"[0, 391, 395, 397]",,,,Manhattan
2016-06-25 03:00:00,1195498,promotion,"[0, 391, 395, 398]",,398.0,397.0,Manhattan
2016-06-25 03:00:00,1195562,warning,"[0, 391, 395, 398]",399.0,,,Manhattan
2016-06-25 08:00:00,17158,drift,"[0, 65, 71, 72]",,,,Brooklyn
2016-06-25 08:00:00,17158,promotion,"[0, 71, 72, 73]",,73.0,65.0,Brooklyn
2016-06-25 11:00:00,22288,drift,"[0, 102, 112, 113]",,,,Queens
2016-06-25 11:00:00,22288,promotion,"[0, 112, 113, 114]",,114.0,102.0,Queens
2016-06-25 13:00:00,180298,drift,"[0, 434, 445, 446]",,,,Global
2016-06-25 13:00:00,180298,promotion,"[0, 434, 445, 447]",,447.0,446.0,Global
2016-06-25 14:00:00,180362,warning,"[0, 434, 445, 447]",448.0,,,Global
2016-06-25 16:00:00,1198498,drift,"[0, 391, 395, 398]",,,,Manhattan
2016-06-25 16:00:00,1198498,promotion,"[0, 391, 395, 399]",,399.0,398.0,Manhattan
2016-06-25 16:00:00,1198626,warning,"[0, 391, 395, 399]",400.0,,,Manhattan
2016-06-25 22:00:00,180698,drift,"[0, 434, 445, 447]",,,,Global
2016-06-25 22:00:00,180698,promotion,"[0, 434, 447, 448]",,448.0,445.0,Global
2016-06-26 00:00:00,1201498,drift,"[0, 391, 395, 399]",,,,Manhattan
2016-06-26 00:00:00,1201498,promotion,"[0, 391, 399, 400]",,400.0,395.0,Manhattan
2016-06-26 00:00:00,1201594,warning,"[0, 391, 399, 400]",401.0,,,Manhattan
2016-06-26 00:00:00,180826,warning,"[0, 434, 447, 448]",449.0,,,Global
2016-06-26 05:00:00,181098,drift,"[0, 434, 447, 448]",,,,Global
2016-06-26 05:00:00,181098,promotion,"[0, 447, 448, 449]",,449.0,434.0,Global
2016-06-26 10:00:00,181226,warning,"[0, 447, 448, 449]",450.0,,,Global
2016-06-26 14:00:00,1204498,drift,"[0, 391, 399, 400]",,,,Manhattan
2016-06-26 14:00:00,1204498,promotion,"[0, 399, 400, 401]",,401.0,391.0,Manhattan
2016-06-26 14:00:00,1204626,warning,"[0, 399, 400, 401]",402.0,,,Manhattan
2016-06-26 15:00:00,17318,warning,"[0, 71, 72, 73]",74.0,,,Brooklyn
2016-06-26 16:00:00,22468,drift,"[0, 112, 113, 114]",,,,Queens
2016-06-26 16:00:00,181498,drift,"[0, 447, 448, 449]",,,,Global
2016-06-26 16:00:00,181498,promotion,"[0, 447, 448, 450]",,450.0,449.0,Global
2016-06-26 17:00:00,181562,warning,"[0, 447, 448, 450]",451.0,,,Global
2016-06-26 22:00:00,17358,drift,"[0, 71, 72, 73]",,,,Brooklyn
2016-06-26 22:00:00,17358,promotion,"[0, 71, 73, 74]",,74.0,72.0,Brooklyn
2016-06-26 23:00:00,181898,drift,"[0, 447, 448, 450]",,,,Global
2016-06-26 23:00:00,181898,promotion,"[0, 447, 448, 451]",,451.0,450.0,Global
2016-06-27 00:00:00,22532,warning,"[0, 112, 113, 114]",115.0,,,Queens
2016-06-27 00:00:00,181962,warning,"[0, 447, 448, 451]",452.0,,,Global
2016-06-27 05:00:00,1207498,drift,"[0, 399, 400, 401]",,,,Manhattan
2016-06-27 05:00:00,1207498,promotion,"[0, 400, 401, 402]",,402.0,399.0,Manhattan
2016-06-27 06:00:00,1207530,warning,"[0, 400, 401, 402]",403.0,,,Manhattan
2016-06-27 11:00:00,182298,drift,"[0, 447, 448, 451]",,,,Global
2016-06-27 11:00:00,182298,promotion,"[0, 448, 451, 452]",,452.0,447.0,Global
2016-06-27 12:00:00,22588,drift,"[0, 112, 113, 114]",,,,Queens
2016-06-27 12:00:00,22588,promotion,"[0, 112, 113, 115]",,115.0,114.0,Queens
2016-06-27 13:00:00,182394,warning,"[0, 448, 451, 452]",453.0,,,Global
2016-06-27 16:00:00,1210498,drift,"[0, 400, 401, 402]",,,,Manhattan
2016-06-27 16:00:00,1210498,promotion,"[0, 401, 402, 403]",,403.0,400.0,Manhattan
2016-06-27 16:00:00,1210530,warning,"[0, 401, 402, 403]",404.0,,,Manhattan
2016-06-27 20:00:00,182698,drift,"[0, 448, 451, 452]",,,,Global
2016-06-27 20:00:00,182698,promotion,"[0, 448, 451, 453]",,453.0,452.0,Global
2016-06-27 22:00:00,182826,warning,"[0, 448, 451, 453]",454.0,,,Global
2016-06-27 23:00:00,22652,warning,"[0, 112, 113, 115]",116.0,,,Queens
2016-06-28 05:00:00,1213498,drift,"[0, 401, 402, 403]",,,,Manhattan
2016-06-28 05:00:00,1213498,promotion,"[0, 402, 403, 404]",,404.0,401.0,Manhattan
2016-06-28 06:00:00,1213594,warning,"[0, 402, 403, 404]",405.0,,,Manhattan
2016-06-28 08:00:00,183098,drift,"[0, 448, 451, 453]",,,,Global
2016-06-28 08:00:00,183098,promotion,"[0, 451, 453, 454]",,454.0,448.0,Global
2016-06-28 12:00:00,183226,warning,"[0, 451, 453, 454]",455.0,,,Global
2016-06-28 15:00:00,1216498,drift,"[0, 402, 403, 404]",,,,Manhattan
2016-06-28 15:00:00,1216498,promotion,"[0, 402, 403, 405]",,405.0,404.0,Manhattan
2016-06-28 16:00:00,1216722,warning,"[0, 402, 403, 405]",406.0,,,Manhattan
2016-06-28 20:00:00,183498,drift,"[0, 451, 453, 454]",,,,Global
2016-06-28 20:00:00,183498,promotion,"[0, 453, 454, 455]",,455.0,451.0,Global
2016-06-28 22:00:00,183594,warning,"[0, 453, 454, 455]",456.0,,,Global
2016-06-29 00:00:00,1219498,drift,"[0, 402, 403, 405]",,,,Manhattan
2016-06-29 00:00:00,1219498,promotion,"[0, 402, 403, 406]",,406.0,405.0,Manhattan
2016-06-29 01:00:00,1219594,warning,"[0, 402, 403, 406]",407.0,,,Manhattan
2016-06-29 04:00:00,22798,drift,"[0, 112, 113, 115]",,,,Queens
2016-06-29 04:00:00,22798,promotion,"[0, 112, 115, 116]",,116.0,113.0,Queens
2016-06-29 06:00:00,183898,drift,"[0, 453, 454, 455]",,,,Global
2016-06-29 06:00:00,183898,promotion,"[0, 453, 454, 456]",,456.0,455.0,Global
2016-06-29 09:00:00,183994,warning,"[0, 453, 454, 456]",457.0,,,Global
2016-06-29 14:00:00,1222498,drift,"[0, 402, 403, 406]",,,,Manhattan
2016-06-29 14:00:00,1222498,promotion,"[0, 402, 403, 407]",,407.0,406.0,Manhattan
2016-06-29 14:00:00,1222594,warning,"[0, 402, 403, 407]",408.0,,,Manhattan
2016-06-29 17:00:00,184298,drift,"[0, 453, 454, 456]",,,,Global
2016-06-29 17:00:00,184298,promotion,"[0, 453, 454, 457]",,457.0,456.0,Global
2016-06-29 17:00:00,184330,warning,"[0, 453, 454, 457]",458.0,,,Global
2016-06-29 22:00:00,1225498,drift,"[0, 402, 403, 407]",,,,Manhattan
2016-06-29 22:00:00,1225498,promotion,"[0, 403, 407, 408]",,408.0,402.0,Manhattan
2016-06-29 22:00:00,1225594,warning,"[0, 403, 407, 408]",409.0,,,Manhattan
2016-06-29 23:00:00,22888,drift,"[0, 112, 115, 116]",,,,Queens
2016-06-30 00:00:00,184698,drift,"[0, 453, 454, 457]",,,,Global
2016-06-30 00:00:00,184698,promotion,"[0, 454, 457, 458]",,458.0,453.0,Global
2016-06-30 00:00:00,17582,warning,"[0, 71, 73, 74]",75.0,,,Brooklyn
2016-06-30 02:00:00,184762,warning,"[0, 454, 457, 458]",459.0,,,Global
2016-06-30 08:00:00,17598,drift,"[0, 71, 73, 74]",,,,Brooklyn
2016-06-30 08:00:00,17598,promotion,"[0, 73, 74, 75]",,75.0,71.0,Brooklyn
2016-06-30 10:00:00,22948,drift,"[0, 112, 115, 116]",,,,Queens
2016-06-30 12:00:00,1228498,drift,"[0, 403, 407, 408]",,,,Manhattan
2016-06-30 12:00:00,1228498,promotion,"[0, 407, 408, 409]",,409.0,403.0,Manhattan
2016-06-30 12:00:00,1228562,warning,"[0, 407, 408, 409]",410.0,,,Manhattan
2016-06-30 13:00:00,185098,drift,"[0, 454, 457, 458]",,,,Global
2016-06-30 13:00:00,185098,promotion,"[0, 454, 457, 459]",,459.0,458.0,Global
2016-06-30 15:00:00,185162,warning,"[0, 454, 457, 459]",460.0,,,Global
2016-06-30 19:00:00,23012,warning,"[0, 112, 115, 116]",117.0,,,Queens
2016-06-30 21:00:00,1231498,drift,"[0, 407, 408, 409]",,,,Manhattan
2016-06-30 21:00:00,1231498,promotion,"[0, 407, 408, 410]",,410.0,409.0,Manhattan
2016-06-30 21:00:00,185498,drift,"[0, 454, 457, 459]",,,,Global
2016-06-30 21:00:00,185498,promotion,"[0, 454, 457, 460]",,460.0,459.0,Global
2016-06-30 21:00:00,1231530,warning,"[0, 407, 408, 410]",411.0,,,Manhattan
2016-06-30 22:00:00,185562,warning,"[0, 454, 457, 460]",461.0,,,Global
