timestamp,n_seen,event_type,ensemble_ids,shadow_id,promoted_id,evicted_id,district
2025-01-05 14:00:00,1594,warning,[0],1.0,,,Global
2025-01-06 11:00:00,1898,drift,[0],,,,Global
2025-01-06 11:00:00,1898,promotion,"[0, 1]",,1.0,,Global
2025-01-07 09:00:00,2154,warning,"[0, 1]",2.0,,,Global
2025-01-07 17:00:00,2298,drift,"[0, 1]",,,,Global
2025-01-07 17:00:00,2298,promotion,"[0, 1, 2]",,2.0,,Global
2025-01-08 05:00:00,2394,warning,"[0, 1, 2]",3.0,,,Global
2025-01-08 11:00:00,1658,warning,[0],1.0,,,Left
2025-01-08 17:00:00,1720,drift,[0],,,,Left
2025-01-08 17:00:00,1720,promotion,"[0, 1]",,1.0,,Left
2025-01-08 21:00:00,2698,drift,"[0, 1, 2]",,,,Global
2025-01-08 21:00:00,2698,promotion,"[0, 1, 2, 3]",,3.0,,Global
2025-01-09 12:00:00,1880,warning,"[0, 1]",2.0,,,Left
2025-01-09 17:00:00,1942,drift,"[0, 1]",,,,Left
2025-01-09 17:00:00,1942,promotion,"[0, 1, 2]",,2.0,,Left
2025-01-09 17:00:00,2954,warning,"[0, 1, 2, 3]",4.0,,,Global
2025-01-10 07:00:00,3098,drift,"[0, 1, 2, 3]",,,,Global
2025-01-10 07:00:00,3098,promotion,"[0, 1, 2, 3, 4]",,4.0,,Global
2025-01-10 09:00:00,2102,warning,"[0, 1, 2]",3.0,,,Left
2025-01-10 10:00:00,3194,warning,"[0, 1, 2, 3, 4]",5.0,,,Global
2025-01-10 15:00:00,2164,drift,"[0, 1, 2]",,,,Left
2025-01-10 15:00:00,2164,promotion,"[0, 1, 2, 3]",,3.0,,Left
2025-01-11 02:00:00,3498,drift,"[0, 1, 2, 3, 4]",,,,Global
2025-01-11 02:00:00,3498,promotion,"[0, 1, 2, 3, 4, 5]",,5.0,,Global
2025-01-11 12:00:00,2356,warning,"[0, 1, 2, 3]",4.0,,,Left
2025-01-11 13:00:00,2386,drift,"[0, 1, 2, 3]",,,,Left
2025-01-11 13:00:00,2386,promotion,"[0, 1, 2, 3, 4]",,4.0,,Left
2025-01-11 15:00:00,3626,warning,"[0, 1, 2, 3, 4, 5]",6.0,,,Global
2025-01-12 03:00:00,1562,warning,[0],1.0,,,Right
2025-01-12 03:00:00,3898,drift,"[0, 1, 2, 3, 4, 5]",,,,Global
2025-01-12 03:00:00,3898,promotion,"[0, 1, 2, 3, 4, 5, 6]",,6.0,,Global
2025-01-12 03:00:00,2578,warning,"[0, 1, 2, 3, 4]",5.0,,,Left
2025-01-12 11:00:00,2608,drift,"[0, 1, 2, 3, 4]",,,,Left
2025-01-12 11:00:00,2608,promotion,"[0, 1, 2, 3, 4, 5]",,5.0,,Left
2025-01-12 13:00:00,3994,warning,"[0, 1, 2, 3, 4, 5, 6]",7.0,,,Global
2025-01-12 21:00:00,1638,drift,[0],,,,Right
2025-01-12 21:00:00,1638,promotion,"[0, 1]",,1.0,,Right
2025-01-12 22:00:00,2736,warning,"[0, 1, 2, 3, 4, 5]",6.0,,,Left
2025-01-13 10:00:00,2830,drift,"[0, 1, 2, 3, 4, 5]",,,,Left
2025-01-13 10:00:00,2830,promotion,"[0, 1, 2, 3, 4, 5, 6]",,6.0,,Left
2025-01-13 11:00:00,4298,drift,"[0, 1, 2, 3, 4, 5, 6]",,,,Global
2025-01-13 11:00:00,4298,promotion,"[0, 1, 2, 3, 4, 5, 6, 7]",,7.0,,Global
2025-01-13 17:00:00,4394,warning,"[0, 1, 2, 3, 4, 5, 6, 7]",8.0,,,Global
2025-01-13 18:00:00,2926,warning,"[0, 1, 2, 3, 4, 5, 6]",7.0,,,Left
2025-01-14 07:00:00,1798,warning,"[0, 1]",2.0,,,Right
2025-01-14 12:00:00,3052,drift,"[0, 1, 2, 3, 4, 5, 6]",,,,Left
2025-01-14 12:00:00,3052,promotion,"[0, 1, 2, 3, 4, 5, 6, 7]",,7.0,,Left
2025-01-14 15:00:00,4698,drift,"[0, 1, 2, 3, 4, 5, 6, 7]",,,,Global
2025-01-14 15:00:00,4698,promotion,"[0, 1, 2, 3, 5, 6, 7, 8]",,8.0,4.0,Global
2025-01-14 20:00:00,3148,warning,"[0, 1, 2, 3, 4, 5, 6, 7]",8.0,,,Left
2025-01-15 07:00:00,4858,warning,"[0, 1, 2, 3, 5, 6, 7, 8]",9.0,,,Global
2025-01-15 12:00:00,3274,drift,"[0, 1, 2, 3, 4, 5, 6, 7]",,,,Left
2025-01-15 12:00:00,3274,promotion,"[0, 1, 2, 3, 4, 5, 6, 8]",,8.0,7.0,Left
2025-01-15 19:00:00,5098,drift,"[0, 1, 2, 3, 5, 6, 7, 8]",,,,Global
2025-01-15 19:00:00,5098,promotion,"[0, 1, 3, 5, 6, 7, 8, 9]",,9.0,2.0,Global
2025-01-16 05:00:00,2058,drift,"[0, 1]",,,,Right
2025-01-16 05:00:00,2058,promotion,"[0, 1, 2]",,2.0,,Right
2025-01-16 08:00:00,5226,warning,"[0, 1, 3, 5, 6, 7, 8, 9]",10.0,,,Global
2025-01-16 09:00:00,3466,warning,"[0, 1, 2, 3, 4, 5, 6, 8]",9.0,,,Left
2025-01-16 20:00:00,2154,warning,"[0, 1, 2]",3.0,,,Right
2025-01-17 06:00:00,5498,drift,"[0, 1, 3, 5, 6, 7, 8, 9]",,,,Global
2025-01-17 06:00:00,5498,promotion,"[0, 1, 3, 5, 6, 7, 8, 10]",,10.0,9.0,Global
2025-01-17 12:00:00,5626,warning,"[0, 1, 3, 5, 6, 7, 8, 10]",11.0,,,Global
2025-01-18 01:00:00,5898,drift,"[0, 1, 3, 5, 6, 7, 8, 10]",,,,Global
2025-01-18 01:00:00,5898,promotion,"[0, 1, 3, 5, 6, 7, 8, 11]",,11.0,10.0,Global
2025-01-18 11:00:00,3940,drift,"[0, 1, 2, 3, 4, 5, 6, 8]",,,,Left
2025-01-18 11:00:00,3940,promotion,"[0, 1, 2, 3, 4, 5, 6, 9]",,9.0,8.0,Left
2025-01-18 16:00:00,6090,warning,"[0, 1, 3, 5, 6, 7, 8, 11]",12.0,,,Global
2025-01-18 22:00:00,4100,warning,"[0, 1, 2, 3, 4, 5, 6, 9]",10.0,,,Left
2025-01-19 00:00:00,6298,drift,"[0, 1, 3, 5, 6, 7, 8, 11]",,,,Global
2025-01-19 00:00:00,6298,promotion,"[0, 1, 3, 5, 6, 7, 8, 12]",,12.0,11.0,Global
2025-01-19 08:00:00,4162,drift,"[0, 1, 2, 3, 4, 5, 6, 9]",,,,Left
2025-01-19 08:00:00,4162,promotion,"[0, 1, 2, 4, 5, 6, 9, 10]",,10.0,3.0,Left
2025-01-19 15:00:00,6458,warning,"[0, 1, 3, 5, 6, 7, 8, 12]",13.0,,,Global
2025-01-20 03:00:00,4322,warning,"[0, 1, 2, 4, 5, 6, 9, 10]",11.0,,,Left
2025-01-20 07:00:00,2618,drift,"[0, 1, 2]",,,,Right
2025-01-20 07:00:00,2618,promotion,"[0, 1, 2, 3]",,3.0,,Right
2025-01-20 08:00:00,4384,drift,"[0, 1, 2, 4, 5, 6, 9, 10]",,,,Left
2025-01-20 08:00:00,4384,promotion,"[0, 1, 2, 4, 5, 6, 10, 11]",,11.0,9.0,Left
2025-01-21 05:00:00,4512,warning,"[0, 1, 2, 4, 5, 6, 10, 11]",12.0,,,Left
2025-01-21 11:00:00,7098,drift,"[0, 1, 3, 5, 6, 7, 8, 12]",,,,Global
2025-01-21 11:00:00,7098,promotion,"[0, 1, 3, 5, 6, 8, 12, 13]",,13.0,7.0,Global
2025-01-21 12:00:00,4606,drift,"[0, 1, 2, 4, 5, 6, 10, 11]",,,,Left
2025-01-21 12:00:00,4606,promotion,"[0, 1, 2, 4, 5, 6, 10, 12]",,12.0,11.0,Left
2025-01-21 19:00:00,7226,warning,"[0, 1, 3, 5, 6, 8, 12, 13]",14.0,,,Global
2025-01-22 08:00:00,2874,warning,"[0, 1, 2, 3]",4.0,,,Right
2025-01-22 08:00:00,4766,warning,"[0, 1, 2, 4, 5, 6, 10, 12]",13.0,,,Left
2025-01-22 12:00:00,2898,drift,"[0, 1, 2, 3]",,,,Right
2025-01-22 12:00:00,2898,promotion,"[0, 1, 2, 3, 4]",,4.0,,Right
2025-01-22 18:00:00,7498,drift,"[0, 1, 3, 5, 6, 8, 12, 13]",,,,Global
2025-01-22 18:00:00,7498,promotion,"[0, 1, 3, 5, 8, 12, 13, 14]",,14.0,6.0,Global
2025-01-23 02:00:00,7562,warning,"[0, 1, 3, 5, 8, 12, 13, 14]",15.0,,,Global
2025-01-23 15:00:00,5050,drift,"[0, 1, 2, 4, 5, 6, 10, 12]",,,,Left
2025-01-23 15:00:00,5050,promotion,"[0, 1, 2, 4, 5, 6, 10, 13]",,13.0,12.0,Left
2025-01-23 17:00:00,3058,warning,"[0, 1, 2, 3, 4]",5.0,,,Right
2025-01-24 05:00:00,7898,drift,"[0, 1, 3, 5, 8, 12, 13, 14]",,,,Global
2025-01-24 05:00:00,7898,promotion,"[0, 1, 3, 5, 8, 12, 13, 15]",,15.0,14.0,Global
2025-01-24 15:00:00,8090,warning,"[0, 1, 3, 5, 8, 12, 13, 15]",16.0,,,Global
2025-01-24 18:00:00,3178,drift,"[0, 1, 2, 3, 4]",,,,Right
2025-01-24 18:00:00,3178,promotion,"[0, 1, 2, 3, 4, 5]",,5.0,,Right
2025-01-25 01:00:00,5434,warning,"[0, 1, 2, 4, 5, 6, 10, 13]",14.0,,,Left
2025-01-25 03:00:00,8298,drift,"[0, 1, 3, 5, 8, 12, 13, 15]",,,,Global
2025-01-25 03:00:00,8298,promotion,"[0, 1, 3, 5, 8, 12, 13, 16]",,16.0,15.0,Global
2025-01-25 11:00:00,5494,drift,"[0, 1, 2, 4, 5, 6, 10, 13]",,,,Left
2025-01-25 11:00:00,5494,promotion,"[0, 1, 2, 4, 5, 6, 10, 14]",,14.0,13.0,Left
2025-01-25 16:00:00,8458,warning,"[0, 1, 3, 5, 8, 12, 13, 16]",17.0,,,Global
2025-01-25 18:00:00,3306,warning,"[0, 1, 2, 3, 4, 5]",6.0,,,Right
2025-01-26 02:00:00,5686,warning,"[0, 1, 2, 4, 5, 6, 10, 14]",15.0,,,Left
2025-01-26 04:00:00,8698,drift,"[0, 1, 3, 5, 8, 12, 13, 16]",,,,Global
2025-01-26 04:00:00,8698,promotion,"[0, 1, 3, 8, 12, 13, 16, 17]",,17.0,5.0,Global
2025-01-26 19:00:00,8858,warning,"[0, 1, 3, 8, 12, 13, 16, 17]",18.0,,,Global
2025-01-27 08:00:00,5938,drift,"[0, 1, 2, 4, 5, 6, 10, 14]",,,,Left
2025-01-27 08:00:00,5938,promotion,"[0, 1, 2, 4, 5, 6, 10, 15]",,15.0,14.0,Left
2025-01-27 11:00:00,9098,drift,"[0, 1, 3, 8, 12, 13, 16, 17]",,,,Global
2025-01-27 11:00:00,9098,promotion,"[0, 1, 3, 8, 12, 13, 17, 18]",,18.0,16.0,Global
2025-01-27 17:00:00,9194,warning,"[0, 1, 3, 8, 12, 13, 17, 18]",19.0,,,Global
2025-01-27 18:00:00,3598,drift,"[0, 1, 2, 3, 4, 5]",,,,Right
2025-01-27 18:00:00,3598,promotion,"[0, 1, 2, 3, 4, 5, 6]",,6.0,,Right
2025-01-27 21:00:00,6066,warning,"[0, 1, 2, 4, 5, 6, 10, 15]",16.0,,,Left
2025-01-28 10:00:00,6160,drift,"[0, 1, 2, 4, 5, 6, 10, 15]",,,,Left
2025-01-28 10:00:00,6160,promotion,"[0, 1, 2, 4, 5, 6, 10, 16]",,16.0,15.0,Left
2025-01-28 15:00:00,9498,drift,"[0, 1, 3, 8, 12, 13, 17, 18]",,,,Global
2025-01-28 15:00:00,9498,promotion,"[0, 1, 3, 8, 12, 13, 17, 19]",,19.0,18.0,Global
2025-01-29 08:00:00,9722,warning,"[0, 1, 3, 8, 12, 13, 17, 19]",20.0,,,Global
2025-01-29 10:00:00,6352,warning,"[0, 1, 2, 4, 5, 6, 10, 16]",17.0,,,Left
2025-01-29 16:00:00,3822,warning,"[0, 1, 2, 3, 4, 5, 6]",7.0,,,Right
2025-01-29 17:00:00,9898,drift,"[0, 1, 3, 8, 12, 13, 17, 19]",,,,Global
2025-01-29 17:00:00,9898,promotion,"[0, 1, 3, 8, 12, 13, 17, 20]",,20.0,19.0,Global
2025-01-30 01:00:00,3878,drift,"[0, 1, 2, 3, 4, 5, 6]",,,,Right
2025-01-30 01:00:00,3878,promotion,"[0, 1, 2, 3, 4, 5, 6, 7]",,7.0,,Right
2025-01-30 10:00:00,10122,warning,"[0, 1, 3, 8, 12, 13, 17, 20]",21.0,,,Global
2025-01-30 13:00:00,6604,drift,"[0, 1, 2, 4, 5, 6, 10, 16]",,,,Left
2025-01-30 13:00:00,6604,promotion,"[0, 1, 2, 4, 5, 6, 10, 17]",,17.0,16.0,Left
2025-01-30 20:00:00,10298,drift,"[0, 1, 3, 8, 12, 13, 17, 20]",,,,Global
2025-01-30 20:00:00,10298,promotion,"[0, 1, 3, 8, 12, 13, 17, 21]",,21.0,20.0,Global
2025-01-31 07:00:00,6764,warning,"[0, 1, 2, 4, 5, 6, 10, 17]",18.0,,,Left
2025-01-31 13:00:00,4070,warning,"[0, 1, 2, 3, 4, 5, 6, 7]",8.0,,,Right
2025-01-31 14:00:00,10522,warning,"[0, 1, 3, 8, 12, 13, 17, 21]",22.0,,,Global
2025-02-01 00:00:00,4158,drift,"[0, 1, 2, 3, 4, 5, 6, 7]",,,,Right
2025-02-01 00:00:00,4158,promotion,"[0, 1, 2, 3, 4, 5, 6, 8]",,8.0,7.0,Right
2025-02-01 00:00:00,10698,drift,"[0, 1, 3, 8, 12, 13, 17, 21]",,,,Global
2025-02-01 00:00:00,10698,promotion,"[0, 1, 3, 8, 12, 13, 17, 22]",,22.0,21.0,Global
2025-02-01 10:00:00,10794,warning,"[0, 1, 3, 8, 12, 13, 17, 22]",23.0,,,Global
2025-02-01 11:00:00,7048,drift,"[0, 1, 2, 4, 5, 6, 10, 17]",,,,Left
2025-02-01 11:00:00,7048,promotion,"[0, 1, 2, 4, 5, 6, 10, 18]",,18.0,17.0,Left
2025-02-01 22:00:00,7208,warning,"[0, 1, 2, 4, 5, 6, 10, 18]",19.0,,,Left
2025-02-01 23:00:00,4318,warning,"[0, 1, 2, 3, 4, 5, 6, 8]",9.0,,,Right
2025-02-02 01:00:00,11098,drift,"[0, 1, 3, 8, 12, 13, 17, 22]",,,,Global
2025-02-02 01:00:00,11098,promotion,"[0, 1, 3, 8, 12, 13, 17, 23]",,23.0,22.0,Global
2025-02-02 04:00:00,7270,drift,"[0, 1, 2, 4, 5, 6, 10, 18]",,,,Left
2025-02-02 04:00:00,7270,promotion,"[0, 1, 2, 4, 5, 6, 10, 19]",,19.0,18.0,Left
2025-02-02 13:00:00,11226,warning,"[0, 1, 3, 8, 12, 13, 17, 23]",24.0,,,Global
2025-02-02 22:00:00,7430,warning,"[0, 1, 2, 4, 5, 6, 10, 19]",20.0,,,Left
2025-02-02 22:00:00,4438,drift,"[0, 1, 2, 3, 4, 5, 6, 8]",,,,Right
2025-02-02 22:00:00,4438,promotion,"[0, 1, 2, 3, 4, 5, 8, 9]",,9.0,6.0,Right
2025-02-03 07:00:00,7492,drift,"[0, 1, 2, 4, 5, 6, 10, 19]",,,,Left
2025-02-03 07:00:00,7492,promotion,"[0, 1, 2, 5, 6, 10, 19, 20]",,20.0,4.0,Left
2025-02-03 08:00:00,11498,drift,"[0, 1, 3, 8, 12, 13, 17, 23]",,,,Global
2025-02-03 08:00:00,11498,promotion,"[0, 1, 8, 12, 13, 17, 23, 24]",,24.0,3.0,Global
2025-02-03 14:00:00,11594,warning,"[0, 1, 8, 12, 13, 17, 23, 24]",25.0,,,Global
2025-02-03 21:00:00,7652,warning,"[0, 1, 2, 5, 6, 10, 19, 20]",21.0,,,Left
2025-02-04 08:00:00,7714,drift,"[0, 1, 2, 5, 6, 10, 19, 20]",,,,Left
2025-02-04 08:00:00,7714,promotion,"[0, 1, 2, 5, 6, 10, 19, 21]",,21.0,20.0,Left
2025-02-04 12:00:00,4630,warning,"[0, 1, 2, 3, 4, 5, 8, 9]",10.0,,,Right
2025-02-04 13:00:00,11898,drift,"[0, 1, 8, 12, 13, 17, 23, 24]",,,,Global
2025-02-04 13:00:00,11898,promotion,"[0, 1, 8, 12, 13, 17, 23, 25]",,25.0,24.0,Global
2025-02-04 21:00:00,7842,warning,"[0, 1, 2, 5, 6, 10, 19, 21]",22.0,,,Left
2025-02-05 06:00:00,12058,warning,"[0, 1, 8, 12, 13, 17, 23, 25]",26.0,,,Global
2025-02-05 09:00:00,7936,drift,"[0, 1, 2, 5, 6, 10, 19, 21]",,,,Left
2025-02-05 09:00:00,7936,promotion,"[0, 1, 2, 5, 6, 10, 19, 22]",,22.0,21.0,Left
2025-02-05 18:00:00,12298,drift,"[0, 1, 8, 12, 13, 17, 23, 25]",,,,Global
2025-02-05 18:00:00,12298,promotion,"[0, 1, 8, 12, 13, 17, 23, 26]",,26.0,25.0,Global
2025-02-06 06:00:00,12426,warning,"[0, 1, 8, 12, 13, 17, 23, 26]",27.0,,,Global
2025-02-06 08:00:00,8128,warning,"[0, 1, 2, 5, 6, 10, 19, 22]",23.0,,,Left
2025-02-06 20:00:00,12698,drift,"[0, 1, 8, 12, 13, 17, 23, 26]",,,,Global
2025-02-06 20:00:00,12698,promotion,"[0, 1, 8, 12, 13, 17, 23, 27]",,27.0,26.0,Global
2025-02-07 08:00:00,12826,warning,"[0, 1, 8, 12, 13, 17, 23, 27]",28.0,,,Global
2025-02-07 09:00:00,4998,drift,"[0, 1, 2, 3, 4, 5, 8, 9]",,,,Right
2025-02-07 09:00:00,4998,promotion,"[0, 1, 2, 3, 4, 5, 8, 10]",,10.0,9.0,Right
2025-02-07 10:00:00,8380,drift,"[0, 1, 2, 5, 6, 10, 19, 22]",,,,Left
2025-02-07 10:00:00,8380,promotion,"[0, 1, 2, 5, 6, 10, 19, 23]",,23.0,22.0,Left
2025-02-07 19:00:00,13098,drift,"[0, 1, 8, 12, 13, 17, 23, 27]",,,,Global
2025-02-07 19:00:00,13098,promotion,"[0, 1, 8, 12, 13, 17, 23, 28]",,28.0,27.0,Global
2025-02-08 00:00:00,13162,warning,"[0, 1, 8, 12, 13, 17, 23, 28]",29.0,,,Global
2025-02-08 02:00:00,8572,warning,"[0, 1, 2, 5, 6, 10, 19, 23]",24.0,,,Left
2025-02-08 10:00:00,8602,drift,"[0, 1, 2, 5, 6, 10, 19, 23]",,,,Left
2025-02-08 10:00:00,8602,promotion,"[0, 1, 2, 5, 6, 10, 19, 24]",,24.0,23.0,Left
2025-02-08 12:00:00,5158,warning,"[0, 1, 2, 3, 4, 5, 8, 10]",11.0,,,Right
2025-02-08 21:00:00,13498,drift,"[0, 1, 8, 12, 13, 17, 23, 28]",,,,Global
2025-02-08 21:00:00,13498,promotion,"[0, 1, 8, 12, 13, 17, 23, 29]",,29.0,28.0,Global
2025-02-08 22:00:00,8762,warning,"[0, 1, 2, 5, 6, 10, 19, 24]",25.0,,,Left
2025-02-09 00:00:00,13594,warning,"[0, 1, 8, 12, 13, 17, 23, 29]",30.0,,,Global
2025-02-09 02:00:00,8824,drift,"[0, 1, 2, 5, 6, 10, 19, 24]",,,,Left
2025-02-09 02:00:00,8824,promotion,"[0, 1, 2, 5, 6, 10, 24, 25]",,25.0,19.0,Left
2025-02-09 19:00:00,8952,warning,"[0, 1, 2, 5, 6, 10, 24, 25]",26.0,,,Left
2025-02-10 05:00:00,13898,drift,"[0, 1, 8, 12, 13, 17, 23, 29]",,,,Global
2025-02-10 05:00:00,13898,promotion,"[0, 8, 12, 13, 17, 23, 29, 30]",,30.0,1.0,Global
2025-02-10 06:00:00,9046,drift,"[0, 1, 2, 5, 6, 10, 24, 25]",,,,Left
2025-02-10 06:00:00,9046,promotion,"[0, 1, 2, 6, 10, 24, 25, 26]",,26.0,5.0,Left
2025-02-10 08:00:00,13962,warning,"[0, 8, 12, 13, 17, 23, 29, 30]",31.0,,,Global
2025-02-10 14:00:00,9142,warning,"[0, 1, 2, 6, 10, 24, 25, 26]",27.0,,,Left
2025-02-11 07:00:00,5558,drift,"[0, 1, 2, 3, 4, 5, 8, 10]",,,,Right
2025-02-11 07:00:00,5558,promotion,"[0, 1, 2, 3, 4, 5, 8, 11]",,11.0,10.0,Right
2025-02-11 07:00:00,9268,drift,"[0, 1, 2, 6, 10, 24, 25, 26]",,,,Left
2025-02-11 07:00:00,9268,promotion,"[0, 1, 2, 6, 10, 24, 25, 27]",,27.0,26.0,Left
2025-02-11 08:00:00,14298,drift,"[0, 8, 12, 13, 17, 23, 29, 30]",,,,Global
2025-02-11 08:00:00,14298,promotion,"[0, 8, 12, 13, 17, 23, 29, 31]",,31.0,30.0,Global
2025-02-11 13:00:00,14394,warning,"[0, 8, 12, 13, 17, 23, 29, 31]",32.0,,,Global
2025-02-11 15:00:00,9364,warning,"[0, 1, 2, 6, 10, 24, 25, 27]",28.0,,,Left
2025-02-12 09:00:00,9490,drift,"[0, 1, 2, 6, 10, 24, 25, 27]",,,,Left
2025-02-12 09:00:00,9490,promotion,"[0, 1, 2, 6, 10, 24, 25, 28]",,28.0,27.0,Left
2025-02-12 11:00:00,14698,drift,"[0, 8, 12, 13, 17, 23, 29, 31]",,,,Global
2025-02-12 11:00:00,14698,promotion,"[0, 8, 12, 13, 17, 23, 29, 32]",,32.0,31.0,Global
2025-02-12 11:00:00,5718,warning,"[0, 1, 2, 3, 4, 5, 8, 11]",12.0,,,Right
2025-02-12 18:00:00,14826,warning,"[0, 8, 12, 13, 17, 23, 29, 32]",33.0,,,Global
2025-02-13 08:00:00,9682,warning,"[0, 1, 2, 6, 10, 24, 25, 28]",29.0,,,Left
2025-02-13 09:00:00,5838,drift,"[0, 1, 2, 3, 4, 5, 8, 11]",,,,Right
2025-02-13 09:00:00,5838,promotion,"[0, 1, 2, 3, 4, 5, 8, 12]",,12.0,11.0,Right
2025-02-13 15:00:00,15098,drift,"[0, 8, 12, 13, 17, 23, 29, 32]",,,,Global
2025-02-13 15:00:00,15098,promotion,"[0, 8, 12, 13, 17, 23, 29, 33]",,33.0,32.0,Global
2025-02-13 23:00:00,5934,warning,"[0, 1, 2, 3, 4, 5, 8, 12]",13.0,,,Right
2025-02-14 07:00:00,15290,warning,"[0, 8, 12, 13, 17, 23, 29, 33]",34.0,,,Global
2025-02-14 16:00:00,15498,drift,"[0, 8, 12, 13, 17, 23, 29, 33]",,,,Global
2025-02-14 16:00:00,15498,promotion,"[0, 8, 12, 13, 17, 23, 29, 34]",,34.0,33.0,Global
2025-02-15 01:00:00,6118,drift,"[0, 1, 2, 3, 4, 5, 8, 12]",,,,Right
2025-02-15 01:00:00,6118,promotion,"[0, 1, 2, 3, 4, 5, 8, 13]",,13.0,12.0,Right
2025-02-15 03:00:00,10156,drift,"[0, 1, 2, 6, 10, 24, 25, 28]",,,,Left
2025-02-15 03:00:00,10156,promotion,"[0, 1, 2, 6, 10, 24, 28, 29]",,29.0,25.0,Left
2025-02-15 15:00:00,15850,warning,"[0, 8, 12, 13, 17, 23, 29, 34]",35.0,,,Global
2025-02-15 17:00:00,15898,drift,"[0, 8, 12, 13, 17, 23, 29, 34]",,,,Global
2025-02-15 17:00:00,15898,promotion,"[0, 8, 12, 13, 17, 23, 29, 35]",,35.0,34.0,Global
2025-02-15 17:00:00,10284,warning,"[0, 1, 2, 6, 10, 24, 28, 29]",30.0,,,Left
2025-02-15 22:00:00,16058,warning,"[0, 8, 12, 13, 17, 23, 29, 35]",36.0,,,Global
2025-02-15 22:00:00,10378,drift,"[0, 1, 2, 6, 10, 24, 28, 29]",,,,Left
2025-02-15 22:00:00,10378,promotion,"[0, 1, 2, 6, 10, 28, 29, 30]",,30.0,24.0,Left
2025-02-16 01:00:00,6278,warning,"[0, 1, 2, 3, 4, 5, 8, 13]",14.0,,,Right
2025-02-16 04:00:00,10442,warning,"[0, 1, 2, 6, 10, 28, 29, 30]",31.0,,,Left
2025-02-16 17:00:00,16298,drift,"[0, 8, 12, 13, 17, 23, 29, 35]",,,,Global
2025-02-16 17:00:00,16298,promotion,"[0, 12, 13, 17, 23, 29, 35, 36]",,36.0,8.0,Global
2025-02-16 22:00:00,10600,drift,"[0, 1, 2, 6, 10, 28, 29, 30]",,,,Left
2025-02-16 22:00:00,10600,promotion,"[0, 1, 2, 6, 10, 29, 30, 31]",,31.0,28.0,Left
2025-02-16 22:00:00,16426,warning,"[0, 12, 13, 17, 23, 29, 35, 36]",37.0,,,Global
2025-02-16 22:00:00,6398,drift,"[0, 1, 2, 3, 4, 5, 8, 13]",,,,Right
2025-02-16 22:00:00,6398,promotion,"[0, 1, 2, 3, 4, 5, 8, 14]",,14.0,13.0,Right
2025-02-17 18:00:00,16698,drift,"[0, 12, 13, 17, 23, 29, 35, 36]",,,,Global
2025-02-17 18:00:00,16698,promotion,"[0, 13, 17, 23, 29, 35, 36, 37]",,37.0,12.0,Global
2025-02-17 19:00:00,10792,warning,"[0, 1, 2, 6, 10, 29, 30, 31]",32.0,,,Left
2025-02-17 22:00:00,6526,warning,"[0, 1, 2, 3, 4, 5, 8, 14]",15.0,,,Right
2025-02-18 07:00:00,16794,warning,"[0, 13, 17, 23, 29, 35, 36, 37]",38.0,,,Global
2025-02-19 06:00:00,17098,drift,"[0, 13, 17, 23, 29, 35, 36, 37]",,,,Global
2025-02-19 06:00:00,17098,promotion,"[0, 13, 17, 23, 29, 35, 36, 38]",,38.0,37.0,Global
2025-02-19 07:00:00,6678,drift,"[0, 1, 2, 3, 4, 5, 8, 14]",,,,Right
2025-02-19 07:00:00,6678,promotion,"[0, 1, 2, 3, 4, 5, 8, 15]",,15.0,14.0,Right
2025-02-19 08:00:00,11044,drift,"[0, 1, 2, 6, 10, 29, 30, 31]",,,,Left
2025-02-19 08:00:00,11044,promotion,"[0, 1, 2, 6, 10, 29, 30, 32]",,32.0,31.0,Left
2025-02-19 09:00:00,17194,warning,"[0, 13, 17, 23, 29, 35, 36, 38]",39.0,,,Global
2025-02-20 04:00:00,6806,warning,"[0, 1, 2, 3, 4, 5, 8, 15]",16.0,,,Right
2025-02-20 06:00:00,11236,warning,"[0, 1, 2, 6, 10, 29, 30, 32]",33.0,,,Left
2025-02-20 07:00:00,6818,drift,"[0, 1, 2, 3, 4, 5, 8, 15]",,,,Right
2025-02-20 07:00:00,6818,promotion,"[0, 1, 2, 3, 4, 5, 8, 16]",,16.0,15.0,Right
2025-02-20 08:00:00,17498,drift,"[0, 13, 17, 23, 29, 35, 36, 38]",,,,Global
2025-02-20 08:00:00,17498,promotion,"[0, 13, 17, 23, 29, 35, 36, 39]",,39.0,38.0,Global
2025-02-20 16:00:00,17658,warning,"[0, 13, 17, 23, 29, 35, 36, 39]",40.0,,,Global
2025-02-21 05:00:00,6946,warning,"[0, 1, 2, 3, 4, 5, 8, 16]",17.0,,,Right
2025-02-21 07:00:00,11488,drift,"[0, 1, 2, 6, 10, 29, 30, 32]",,,,Left
2025-02-21 07:00:00,11488,promotion,"[0, 1, 2, 6, 10, 29, 30, 33]",,33.0,32.0,Left
2025-02-21 09:00:00,17898,drift,"[0, 13, 17, 23, 29, 35, 36, 39]",,,,Global
2025-02-21 09:00:00,17898,promotion,"[0, 13, 17, 23, 29, 35, 36, 40]",,40.0,39.0,Global
2025-02-21 14:00:00,17994,warning,"[0, 13, 17, 23, 29, 35, 36, 40]",41.0,,,Global
2025-02-21 18:00:00,11680,warning,"[0, 1, 2, 6, 10, 29, 30, 33]",34.0,,,Left
2025-02-22 20:00:00,11932,drift,"[0, 1, 2, 6, 10, 29, 30, 33]",,,,Left
2025-02-22 20:00:00,11932,promotion,"[0, 1, 2, 6, 10, 29, 30, 34]",,34.0,33.0,Left
2025-02-22 22:00:00,7238,drift,"[0, 1, 2, 3, 4, 5, 8, 16]",,,,Right
2025-02-22 22:00:00,7238,promotion,"[0, 1, 2, 3, 4, 5, 8, 17]",,17.0,16.0,Right
2025-02-23 06:00:00,18698,drift,"[0, 13, 17, 23, 29, 35, 36, 40]",,,,Global
2025-02-23 06:00:00,18698,promotion,"[0, 13, 17, 23, 29, 35, 36, 41]",,41.0,40.0,Global
2025-02-23 09:00:00,12028,warning,"[0, 1, 2, 6, 10, 29, 30, 34]",35.0,,,Left
2025-02-23 16:00:00,18826,warning,"[0, 13, 17, 23, 29, 35, 36, 41]",42.0,,,Global
2025-02-23 19:00:00,7366,warning,"[0, 1, 2, 3, 4, 5, 8, 17]",18.0,,,Right
2025-02-23 20:00:00,12154,drift,"[0, 1, 2, 6, 10, 29, 30, 34]",,,,Left
2025-02-23 20:00:00,12154,promotion,"[0, 1, 2, 6, 10, 29, 34, 35]",,35.0,30.0,Left
2025-02-24 09:00:00,12282,warning,"[0, 1, 2, 6, 10, 29, 34, 35]",36.0,,,Left
2025-02-24 10:00:00,19098,drift,"[0, 13, 17, 23, 29, 35, 36, 41]",,,,Global
2025-02-24 10:00:00,19098,promotion,"[0, 13, 23, 29, 35, 36, 41, 42]",,42.0,17.0,Global
2025-02-24 17:00:00,12376,drift,"[0, 1, 2, 6, 10, 29, 34, 35]",,,,Left
2025-02-24 17:00:00,12376,promotion,"[0, 1, 2, 6, 10, 29, 34, 36]",,36.0,35.0,Left
2025-02-24 19:00:00,19226,warning,"[0, 13, 23, 29, 35, 36, 41, 42]",43.0,,,Global
2025-02-25 06:00:00,7518,drift,"[0, 1, 2, 3, 4, 5, 8, 17]",,,,Right
2025-02-25 06:00:00,7518,promotion,"[0, 1, 2, 3, 5, 8, 17, 18]",,18.0,4.0,Right
2025-02-25 10:00:00,12504,warning,"[0, 1, 2, 6, 10, 29, 34, 36]",37.0,,,Left
2025-02-25 16:00:00,19498,drift,"[0, 13, 23, 29, 35, 36, 41, 42]",,,,Global
2025-02-25 16:00:00,19498,promotion,"[0, 13, 23, 29, 35, 36, 41, 43]",,43.0,42.0,Global
2025-02-25 17:00:00,12598,drift,"[0, 1, 2, 6, 10, 29, 34, 36]",,,,Left
2025-02-25 17:00:00,12598,promotion,"[0, 1, 2, 6, 10, 29, 34, 37]",,37.0,36.0,Left
2025-02-25 20:00:00,19594,warning,"[0, 13, 23, 29, 35, 36, 41, 43]",44.0,,,Global
2025-02-25 20:00:00,7646,warning,"[0, 1, 2, 3, 5, 8, 17, 18]",19.0,,,Right
2025-02-26 10:00:00,12726,warning,"[0, 1, 2, 6, 10, 29, 34, 37]",38.0,,,Left
2025-02-26 18:00:00,19898,drift,"[0, 13, 23, 29, 35, 36, 41, 43]",,,,Global
2025-02-26 18:00:00,19898,promotion,"[0, 13, 23, 29, 35, 36, 41, 44]",,44.0,43.0,Global
2025-02-27 02:00:00,7798,drift,"[0, 1, 2, 3, 5, 8, 17, 18]",,,,Right
2025-02-27 02:00:00,7798,promotion,"[0, 1, 2, 3, 5, 8, 17, 19]",,19.0,18.0,Right
2025-02-27 08:00:00,20026,warning,"[0, 13, 23, 29, 35, 36, 41, 44]",45.0,,,Global
2025-02-27 18:00:00,13042,drift,"[0, 1, 2, 6, 10, 29, 34, 37]",,,,Left
2025-02-27 18:00:00,13042,promotion,"[0, 1, 2, 6, 10, 29, 34, 38]",,38.0,37.0,Left
2025-02-27 19:00:00,20298,drift,"[0, 13, 23, 29, 35, 36, 41, 44]",,,,Global
2025-02-27 19:00:00,20298,promotion,"[0, 13, 23, 29, 35, 36, 41, 45]",,45.0,44.0,Global
2025-02-27 20:00:00,7926,warning,"[0, 1, 2, 3, 5, 8, 17, 19]",20.0,,,Right
2025-02-28 13:00:00,20522,warning,"[0, 13, 23, 29, 35, 36, 41, 45]",46.0,,,Global
2025-02-28 14:00:00,13234,warning,"[0, 1, 2, 6, 10, 29, 34, 38]",39.0,,,Left
2025-02-28 18:00:00,8078,drift,"[0, 1, 2, 3, 5, 8, 17, 19]",,,,Right
2025-02-28 18:00:00,8078,promotion,"[0, 1, 2, 3, 5, 8, 17, 20]",,20.0,19.0,Right
2025-02-28 19:00:00,20698,drift,"[0, 13, 23, 29, 35, 36, 41, 45]",,,,Global
2025-02-28 19:00:00,20698,promotion,"[0, 13, 23, 29, 35, 36, 41, 46]",,46.0,45.0,Global
2025-03-01 06:00:00,20826,warning,"[0, 13, 23, 29, 35, 36, 41, 46]",47.0,,,Global
2025-03-01 16:00:00,13486,drift,"[0, 1, 2, 6, 10, 29, 34, 38]",,,,Left
2025-03-01 16:00:00,13486,promotion,"[0, 1, 2, 6, 10, 29, 34, 39]",,39.0,38.0,Left
2025-03-01 16:00:00,8206,warning,"[0, 1, 2, 3, 5, 8, 17, 20]",21.0,,,Right
2025-03-01 18:00:00,8218,drift,"[0, 1, 2, 3, 5, 8, 17, 20]",,,,Right
2025-03-01 18:00:00,8218,promotion,"[0, 1, 2, 3, 5, 8, 17, 21]",,21.0,20.0,Right
2025-03-01 21:00:00,21098,drift,"[0, 13, 23, 29, 35, 36, 41, 46]",,,,Global
2025-03-01 21:00:00,21098,promotion,"[0, 13, 23, 29, 36, 41, 46, 47]",,47.0,35.0,Global
2025-03-01 23:00:00,13614,warning,"[0, 1, 2, 6, 10, 29, 34, 39]",40.0,,,Left
2025-03-02 00:00:00,21194,warning,"[0, 13, 23, 29, 36, 41, 46, 47]",48.0,,,Global
2025-03-02 10:00:00,8314,warning,"[0, 1, 2, 3, 5, 8, 17, 21]",22.0,,,Right
2025-03-02 11:00:00,13708,drift,"[0, 1, 2, 6, 10, 29, 34, 39]",,,,Left
2025-03-02 11:00:00,13708,promotion,"[0, 1, 2, 6, 10, 29, 39, 40]",,40.0,34.0,Left
2025-03-02 19:00:00,13804,warning,"[0, 1, 2, 6, 10, 29, 39, 40]",41.0,,,Left
2025-03-02 20:00:00,21498,drift,"[0, 13, 23, 29, 36, 41, 46, 47]",,,,Global
2025-03-02 20:00:00,21498,promotion,"[0, 23, 29, 36, 41, 46, 47, 48]",,48.0,13.0,Global
2025-03-03 08:00:00,21658,warning,"[0, 23, 29, 36, 41, 46, 47, 48]",49.0,,,Global
2025-03-03 08:00:00,13930,drift,"[0, 1, 2, 6, 10, 29, 39, 40]",,,,Left
2025-03-03 08:00:00,13930,promotion,"[0, 1, 2, 10, 29, 39, 40, 41]",,41.0,6.0,Left
2025-03-03 15:00:00,8498,drift,"[0, 1, 2, 3, 5, 8, 17, 21]",,,,Right
2025-03-03 15:00:00,8498,promotion,"[0, 1, 2, 3, 5, 8, 21, 22]",,22.0,17.0,Right
2025-03-03 20:00:00,21898,drift,"[0, 23, 29, 36, 41, 46, 47, 48]",,,,Global
2025-03-03 20:00:00,21898,promotion,"[0, 23, 29, 36, 41, 46, 47, 49]",,49.0,48.0,Global
2025-03-04 00:00:00,14090,warning,"[0, 1, 2, 10, 29, 39, 40, 41]",42.0,,,Left
2025-03-04 08:00:00,22026,warning,"[0, 23, 29, 36, 41, 46, 47, 49]",50.0,,,Global
2025-03-04 16:00:00,8658,warning,"[0, 1, 2, 3, 5, 8, 21, 22]",23.0,,,Right
2025-03-05 06:00:00,22298,drift,"[0, 23, 29, 36, 41, 46, 47, 49]",,,,Global
2025-03-05 06:00:00,22298,promotion,"[0, 23, 29, 36, 41, 46, 47, 50]",,50.0,49.0,Global
2025-03-05 09:00:00,14374,drift,"[0, 1, 2, 10, 29, 39, 40, 41]",,,,Left
2025-03-05 09:00:00,14374,promotion,"[0, 1, 2, 29, 39, 40, 41, 42]",,42.0,10.0,Left
2025-03-05 11:00:00,22426,warning,"[0, 23, 29, 36, 41, 46, 47, 50]",51.0,,,Global
2025-03-05 15:00:00,8778,drift,"[0, 1, 2, 3, 5, 8, 21, 22]",,,,Right
2025-03-05 15:00:00,8778,promotion,"[0, 1, 2, 3, 5, 8, 21, 23]",,23.0,22.0,Right
2025-03-05 20:00:00,14534,warning,"[0, 1, 2, 29, 39, 40, 41, 42]",43.0,,,Left
2025-03-06 07:00:00,22698,drift,"[0, 23, 29, 36, 41, 46, 47, 50]",,,,Global
2025-03-06 07:00:00,22698,promotion,"[0, 23, 29, 36, 41, 46, 47, 51]",,51.0,50.0,Global
2025-03-06 08:00:00,14596,drift,"[0, 1, 2, 29, 39, 40, 41, 42]",,,,Left
2025-03-06 08:00:00,14596,promotion,"[0, 1, 2, 29, 39, 40, 41, 43]",,43.0,42.0,Left
2025-03-06 08:00:00,8874,warning,"[0, 1, 2, 3, 5, 8, 21, 23]",24.0,,,Right
2025-03-06 12:00:00,22826,warning,"[0, 23, 29, 36, 41, 46, 47, 51]",52.0,,,Global
2025-03-06 14:00:00,8918,drift,"[0, 1, 2, 3, 5, 8, 21, 23]",,,,Right
2025-03-06 14:00:00,8918,promotion,"[0, 1, 2, 3, 5, 8, 21, 24]",,24.0,23.0,Right
2025-03-06 20:00:00,14756,warning,"[0, 1, 2, 29, 39, 40, 41, 43]",44.0,,,Left
2025-03-07 07:00:00,23098,drift,"[0, 23, 29, 36, 41, 46, 47, 51]",,,,Global
2025-03-07 07:00:00,23098,promotion,"[0, 29, 36, 41, 46, 47, 51, 52]",,52.0,23.0,Global
2025-03-07 08:00:00,14818,drift,"[0, 1, 2, 29, 39, 40, 41, 43]",,,,Left
2025-03-07 08:00:00,14818,promotion,"[0, 1, 2, 29, 39, 40, 43, 44]",,44.0,41.0,Left
2025-03-07 11:00:00,9046,warning,"[0, 1, 2, 3, 5, 8, 21, 24]",25.0,,,Right
2025-03-07 12:00:00,23194,warning,"[0, 29, 36, 41, 46, 47, 51, 52]",53.0,,,Global
2025-03-08 00:00:00,15042,warning,"[0, 1, 2, 29, 39, 40, 43, 44]",45.0,,,Left
2025-03-08 20:00:00,15262,drift,"[0, 1, 2, 29, 39, 40, 43, 44]",,,,Left
2025-03-08 20:00:00,15262,promotion,"[0, 1, 2, 29, 39, 40, 43, 45]",,45.0,44.0,Left
2025-03-09 01:00:00,23898,drift,"[0, 29, 36, 41, 46, 47, 51, 52]",,,,Global
2025-03-09 01:00:00,23898,promotion,"[0, 36, 41, 46, 47, 51, 52, 53]",,53.0,29.0,Global
2025-03-09 03:00:00,15390,warning,"[0, 1, 2, 29, 39, 40, 43, 45]",46.0,,,Left
2025-03-09 12:00:00,23994,warning,"[0, 36, 41, 46, 47, 51, 52, 53]",54.0,,,Global
2025-03-10 07:00:00,9478,drift,"[0, 1, 2, 3, 5, 8, 21, 24]",,,,Right
2025-03-10 07:00:00,9478,promotion,"[0, 1, 2, 3, 5, 8, 21, 25]",,25.0,24.0,Right
2025-03-10 08:00:00,24298,drift,"[0, 36, 41, 46, 47, 51, 52, 53]",,,,Global
2025-03-10 08:00:00,24298,promotion,"[0, 36, 46, 47, 51, 52, 53, 54]",,54.0,41.0,Global
2025-03-10 12:00:00,15706,drift,"[0, 1, 2, 29, 39, 40, 43, 45]",,,,Left
2025-03-10 12:00:00,15706,promotion,"[0, 1, 2, 39, 40, 43, 45, 46]",,46.0,29.0,Left
2025-03-10 18:00:00,24490,warning,"[0, 36, 46, 47, 51, 52, 53, 54]",55.0,,,Global
2025-03-10 18:00:00,9574,warning,"[0, 1, 2, 3, 5, 8, 21, 25]",26.0,,,Right
2025-03-11 10:00:00,15898,warning,"[0, 1, 2, 39, 40, 43, 45, 46]",47.0,,,Left
2025-03-11 11:00:00,24698,drift,"[0, 36, 46, 47, 51, 52, 53, 54]",,,,Global
2025-03-11 11:00:00,24698,promotion,"[0, 36, 46, 47, 51, 52, 53, 55]",,55.0,54.0,Global
2025-03-11 13:00:00,15928,drift,"[0, 1, 2, 39, 40, 43, 45, 46]",,,,Left
2025-03-11 13:00:00,15928,promotion,"[0, 1, 39, 40, 43, 45, 46, 47]",,47.0,2.0,Left
2025-03-11 17:00:00,24826,warning,"[0, 36, 46, 47, 51, 52, 53, 55]",56.0,,,Global
2025-03-11 20:00:00,16024,warning,"[0, 1, 39, 40, 43, 45, 46, 47]",48.0,,,Left
2025-03-12 07:00:00,9758,drift,"[0, 1, 2, 3, 5, 8, 21, 25]",,,,Right
2025-03-12 07:00:00,9758,promotion,"[0, 1, 2, 5, 8, 21, 25, 26]",,26.0,3.0,Right
2025-03-12 12:00:00,16150,drift,"[0, 1, 39, 40, 43, 45, 46, 47]",,,,Left
2025-03-12 12:00:00,16150,promotion,"[0, 1, 39, 40, 43, 45, 46, 48]",,48.0,47.0,Left
2025-03-12 15:00:00,25098,drift,"[0, 36, 46, 47, 51, 52, 53, 55]",,,,Global
2025-03-12 15:00:00,25098,promotion,"[0, 36, 46, 47, 51, 52, 53, 56]",,56.0,55.0,Global
2025-03-12 19:00:00,25194,warning,"[0, 36, 46, 47, 51, 52, 53, 56]",57.0,,,Global
2025-03-13 14:00:00,9982,warning,"[0, 1, 2, 5, 8, 21, 25, 26]",27.0,,,Right
2025-03-13 17:00:00,16502,warning,"[0, 1, 39, 40, 43, 45, 46, 48]",49.0,,,Left
2025-03-13 18:00:00,25498,drift,"[0, 36, 46, 47, 51, 52, 53, 56]",,,,Global
2025-03-13 18:00:00,25498,promotion,"[0, 36, 46, 47, 51, 52, 53, 57]",,57.0,56.0,Global
2025-03-14 08:00:00,25658,warning,"[0, 36, 46, 47, 51, 52, 53, 57]",58.0,,,Global
2025-03-14 17:00:00,10178,drift,"[0, 1, 2, 5, 8, 21, 25, 26]",,,,Right
2025-03-14 17:00:00,10178,promotion,"[0, 1, 2, 5, 8, 21, 25, 27]",,27.0,26.0,Right
2025-03-14 18:00:00,25898,drift,"[0, 36, 46, 47, 51, 52, 53, 57]",,,,Global
2025-03-14 18:00:00,25898,promotion,"[0, 36, 46, 47, 51, 53, 57, 58]",,58.0,52.0,Global
2025-03-14 18:00:00,16816,drift,"[0, 1, 39, 40, 43, 45, 46, 48]",,,,Left
2025-03-14 18:00:00,16816,promotion,"[0, 1, 39, 40, 43, 45, 46, 49]",,49.0,48.0,Left
2025-03-15 01:00:00,26026,warning,"[0, 36, 46, 47, 51, 53, 57, 58]",59.0,,,Global
2025-03-15 12:00:00,16976,warning,"[0, 1, 39, 40, 43, 45, 46, 49]",50.0,,,Left
2025-03-15 19:00:00,26298,drift,"[0, 36, 46, 47, 51, 53, 57, 58]",,,,Global
2025-03-15 19:00:00,26298,promotion,"[0, 46, 47, 51, 53, 57, 58, 59]",,59.0,36.0,Global
2025-03-15 23:00:00,26426,warning,"[0, 46, 47, 51, 53, 57, 58, 59]",60.0,,,Global
2025-03-16 01:00:00,10402,warning,"[0, 1, 2, 5, 8, 21, 25, 27]",28.0,,,Right
2025-03-16 15:00:00,17260,drift,"[0, 1, 39, 40, 43, 45, 46, 49]",,,,Left
2025-03-16 15:00:00,17260,promotion,"[0, 1, 39, 40, 43, 46, 49, 50]",,50.0,45.0,Left
2025-03-16 20:00:00,26698,drift,"[0, 46, 47, 51, 53, 57, 58, 59]",,,,Global
2025-03-16 20:00:00,26698,promotion,"[0, 47, 51, 53, 57, 58, 59, 60]",,60.0,46.0,Global
2025-03-17 01:00:00,17388,warning,"[0, 1, 39, 40, 43, 46, 49, 50]",51.0,,,Left
2025-03-17 07:00:00,26826,warning,"[0, 47, 51, 53, 57, 58, 59, 60]",61.0,,,Global
2025-03-17 13:00:00,10598,drift,"[0, 1, 2, 5, 8, 21, 25, 27]",,,,Right
2025-03-17 13:00:00,10598,promotion,"[0, 1, 2, 5, 8, 21, 25, 28]",,28.0,27.0,Right
2025-03-17 20:00:00,27098,drift,"[0, 47, 51, 53, 57, 58, 59, 60]",,,,Global
2025-03-17 20:00:00,27098,promotion,"[0, 47, 51, 53, 57, 58, 59, 61]",,61.0,60.0,Global
2025-03-18 08:00:00,10694,warning,"[0, 1, 2, 5, 8, 21, 25, 28]",29.0,,,Right
2025-03-18 09:00:00,27226,warning,"[0, 47, 51, 53, 57, 58, 59, 61]",62.0,,,Global
2025-03-18 10:00:00,17704,drift,"[0, 1, 39, 40, 43, 46, 49, 50]",,,,Left
2025-03-18 10:00:00,17704,promotion,"[0, 1, 39, 40, 43, 46, 50, 51]",,51.0,49.0,Left
2025-03-18 20:00:00,17832,warning,"[0, 1, 39, 40, 43, 46, 50, 51]",52.0,,,Left
2025-03-19 06:00:00,27498,drift,"[0, 47, 51, 53, 57, 58, 59, 61]",,,,Global
2025-03-19 06:00:00,27498,promotion,"[0, 47, 51, 53, 57, 58, 59, 62]",,62.0,61.0,Global
2025-03-19 09:00:00,17926,drift,"[0, 1, 39, 40, 43, 46, 50, 51]",,,,Left
2025-03-19 09:00:00,17926,promotion,"[0, 1, 39, 40, 43, 46, 50, 52]",,52.0,51.0,Left
2025-03-19 17:00:00,27722,warning,"[0, 47, 51, 53, 57, 58, 59, 62]",63.0,,,Global
2025-03-20 07:00:00,18118,warning,"[0, 1, 39, 40, 43, 46, 50, 52]",53.0,,,Left
2025-03-20 08:00:00,27898,drift,"[0, 47, 51, 53, 57, 58, 59, 62]",,,,Global
2025-03-20 08:00:00,27898,promotion,"[0, 47, 51, 53, 57, 58, 59, 63]",,63.0,62.0,Global
2025-03-20 13:00:00,11018,drift,"[0, 1, 2, 5, 8, 21, 25, 28]",,,,Right
2025-03-20 13:00:00,11018,promotion,"[0, 1, 5, 8, 21, 25, 28, 29]",,29.0,2.0,Right
2025-03-20 15:00:00,28058,warning,"[0, 47, 51, 53, 57, 58, 59, 63]",64.0,,,Global
2025-03-21 07:00:00,18370,drift,"[0, 1, 39, 40, 43, 46, 50, 52]",,,,Left
2025-03-21 07:00:00,18370,promotion,"[0, 1, 39, 40, 43, 46, 50, 53]",,53.0,52.0,Left
2025-03-21 18:00:00,18530,warning,"[0, 1, 39, 40, 43, 46, 50, 53]",54.0,,,Left
2025-03-21 20:00:00,11210,warning,"[0, 1, 5, 8, 21, 25, 28, 29]",30.0,,,Right
2025-03-22 02:00:00,28698,drift,"[0, 47, 51, 53, 57, 58, 59, 63]",,,,Global
2025-03-22 02:00:00,28698,promotion,"[0, 47, 51, 53, 57, 58, 59, 64]",,64.0,63.0,Global
2025-03-22 13:00:00,28826,warning,"[0, 47, 51, 53, 57, 58, 59, 64]",65.0,,,Global
2025-03-22 14:00:00,11298,drift,"[0, 1, 5, 8, 21, 25, 28, 29]",,,,Right
2025-03-22 14:00:00,11298,promotion,"[0, 1, 5, 8, 21, 25, 28, 30]",,30.0,29.0,Right
2025-03-23 00:00:00,29098,drift,"[0, 47, 51, 53, 57, 58, 59, 64]",,,,Global
2025-03-23 00:00:00,29098,promotion,"[0, 51, 53, 57, 58, 59, 64, 65]",,65.0,47.0,Global
2025-03-23 12:00:00,29226,warning,"[0, 51, 53, 57, 58, 59, 64, 65]",66.0,,,Global
2025-03-23 20:00:00,11490,warning,"[0, 1, 5, 8, 21, 25, 28, 30]",31.0,,,Right
2025-03-23 21:00:00,19036,drift,"[0, 1, 39, 40, 43, 46, 50, 53]",,,,Left
2025-03-23 21:00:00,19036,promotion,"[0, 39, 40, 43, 46, 50, 53, 54]",,54.0,1.0,Left
2025-03-24 05:00:00,29498,drift,"[0, 51, 53, 57, 58, 59, 64, 65]",,,,Global
2025-03-24 05:00:00,29498,promotion,"[0, 51, 53, 57, 59, 64, 65, 66]",,66.0,58.0,Global
2025-03-24 08:00:00,29562,warning,"[0, 51, 53, 57, 59, 64, 65, 66]",67.0,,,Global
2025-03-24 19:00:00,19260,warning,"[0, 39, 40, 43, 46, 50, 53, 54]",55.0,,,Left
2025-03-25 08:00:00,29898,drift,"[0, 51, 53, 57, 59, 64, 65, 66]",,,,Global
2025-03-25 08:00:00,29898,promotion,"[0, 51, 53, 57, 59, 64, 65, 67]",,67.0,66.0,Global
2025-03-25 12:00:00,11718,drift,"[0, 1, 5, 8, 21, 25, 28, 30]",,,,Right
2025-03-25 12:00:00,11718,promotion,"[0, 1, 5, 8, 21, 25, 28, 31]",,31.0,30.0,Right
2025-03-25 12:00:00,29994,warning,"[0, 51, 53, 57, 59, 64, 65, 67]",68.0,,,Global
2025-03-25 18:00:00,19480,drift,"[0, 39, 40, 43, 46, 50, 53, 54]",,,,Left
2025-03-25 18:00:00,19480,promotion,"[0, 39, 40, 43, 46, 50, 53, 55]",,55.0,54.0,Left
2025-03-26 08:00:00,30298,drift,"[0, 51, 53, 57, 59, 64, 65, 67]",,,,Global
2025-03-26 08:00:00,30298,promotion,"[0, 51, 53, 57, 59, 64, 65, 68]",,68.0,67.0,Global
2025-03-26 09:00:00,19608,warning,"[0, 39, 40, 43, 46, 50, 53, 55]",56.0,,,Left
2025-03-26 14:00:00,30394,warning,"[0, 51, 53, 57, 59, 64, 65, 68]",69.0,,,Global
2025-03-26 17:00:00,19702,drift,"[0, 39, 40, 43, 46, 50, 53, 55]",,,,Left
2025-03-26 17:00:00,19702,promotion,"[0, 39, 40, 43, 46, 50, 53, 56]",,56.0,55.0,Left
2025-03-26 19:00:00,11910,warning,"[0, 1, 5, 8, 21, 25, 28, 31]",32.0,,,Right
2025-03-27 06:00:00,19798,warning,"[0, 39, 40, 43, 46, 50, 53, 56]",57.0,,,Left
2025-03-27 10:00:00,30698,drift,"[0, 51, 53, 57, 59, 64, 65, 68]",,,,Global
2025-03-27 10:00:00,30698,promotion,"[0, 51, 53, 57, 59, 64, 65, 69]",,69.0,68.0,Global
2025-03-27 12:00:00,11998,drift,"[0, 1, 5, 8, 21, 25, 28, 31]",,,,Right
2025-03-27 12:00:00,11998,promotion,"[0, 1, 5, 8, 21, 25, 28, 32]",,32.0,31.0,Right
2025-03-27 17:00:00,30826,warning,"[0, 51, 53, 57, 59, 64, 65, 69]",70.0,,,Global
2025-03-28 11:00:00,20146,drift,"[0, 39, 40, 43, 46, 50, 53, 56]",,,,Left
2025-03-28 11:00:00,20146,promotion,"[0, 39, 40, 43, 46, 50, 53, 57]",,57.0,56.0,Left
2025-03-28 12:00:00,31098,drift,"[0, 51, 53, 57, 59, 64, 65, 69]",,,,Global
2025-03-28 12:00:00,31098,promotion,"[0, 51, 53, 57, 59, 64, 65, 70]",,70.0,69.0,Global
2025-03-28 16:00:00,31194,warning,"[0, 51, 53, 57, 59, 64, 65, 70]",71.0,,,Global
2025-03-29 00:00:00,12286,warning,"[0, 1, 5, 8, 21, 25, 28, 32]",33.0,,,Right
2025-03-29 10:00:00,20370,warning,"[0, 39, 40, 43, 46, 50, 53, 57]",58.0,,,Left
2025-03-29 13:00:00,31498,drift,"[0, 51, 53, 57, 59, 64, 65, 70]",,,,Global
2025-03-29 13:00:00,31498,promotion,"[0, 51, 53, 57, 59, 65, 70, 71]",,71.0,64.0,Global
2025-03-29 21:00:00,12418,drift,"[0, 1, 5, 8, 21, 25, 28, 32]",,,,Right
2025-03-29 21:00:00,12418,promotion,"[0, 1, 5, 8, 21, 25, 28, 33]",,33.0,32.0,Right
2025-03-29 22:00:00,31722,warning,"[0, 51, 53, 57, 59, 65, 70, 71]",72.0,,,Global
2025-03-30 01:00:00,20590,drift,"[0, 39, 40, 43, 46, 50, 53, 57]",,,,Left
2025-03-30 01:00:00,20590,promotion,"[0, 39, 40, 43, 46, 53, 57, 58]",,58.0,50.0,Left
2025-03-30 14:00:00,31898,drift,"[0, 51, 53, 57, 59, 65, 70, 71]",,,,Global
2025-03-30 14:00:00,31898,promotion,"[0, 53, 57, 59, 65, 70, 71, 72]",,72.0,51.0,Global
2025-03-30 19:00:00,20750,warning,"[0, 39, 40, 43, 46, 53, 57, 58]",59.0,,,Left
2025-03-30 19:00:00,31994,warning,"[0, 53, 57, 59, 65, 70, 71, 72]",73.0,,,Global
2025-03-30 21:00:00,12546,warning,"[0, 1, 5, 8, 21, 25, 28, 33]",34.0,,,Right
2025-03-30 23:00:00,20812,drift,"[0, 39, 40, 43, 46, 53, 57, 58]",,,,Left
2025-03-30 23:00:00,20812,promotion,"[0, 40, 43, 46, 53, 57, 58, 59]",,59.0,39.0,Left
2025-03-31 12:00:00,20940,warning,"[0, 40, 43, 46, 53, 57, 58, 59]",60.0,,,Left
2025-03-31 13:00:00,32298,drift,"[0, 53, 57, 59, 65, 70, 71, 72]",,,,Global
2025-03-31 13:00:00,32298,promotion,"[0, 53, 57, 65, 70, 71, 72, 73]",,73.0,59.0,Global
2025-03-31 18:00:00,32394,warning,"[0, 53, 57, 65, 70, 71, 72, 73]",74.0,,,Global
2025-03-31 19:00:00,12698,drift,"[0, 1, 5, 8, 21, 25, 28, 33]",,,,Right
2025-03-31 19:00:00,12698,promotion,"[0, 1, 8, 21, 25, 28, 33, 34]",,34.0,5.0,Right
2025-03-31 20:00:00,21034,drift,"[0, 40, 43, 46, 53, 57, 58, 59]",,,,Left
2025-03-31 20:00:00,21034,promotion,"[0, 40, 43, 46, 53, 57, 58, 60]",,60.0,59.0,Left
2025-04-01 12:00:00,21162,warning,"[0, 40, 43, 46, 53, 57, 58, 60]",61.0,,,Left
2025-04-01 15:00:00,32698,drift,"[0, 53, 57, 65, 70, 71, 72, 73]",,,,Global
2025-04-01 15:00:00,32698,promotion,"[0, 53, 57, 65, 70, 71, 72, 74]",,74.0,73.0,Global
2025-04-01 16:00:00,12826,warning,"[0, 1, 8, 21, 25, 28, 33, 34]",35.0,,,Right
2025-04-01 18:00:00,21256,drift,"[0, 40, 43, 46, 53, 57, 58, 60]",,,,Left
2025-04-01 18:00:00,21256,promotion,"[0, 40, 43, 46, 53, 57, 58, 61]",,61.0,60.0,Left
2025-04-02 06:00:00,32890,warning,"[0, 53, 57, 65, 70, 71, 72, 74]",75.0,,,Global
2025-04-02 15:00:00,33098,drift,"[0, 53, 57, 65, 70, 71, 72, 74]",,,,Global
2025-04-02 15:00:00,33098,promotion,"[0, 53, 57, 65, 71, 72, 74, 75]",,75.0,70.0,Global
2025-04-02 16:00:00,12978,drift,"[0, 1, 8, 21, 25, 28, 33, 34]",,,,Right
2025-04-02 16:00:00,12978,promotion,"[0, 1, 8, 21, 25, 28, 33, 35]",,35.0,34.0,Right
2025-04-02 18:00:00,21480,warning,"[0, 40, 43, 46, 53, 57, 58, 61]",62.0,,,Left
2025-04-02 19:00:00,33226,warning,"[0, 53, 57, 65, 71, 72, 74, 75]",76.0,,,Global
2025-04-03 13:00:00,13106,warning,"[0, 1, 8, 21, 25, 28, 33, 35]",36.0,,,Right
2025-04-03 13:00:00,33498,drift,"[0, 53, 57, 65, 71, 72, 74, 75]",,,,Global
2025-04-03 13:00:00,33498,promotion,"[0, 53, 57, 65, 71, 72, 74, 76]",,76.0,75.0,Global
2025-04-03 16:00:00,21700,drift,"[0, 40, 43, 46, 53, 57, 58, 61]",,,,Left
2025-04-03 16:00:00,21700,promotion,"[0, 40, 43, 46, 53, 57, 58, 62]",,62.0,61.0,Left
2025-04-03 17:00:00,33594,warning,"[0, 53, 57, 65, 71, 72, 74, 76]",77.0,,,Global
2025-04-04 08:00:00,21892,warning,"[0, 40, 43, 46, 53, 57, 58, 62]",63.0,,,Left
2025-04-04 11:00:00,33898,drift,"[0, 53, 57, 65, 71, 72, 74, 76]",,,,Global
2025-04-04 11:00:00,33898,promotion,"[0, 53, 57, 65, 71, 72, 74, 77]",,77.0,76.0,Global
2025-04-04 11:00:00,13258,drift,"[0, 1, 8, 21, 25, 28, 33, 35]",,,,Right
2025-04-04 11:00:00,13258,promotion,"[0, 1, 8, 21, 25, 28, 33, 36]",,36.0,35.0,Right
2025-04-04 17:00:00,34026,warning,"[0, 53, 57, 65, 71, 72, 74, 77]",78.0,,,Global
2025-04-05 02:00:00,22144,drift,"[0, 40, 43, 46, 53, 57, 58, 62]",,,,Left
2025-04-05 02:00:00,22144,promotion,"[0, 40, 43, 46, 53, 57, 58, 63]",,63.0,62.0,Left
2025-04-05 09:00:00,34298,drift,"[0, 53, 57, 65, 71, 72, 74, 77]",,,,Global
2025-04-05 09:00:00,34298,promotion,"[0, 53, 57, 65, 71, 74, 77, 78]",,78.0,72.0,Global
2025-04-05 13:00:00,34394,warning,"[0, 53, 57, 65, 71, 74, 77, 78]",79.0,,,Global
2025-04-05 13:00:00,22240,warning,"[0, 40, 43, 46, 53, 57, 58, 63]",64.0,,,Left
2025-04-05 19:00:00,13450,warning,"[0, 1, 8, 21, 25, 28, 33, 36]",37.0,,,Right
2025-04-05 21:00:00,22366,drift,"[0, 40, 43, 46, 53, 57, 58, 63]",,,,Left
2025-04-05 21:00:00,22366,promotion,"[0, 40, 43, 46, 53, 57, 63, 64]",,64.0,58.0,Left
2025-04-06 02:00:00,34698,drift,"[0, 53, 57, 65, 71, 74, 77, 78]",,,,Global
2025-04-06 02:00:00,34698,promotion,"[0, 53, 65, 71, 74, 77, 78, 79]",,79.0,57.0,Global
2025-04-06 11:00:00,13538,drift,"[0, 1, 8, 21, 25, 28, 33, 36]",,,,Right
2025-04-06 11:00:00,13538,promotion,"[0, 1, 8, 21, 25, 28, 36, 37]",,37.0,33.0,Right
2025-04-06 12:00:00,22526,warning,"[0, 40, 43, 46, 53, 57, 63, 64]",65.0,,,Left
2025-04-06 19:00:00,34890,warning,"[0, 53, 65, 71, 74, 77, 78, 79]",80.0,,,Global
2025-04-07 07:00:00,13666,warning,"[0, 1, 8, 21, 25, 28, 36, 37]",38.0,,,Right
2025-04-07 08:00:00,35098,drift,"[0, 53, 65, 71, 74, 77, 78, 79]",,,,Global
2025-04-07 08:00:00,35098,promotion,"[0, 65, 71, 74, 77, 78, 79, 80]",,80.0,53.0,Global
2025-04-07 14:00:00,22810,drift,"[0, 40, 43, 46, 53, 57, 63, 64]",,,,Left
2025-04-07 14:00:00,22810,promotion,"[0, 40, 43, 46, 53, 63, 64, 65]",,65.0,57.0,Left
2025-04-07 14:00:00,35226,warning,"[0, 65, 71, 74, 77, 78, 79, 80]",81.0,,,Global
2025-04-08 09:00:00,13818,drift,"[0, 1, 8, 21, 25, 28, 36, 37]",,,,Right
2025-04-08 09:00:00,13818,promotion,"[0, 1, 8, 21, 25, 28, 36, 38]",,38.0,37.0,Right
2025-04-08 10:00:00,23002,warning,"[0, 40, 43, 46, 53, 63, 64, 65]",66.0,,,Left
2025-04-08 10:00:00,35498,drift,"[0, 65, 71, 74, 77, 78, 79, 80]",,,,Global
2025-04-08 10:00:00,35498,promotion,"[0, 65, 71, 74, 77, 78, 79, 81]",,81.0,80.0,Global
2025-04-08 16:00:00,35594,warning,"[0, 65, 71, 74, 77, 78, 79, 81]",82.0,,,Global
2025-04-09 07:00:00,13946,warning,"[0, 1, 8, 21, 25, 28, 36, 38]",39.0,,,Right
2025-04-09 09:00:00,23254,drift,"[0, 40, 43, 46, 53, 63, 64, 65]",,,,Left
2025-04-09 09:00:00,23254,promotion,"[0, 40, 43, 46, 53, 63, 64, 66]",,66.0,65.0,Left
2025-04-09 12:00:00,35898,drift,"[0, 65, 71, 74, 77, 78, 79, 81]",,,,Global
2025-04-09 12:00:00,35898,promotion,"[0, 65, 71, 74, 77, 78, 79, 82]",,82.0,81.0,Global
2025-04-09 19:00:00,36058,warning,"[0, 65, 71, 74, 77, 78, 79, 82]",83.0,,,Global
2025-04-09 22:00:00,23414,warning,"[0, 40, 43, 46, 53, 63, 64, 66]",67.0,,,Left
2025-04-10 07:00:00,14098,drift,"[0, 1, 8, 21, 25, 28, 36, 38]",,,,Right
2025-04-10 07:00:00,14098,promotion,"[0, 1, 8, 21, 25, 28, 36, 39]",,39.0,38.0,Right
2025-04-10 08:00:00,23476,drift,"[0, 40, 43, 46, 53, 63, 64, 66]",,,,Left
2025-04-10 08:00:00,23476,promotion,"[0, 40, 43, 46, 53, 63, 64, 67]",,67.0,66.0,Left
2025-04-10 14:00:00,36298,drift,"[0, 65, 71, 74, 77, 78, 79, 82]",,,,Global
2025-04-10 14:00:00,36298,promotion,"[0, 65, 71, 74, 77, 78, 79, 83]",,83.0,82.0,Global
2025-04-10 18:00:00,36426,warning,"[0, 65, 71, 74, 77, 78, 79, 83]",84.0,,,Global
2025-04-10 21:00:00,23668,warning,"[0, 40, 43, 46, 53, 63, 64, 67]",68.0,,,Left
2025-04-11 12:00:00,36698,drift,"[0, 65, 71, 74, 77, 78, 79, 83]",,,,Global
2025-04-11 12:00:00,36698,promotion,"[0, 65, 71, 74, 77, 78, 79, 84]",,84.0,83.0,Global
2025-04-11 14:00:00,14322,warning,"[0, 1, 8, 21, 25, 28, 36, 39]",40.0,,,Right
2025-04-11 17:00:00,36826,warning,"[0, 65, 71, 74, 77, 78, 79, 84]",85.0,,,Global
2025-04-11 19:00:00,23920,drift,"[0, 40, 43, 46, 53, 63, 64, 67]",,,,Left
2025-04-11 19:00:00,23920,promotion,"[0, 40, 43, 46, 53, 63, 64, 68]",,68.0,67.0,Left
2025-04-12 11:00:00,37098,drift,"[0, 65, 71, 74, 77, 78, 79, 84]",,,,Global
2025-04-12 11:00:00,37098,promotion,"[0, 65, 71, 74, 77, 78, 79, 85]",,85.0,84.0,Global
2025-04-12 13:00:00,24080,warning,"[0, 40, 43, 46, 53, 63, 64, 68]",69.0,,,Left
2025-04-12 15:00:00,37194,warning,"[0, 65, 71, 74, 77, 78, 79, 85]",86.0,,,Global
2025-04-12 19:00:00,14518,drift,"[0, 1, 8, 21, 25, 28, 36, 39]",,,,Right
2025-04-12 19:00:00,14518,promotion,"[0, 1, 8, 21, 25, 28, 36, 40]",,40.0,39.0,Right
2025-04-13 03:00:00,37498,drift,"[0, 65, 71, 74, 77, 78, 79, 85]",,,,Global
2025-04-13 03:00:00,37498,promotion,"[0, 71, 74, 77, 78, 79, 85, 86]",,86.0,65.0,Global
2025-04-13 10:00:00,24364,drift,"[0, 40, 43, 46, 53, 63, 64, 68]",,,,Left
2025-04-13 10:00:00,24364,promotion,"[0, 40, 43, 46, 53, 63, 64, 69]",,69.0,68.0,Left
2025-04-13 15:00:00,37626,warning,"[0, 71, 74, 77, 78, 79, 85, 86]",87.0,,,Global
2025-04-13 23:00:00,24556,warning,"[0, 40, 43, 46, 53, 63, 64, 69]",70.0,,,Left
2025-04-14 07:00:00,37898,drift,"[0, 71, 74, 77, 78, 79, 85, 86]",,,,Global
2025-04-14 07:00:00,37898,promotion,"[0, 71, 74, 77, 78, 85, 86, 87]",,87.0,79.0,Global
2025-04-14 08:00:00,14742,warning,"[0, 1, 8, 21, 25, 28, 36, 40]",41.0,,,Right
2025-04-14 09:00:00,37962,warning,"[0, 71, 74, 77, 78, 85, 86, 87]",88.0,,,Global
2025-04-14 17:00:00,14798,drift,"[0, 1, 8, 21, 25, 28, 36, 40]",,,,Right
2025-04-14 17:00:00,14798,promotion,"[0, 1, 8, 21, 25, 28, 36, 41]",,41.0,40.0,Right
2025-04-15 08:00:00,38298,drift,"[0, 71, 74, 77, 78, 85, 86, 87]",,,,Global
2025-04-15 08:00:00,38298,promotion,"[0, 71, 74, 77, 78, 85, 86, 88]",,88.0,87.0,Global
2025-04-15 10:00:00,38362,warning,"[0, 71, 74, 77, 78, 85, 86, 88]",89.0,,,Global
2025-04-15 19:00:00,25030,drift,"[0, 40, 43, 46, 53, 63, 64, 69]",,,,Left
2025-04-15 19:00:00,25030,promotion,"[0, 40, 43, 46, 53, 63, 69, 70]",,70.0,64.0,Left
2025-04-16 07:00:00,14990,warning,"[0, 1, 8, 21, 25, 28, 36, 41]",42.0,,,Right
2025-04-16 09:00:00,38698,drift,"[0, 71, 74, 77, 78, 85, 86, 88]",,,,Global
2025-04-16 09:00:00,38698,promotion,"[0, 71, 74, 77, 78, 85, 86, 89]",,89.0,88.0,Global
2025-04-16 11:00:00,25158,warning,"[0, 40, 43, 46, 53, 63, 69, 70]",71.0,,,Left
2025-04-16 14:00:00,38794,warning,"[0, 71, 74, 77, 78, 85, 86, 89]",90.0,,,Global
2025-04-16 18:00:00,25252,drift,"[0, 40, 43, 46, 53, 63, 69, 70]",,,,Left
2025-04-16 18:00:00,25252,promotion,"[0, 40, 43, 46, 53, 63, 70, 71]",,71.0,69.0,Left
2025-04-17 11:00:00,39098,drift,"[0, 71, 74, 77, 78, 85, 86, 89]",,,,Global
2025-04-17 11:00:00,39098,promotion,"[0, 71, 74, 78, 85, 86, 89, 90]",,90.0,77.0,Global
2025-04-17 13:00:00,25412,warning,"[0, 40, 43, 46, 53, 63, 70, 71]",72.0,,,Left
2025-04-17 17:00:00,39226,warning,"[0, 71, 74, 78, 85, 86, 89, 90]",91.0,,,Global
2025-04-18 09:00:00,39498,drift,"[0, 71, 74, 78, 85, 86, 89, 90]",,,,Global
2025-04-18 09:00:00,39498,promotion,"[0, 71, 74, 78, 85, 89, 90, 91]",,91.0,86.0,Global
2025-04-18 14:00:00,39594,warning,"[0, 71, 74, 78, 85, 89, 90, 91]",92.0,,,Global
2025-04-18 15:00:00,25696,drift,"[0, 40, 43, 46, 53, 63, 70, 71]",,,,Left
2025-04-18 15:00:00,25696,promotion,"[0, 40, 43, 46, 53, 63, 71, 72]",,72.0,70.0,Left
2025-04-18 17:00:00,15358,drift,"[0, 1, 8, 21, 25, 28, 36, 41]",,,,Right
2025-04-18 17:00:00,15358,promotion,"[0, 1, 8, 21, 25, 28, 36, 42]",,42.0,41.0,Right
2025-04-19 04:00:00,39898,drift,"[0, 71, 74, 78, 85, 89, 90, 91]",,,,Global
2025-04-19 04:00:00,39898,promotion,"[0, 71, 74, 78, 85, 89, 90, 92]",,92.0,91.0,Global
2025-04-19 11:00:00,25888,warning,"[0, 40, 43, 46, 53, 63, 71, 72]",73.0,,,Left
2025-04-19 12:00:00,39994,warning,"[0, 71, 74, 78, 85, 89, 90, 92]",93.0,,,Global
2025-04-19 14:00:00,15518,warning,"[0, 1, 8, 21, 25, 28, 36, 42]",43.0,,,Right
2025-04-20 00:00:00,40298,drift,"[0, 71, 74, 78, 85, 89, 90, 92]",,,,Global
2025-04-20 00:00:00,40298,promotion,"[0, 71, 74, 78, 89, 90, 92, 93]",,93.0,85.0,Global
2025-04-20 03:00:00,15638,drift,"[0, 1, 8, 21, 25, 28, 36, 42]",,,,Right
2025-04-20 03:00:00,15638,promotion,"[0, 1, 8, 21, 25, 28, 36, 43]",,43.0,42.0,Right
2025-04-20 04:00:00,26140,drift,"[0, 40, 43, 46, 53, 63, 71, 72]",,,,Left
2025-04-20 04:00:00,26140,promotion,"[0, 40, 43, 46, 53, 63, 71, 73]",,73.0,72.0,Left
2025-04-20 16:00:00,40490,warning,"[0, 71, 74, 78, 89, 90, 92, 93]",94.0,,,Global
2025-04-21 07:00:00,40698,drift,"[0, 71, 74, 78, 89, 90, 92, 93]",,,,Global
2025-04-21 07:00:00,40698,promotion,"[0, 71, 78, 89, 90, 92, 93, 94]",,94.0,74.0,Global
2025-04-21 08:00:00,26396,warning,"[0, 40, 43, 46, 53, 63, 71, 73]",74.0,,,Left
2025-04-21 12:00:00,40794,warning,"[0, 71, 78, 89, 90, 92, 93, 94]",95.0,,,Global
2025-04-21 21:00:00,26584,drift,"[0, 40, 43, 46, 53, 63, 71, 73]",,,,Left
2025-04-21 21:00:00,26584,promotion,"[0, 40, 43, 46, 53, 63, 73, 74]",,74.0,71.0,Left
2025-04-22 08:00:00,41098,drift,"[0, 71, 78, 89, 90, 92, 93, 94]",,,,Global
2025-04-22 08:00:00,41098,promotion,"[0, 71, 78, 89, 90, 92, 94, 95]",,95.0,93.0,Global
2025-04-22 09:00:00,15926,warning,"[0, 1, 8, 21, 25, 28, 36, 43]",44.0,,,Right
2025-04-22 17:00:00,41258,warning,"[0, 71, 78, 89, 90, 92, 94, 95]",96.0,,,Global
2025-04-22 19:00:00,26808,warning,"[0, 40, 43, 46, 53, 63, 73, 74]",75.0,,,Left
2025-04-23 03:00:00,16058,drift,"[0, 1, 8, 21, 25, 28, 36, 43]",,,,Right
2025-04-23 03:00:00,16058,promotion,"[0, 8, 21, 25, 28, 36, 43, 44]",,44.0,1.0,Right
2025-04-23 09:00:00,41498,drift,"[0, 71, 78, 89, 90, 92, 94, 95]",,,,Global
2025-04-23 09:00:00,41498,promotion,"[0, 71, 78, 89, 90, 92, 95, 96]",,96.0,94.0,Global
2025-04-23 15:00:00,41594,warning,"[0, 71, 78, 89, 90, 92, 95, 96]",97.0,,,Global
2025-04-23 19:00:00,27028,drift,"[0, 40, 43, 46, 53, 63, 73, 74]",,,,Left
2025-04-23 19:00:00,27028,promotion,"[0, 40, 43, 46, 53, 63, 73, 75]",,75.0,74.0,Left
2025-04-24 10:00:00,41898,drift,"[0, 71, 78, 89, 90, 92, 95, 96]",,,,Global
2025-04-24 10:00:00,41898,promotion,"[0, 71, 78, 89, 90, 92, 95, 97]",,97.0,96.0,Global
2025-04-24 15:00:00,41994,warning,"[0, 71, 78, 89, 90, 92, 95, 97]",98.0,,,Global
2025-04-24 17:00:00,27252,warning,"[0, 40, 43, 46, 53, 63, 73, 75]",76.0,,,Left
2025-04-25 07:00:00,16378,warning,"[0, 8, 21, 25, 28, 36, 43, 44]",45.0,,,Right
2025-04-25 09:00:00,42298,drift,"[0, 71, 78, 89, 90, 92, 95, 97]",,,,Global
2025-04-25 09:00:00,42298,promotion,"[0, 71, 78, 89, 90, 92, 95, 98]",,98.0,97.0,Global
2025-04-25 12:00:00,42394,warning,"[0, 71, 78, 89, 90, 92, 95, 98]",99.0,,,Global
2025-04-25 18:00:00,16478,drift,"[0, 8, 21, 25, 28, 36, 43, 44]",,,,Right
2025-04-25 18:00:00,16478,promotion,"[0, 8, 21, 25, 28, 36, 43, 45]",,45.0,44.0,Right
2025-04-26 02:00:00,42698,drift,"[0, 71, 78, 89, 90, 92, 95, 98]",,,,Global
2025-04-26 02:00:00,42698,promotion,"[0, 71, 78, 89, 90, 92, 95, 99]",,99.0,98.0,Global
2025-04-26 09:00:00,27694,drift,"[0, 40, 43, 46, 53, 63, 73, 75]",,,,Left
2025-04-26 09:00:00,27694,promotion,"[0, 40, 43, 46, 53, 63, 73, 76]",,76.0,75.0,Left
2025-04-26 18:00:00,42922,warning,"[0, 71, 78, 89, 90, 92, 95, 99]",100.0,,,Global
2025-04-26 22:00:00,16670,warning,"[0, 8, 21, 25, 28, 36, 43, 45]",46.0,,,Right
2025-04-27 00:00:00,43098,drift,"[0, 71, 78, 89, 90, 92, 95, 99]",,,,Global
2025-04-27 00:00:00,43098,promotion,"[0, 71, 78, 89, 90, 92, 99, 100]",,100.0,95.0,Global
2025-04-27 04:00:00,27950,warning,"[0, 40, 43, 46, 53, 63, 73, 76]",77.0,,,Left
2025-04-27 09:00:00,43194,warning,"[0, 71, 78, 89, 90, 92, 99, 100]",101.0,,,Global
2025-04-27 16:00:00,16758,drift,"[0, 8, 21, 25, 28, 36, 43, 45]",,,,Right
2025-04-27 16:00:00,16758,promotion,"[0, 8, 21, 25, 28, 36, 43, 46]",,46.0,45.0,Right
2025-04-27 23:00:00,43498,drift,"[0, 71, 78, 89, 90, 92, 99, 100]",,,,Global
2025-04-27 23:00:00,43498,promotion,"[0, 71, 89, 90, 92, 99, 100, 101]",,101.0,78.0,Global
2025-04-27 23:00:00,28138,drift,"[0, 40, 43, 46, 53, 63, 73, 76]",,,,Left
2025-04-27 23:00:00,28138,promotion,"[0, 40, 43, 46, 53, 63, 73, 77]",,77.0,76.0,Left
2025-04-28 08:00:00,43594,warning,"[0, 71, 89, 90, 92, 99, 100, 101]",102.0,,,Global
2025-04-29 00:00:00,43898,drift,"[0, 71, 89, 90, 92, 99, 100, 101]",,,,Global
2025-04-29 00:00:00,43898,promotion,"[0, 71, 90, 92, 99, 100, 101, 102]",,102.0,89.0,Global
2025-04-29 08:00:00,28394,warning,"[0, 40, 43, 46, 53, 63, 73, 77]",78.0,,,Left
2025-04-29 08:00:00,43994,warning,"[0, 71, 90, 92, 99, 100, 101, 102]",103.0,,,Global
2025-04-29 16:00:00,17046,warning,"[0, 8, 21, 25, 28, 36, 43, 46]",47.0,,,Right
2025-04-29 19:00:00,28582,drift,"[0, 40, 43, 46, 53, 63, 73, 77]",,,,Left
2025-04-29 19:00:00,28582,promotion,"[0, 40, 43, 46, 53, 63, 73, 78]",,78.0,77.0,Left
2025-04-30 05:00:00,44298,drift,"[0, 71, 90, 92, 99, 100, 101, 102]",,,,Global
2025-04-30 05:00:00,44298,promotion,"[0, 71, 90, 92, 99, 100, 101, 103]",,103.0,102.0,Global
2025-04-30 10:00:00,44426,warning,"[0, 71, 90, 92, 99, 100, 101, 103]",104.0,,,Global
2025-05-01 02:00:00,44698,drift,"[0, 71, 90, 92, 99, 100, 101, 103]",,,,Global
2025-05-01 02:00:00,44698,promotion,"[0, 71, 90, 92, 99, 100, 101, 104]",,104.0,103.0,Global
2025-05-01 09:00:00,28966,warning,"[0, 40, 43, 46, 53, 63, 73, 78]",79.0,,,Left
2025-05-01 10:00:00,44858,warning,"[0, 71, 90, 92, 99, 100, 101, 104]",105.0,,,Global
2025-05-01 11:00:00,17318,drift,"[0, 8, 21, 25, 28, 36, 43, 46]",,,,Right
2025-05-01 11:00:00,17318,promotion,"[0, 8, 21, 25, 28, 36, 43, 47]",,47.0,46.0,Right
2025-05-01 15:00:00,29026,drift,"[0, 40, 43, 46, 53, 63, 73, 78]",,,,Left
2025-05-01 15:00:00,29026,promotion,"[0, 40, 43, 46, 53, 63, 73, 79]",,79.0,78.0,Left
2025-05-01 21:00:00,45098,drift,"[0, 71, 90, 92, 99, 100, 101, 104]",,,,Global
2025-05-01 21:00:00,45098,promotion,"[0, 71, 90, 92, 99, 100, 104, 105]",,105.0,101.0,Global
2025-05-02 08:00:00,29186,warning,"[0, 40, 43, 46, 53, 63, 73, 79]",80.0,,,Left
2025-05-02 08:00:00,45226,warning,"[0, 71, 90, 92, 99, 100, 104, 105]",106.0,,,Global
2025-05-02 19:00:00,45498,drift,"[0, 71, 90, 92, 99, 100, 104, 105]",,,,Global
2025-05-02 19:00:00,45498,promotion,"[0, 71, 90, 92, 99, 100, 104, 106]",,106.0,105.0,Global
2025-05-03 01:00:00,17638,warning,"[0, 8, 21, 25, 28, 36, 43, 47]",48.0,,,Right
2025-05-03 03:00:00,45658,warning,"[0, 71, 90, 92, 99, 100, 104, 106]",107.0,,,Global
2025-05-03 18:00:00,17738,drift,"[0, 8, 21, 25, 28, 36, 43, 47]",,,,Right
2025-05-03 18:00:00,17738,promotion,"[0, 8, 21, 25, 28, 36, 43, 48]",,48.0,47.0,Right
2025-05-03 19:00:00,45898,drift,"[0, 71, 90, 92, 99, 100, 104, 106]",,,,Global
2025-05-03 19:00:00,45898,promotion,"[0, 71, 90, 92, 99, 100, 106, 107]",,107.0,104.0,Global
2025-05-03 21:00:00,29692,drift,"[0, 40, 43, 46, 53, 63, 73, 79]",,,,Left
2025-05-03 21:00:00,29692,promotion,"[0, 40, 43, 46, 53, 63, 73, 80]",,80.0,79.0,Left
2025-05-03 22:00:00,45994,warning,"[0, 71, 90, 92, 99, 100, 106, 107]",108.0,,,Global
2025-05-04 12:00:00,17866,warning,"[0, 8, 21, 25, 28, 36, 43, 48]",49.0,,,Right
2025-05-04 18:00:00,46298,drift,"[0, 71, 90, 92, 99, 100, 106, 107]",,,,Global
2025-05-04 18:00:00,46298,promotion,"[0, 71, 90, 92, 99, 106, 107, 108]",,108.0,100.0,Global
2025-05-04 18:00:00,29884,warning,"[0, 40, 43, 46, 53, 63, 73, 80]",81.0,,,Left
2025-05-04 20:00:00,29914,drift,"[0, 40, 43, 46, 53, 63, 73, 80]",,,,Left
2025-05-04 20:00:00,29914,promotion,"[0, 40, 43, 46, 53, 63, 73, 81]",,81.0,80.0,Left
2025-05-04 23:00:00,46426,warning,"[0, 71, 90, 92, 99, 106, 107, 108]",109.0,,,Global
2025-05-05 09:00:00,30042,warning,"[0, 40, 43, 46, 53, 63, 73, 81]",82.0,,,Left
2025-05-05 12:00:00,18018,drift,"[0, 8, 21, 25, 28, 36, 43, 48]",,,,Right
2025-05-05 12:00:00,18018,promotion,"[0, 8, 25, 28, 36, 43, 48, 49]",,49.0,21.0,Right
2025-05-05 16:00:00,46698,drift,"[0, 71, 90, 92, 99, 106, 107, 108]",,,,Global
2025-05-05 16:00:00,46698,promotion,"[0, 71, 90, 99, 106, 107, 108, 109]",,109.0,92.0,Global
2025-05-06 06:00:00,46858,warning,"[0, 71, 90, 99, 106, 107, 108, 109]",110.0,,,Global
2025-05-06 14:00:00,30358,drift,"[0, 40, 43, 46, 53, 63, 73, 81]",,,,Left
2025-05-06 14:00:00,30358,promotion,"[0, 40, 43, 46, 53, 63, 73, 82]",,82.0,81.0,Left
2025-05-06 17:00:00,18210,warning,"[0, 8, 25, 28, 36, 43, 48, 49]",50.0,,,Right
2025-05-06 18:00:00,47098,drift,"[0, 71, 90, 99, 106, 107, 108, 109]",,,,Global
2025-05-06 18:00:00,47098,promotion,"[0, 71, 90, 99, 106, 107, 108, 110]",,110.0,109.0,Global
2025-05-07 01:00:00,30486,warning,"[0, 40, 43, 46, 53, 63, 73, 82]",83.0,,,Left
2025-05-07 06:00:00,47226,warning,"[0, 71, 90, 99, 106, 107, 108, 110]",111.0,,,Global
2025-05-07 10:00:00,18298,drift,"[0, 8, 25, 28, 36, 43, 48, 49]",,,,Right
2025-05-07 10:00:00,18298,promotion,"[0, 8, 25, 28, 36, 43, 49, 50]",,50.0,48.0,Right
2025-05-07 18:00:00,47498,drift,"[0, 71, 90, 99, 106, 107, 108, 110]",,,,Global
2025-05-07 18:00:00,47498,promotion,"[0, 71, 90, 99, 106, 107, 108, 111]",,111.0,110.0,Global
2025-05-08 07:00:00,47626,warning,"[0, 71, 90, 99, 106, 107, 108, 111]",112.0,,,Global
2025-05-08 11:00:00,18458,warning,"[0, 8, 25, 28, 36, 43, 49, 50]",51.0,,,Right
2025-05-08 18:00:00,47898,drift,"[0, 71, 90, 99, 106, 107, 108, 111]",,,,Global
2025-05-08 18:00:00,47898,promotion,"[0, 71, 90, 99, 106, 107, 108, 112]",,112.0,111.0,Global
2025-05-09 07:00:00,18578,drift,"[0, 8, 25, 28, 36, 43, 49, 50]",,,,Right
2025-05-09 07:00:00,18578,promotion,"[0, 8, 25, 28, 36, 43, 49, 51]",,51.0,50.0,Right
2025-05-09 08:00:00,31024,drift,"[0, 40, 43, 46, 53, 63, 73, 82]",,,,Left
2025-05-09 08:00:00,31024,promotion,"[0, 40, 43, 46, 53, 73, 82, 83]",,83.0,63.0,Left
2025-05-09 08:00:00,48090,warning,"[0, 71, 90, 99, 106, 107, 108, 112]",113.0,,,Global
2025-05-09 17:00:00,48298,drift,"[0, 71, 90, 99, 106, 107, 108, 112]",,,,Global
2025-05-09 17:00:00,48298,promotion,"[0, 71, 90, 99, 106, 107, 108, 113]",,113.0,112.0,Global
2025-05-10 03:00:00,31312,warning,"[0, 40, 43, 46, 53, 73, 82, 83]",84.0,,,Left
2025-05-10 08:00:00,48522,warning,"[0, 71, 90, 99, 106, 107, 108, 113]",114.0,,,Global
2025-05-10 09:00:00,18770,warning,"[0, 8, 25, 28, 36, 43, 49, 51]",52.0,,,Right
2025-05-10 17:00:00,48698,drift,"[0, 71, 90, 99, 106, 107, 108, 113]",,,,Global
2025-05-10 17:00:00,48698,promotion,"[0, 71, 90, 99, 106, 107, 108, 114]",,114.0,113.0,Global
2025-05-10 19:00:00,31468,drift,"[0, 40, 43, 46, 53, 73, 82, 83]",,,,Left
2025-05-10 19:00:00,31468,promotion,"[0, 40, 43, 46, 53, 73, 82, 84]",,84.0,83.0,Left
2025-05-10 23:00:00,48858,warning,"[0, 71, 90, 99, 106, 107, 108, 114]",115.0,,,Global
2025-05-11 10:00:00,31628,warning,"[0, 40, 43, 46, 53, 73, 82, 84]",85.0,,,Left
2025-05-11 13:00:00,18998,drift,"[0, 8, 25, 28, 36, 43, 49, 51]",,,,Right
2025-05-11 13:00:00,18998,promotion,"[0, 8, 25, 28, 36, 43, 49, 52]",,52.0,51.0,Right
2025-05-11 15:00:00,49098,drift,"[0, 71, 90, 99, 106, 107, 108, 114]",,,,Global
2025-05-11 15:00:00,49098,promotion,"[0, 71, 90, 99, 106, 108, 114, 115]",,115.0,107.0,Global
2025-05-11 20:00:00,49226,warning,"[0, 71, 90, 99, 106, 108, 114, 115]",116.0,,,Global
2025-05-12 09:00:00,31912,drift,"[0, 40, 43, 46, 53, 73, 82, 84]",,,,Left
2025-05-12 09:00:00,31912,promotion,"[0, 40, 43, 46, 53, 73, 82, 85]",,85.0,84.0,Left
2025-05-12 12:00:00,49498,drift,"[0, 71, 90, 99, 106, 108, 114, 115]",,,,Global
2025-05-12 12:00:00,49498,promotion,"[0, 71, 90, 99, 106, 114, 115, 116]",,116.0,108.0,Global
2025-05-12 17:00:00,49594,warning,"[0, 71, 90, 99, 106, 114, 115, 116]",117.0,,,Global
2025-05-13 07:00:00,32104,warning,"[0, 40, 43, 46, 53, 73, 82, 85]",86.0,,,Left
2025-05-13 08:00:00,32134,drift,"[0, 40, 43, 46, 53, 73, 82, 85]",,,,Left
2025-05-13 08:00:00,32134,promotion,"[0, 40, 43, 46, 53, 73, 82, 86]",,86.0,85.0,Left
2025-05-13 12:00:00,49898,drift,"[0, 71, 90, 99, 106, 114, 115, 116]",,,,Global
2025-05-13 12:00:00,49898,promotion,"[0, 71, 90, 99, 106, 114, 115, 117]",,117.0,116.0,Global
2025-05-13 18:00:00,50026,warning,"[0, 71, 90, 99, 106, 114, 115, 117]",118.0,,,Global
2025-05-13 19:00:00,32294,warning,"[0, 40, 43, 46, 53, 73, 82, 86]",87.0,,,Left
2025-05-14 07:00:00,32356,drift,"[0, 40, 43, 46, 53, 73, 82, 86]",,,,Left
2025-05-14 07:00:00,32356,promotion,"[0, 40, 43, 46, 53, 73, 82, 87]",,87.0,86.0,Left
2025-05-14 12:00:00,50298,drift,"[0, 71, 90, 99, 106, 114, 115, 117]",,,,Global
2025-05-14 12:00:00,50298,promotion,"[0, 71, 90, 99, 106, 114, 115, 118]",,118.0,117.0,Global
2025-05-14 14:00:00,19446,warning,"[0, 8, 25, 28, 36, 43, 49, 52]",53.0,,,Right
2025-05-14 16:00:00,50362,warning,"[0, 71, 90, 99, 106, 114, 115, 118]",119.0,,,Global
2025-05-15 01:00:00,32580,warning,"[0, 40, 43, 46, 53, 73, 82, 87]",88.0,,,Left
2025-05-15 09:00:00,19558,drift,"[0, 8, 25, 28, 36, 43, 49, 52]",,,,Right
2025-05-15 09:00:00,19558,promotion,"[0, 8, 25, 28, 36, 43, 49, 53]",,53.0,52.0,Right
2025-05-15 13:00:00,50698,drift,"[0, 71, 90, 99, 106, 114, 115, 118]",,,,Global
2025-05-15 13:00:00,50698,promotion,"[0, 71, 90, 99, 106, 114, 115, 119]",,119.0,118.0,Global
2025-05-15 17:00:00,50794,warning,"[0, 71, 90, 99, 106, 114, 115, 119]",120.0,,,Global
2025-05-16 10:00:00,19718,warning,"[0, 8, 25, 28, 36, 43, 49, 53]",54.0,,,Right
2025-05-16 12:00:00,51098,drift,"[0, 71, 90, 99, 106, 114, 115, 119]",,,,Global
2025-05-16 12:00:00,51098,promotion,"[0, 71, 90, 99, 106, 114, 115, 120]",,120.0,119.0,Global
2025-05-16 14:00:00,33022,drift,"[0, 40, 43, 46, 53, 73, 82, 87]",,,,Left
2025-05-16 14:00:00,33022,promotion,"[0, 40, 43, 46, 53, 73, 82, 88]",,88.0,87.0,Left
2025-05-16 19:00:00,51322,warning,"[0, 71, 90, 99, 106, 114, 115, 120]",121.0,,,Global
2025-05-17 00:00:00,19838,drift,"[0, 8, 25, 28, 36, 43, 49, 53]",,,,Right
2025-05-17 00:00:00,19838,promotion,"[0, 8, 25, 28, 36, 43, 49, 54]",,54.0,53.0,Right
2025-05-17 02:00:00,33182,warning,"[0, 40, 43, 46, 53, 73, 82, 88]",89.0,,,Left
2025-05-17 04:00:00,51498,drift,"[0, 71, 90, 99, 106, 114, 115, 120]",,,,Global
2025-05-17 04:00:00,51498,promotion,"[0, 71, 90, 99, 106, 114, 115, 121]",,121.0,120.0,Global
2025-05-17 11:00:00,33244,drift,"[0, 40, 43, 46, 53, 73, 82, 88]",,,,Left
2025-05-17 11:00:00,33244,promotion,"[0, 40, 43, 46, 53, 73, 82, 89]",,89.0,88.0,Left
2025-05-17 14:00:00,51626,warning,"[0, 71, 90, 99, 106, 114, 115, 121]",122.0,,,Global
2025-05-18 00:00:00,51898,drift,"[0, 71, 90, 99, 106, 114, 115, 121]",,,,Global
2025-05-18 00:00:00,51898,promotion,"[0, 71, 90, 99, 106, 115, 121, 122]",,122.0,114.0,Global
2025-05-18 03:00:00,33500,warning,"[0, 40, 43, 46, 53, 73, 82, 89]",90.0,,,Left
2025-05-18 11:00:00,20062,warning,"[0, 8, 25, 28, 36, 43, 49, 54]",55.0,,,Right
2025-05-18 13:00:00,52090,warning,"[0, 71, 90, 99, 106, 115, 121, 122]",123.0,,,Global
2025-05-18 17:00:00,20118,drift,"[0, 8, 25, 28, 36, 43, 49, 54]",,,,Right
2025-05-18 17:00:00,20118,promotion,"[0, 8, 25, 28, 36, 43, 49, 55]",,55.0,54.0,Right
2025-05-18 22:00:00,33688,drift,"[0, 40, 43, 46, 53, 73, 82, 89]",,,,Left
2025-05-18 22:00:00,33688,promotion,"[0, 40, 43, 53, 73, 82, 89, 90]",,90.0,46.0,Left
2025-05-19 00:00:00,52298,drift,"[0, 71, 90, 99, 106, 115, 121, 122]",,,,Global
2025-05-19 00:00:00,52298,promotion,"[0, 71, 90, 99, 115, 121, 122, 123]",,123.0,106.0,Global
2025-05-19 09:00:00,52394,warning,"[0, 71, 90, 99, 115, 121, 122, 123]",124.0,,,Global
2025-05-19 16:00:00,20278,warning,"[0, 8, 25, 28, 36, 43, 49, 55]",56.0,,,Right
2025-05-19 22:00:00,33912,warning,"[0, 40, 43, 53, 73, 82, 89, 90]",91.0,,,Left
2025-05-20 06:00:00,52698,drift,"[0, 71, 90, 99, 115, 121, 122, 123]",,,,Global
2025-05-20 06:00:00,52698,promotion,"[0, 71, 90, 99, 115, 121, 122, 124]",,124.0,123.0,Global
2025-05-20 09:00:00,52794,warning,"[0, 71, 90, 99, 115, 121, 122, 124]",125.0,,,Global
2025-05-20 12:00:00,20398,drift,"[0, 8, 25, 28, 36, 43, 49, 55]",,,,Right
2025-05-20 12:00:00,20398,promotion,"[0, 8, 25, 28, 36, 43, 49, 56]",,56.0,55.0,Right
2025-05-20 18:00:00,34132,drift,"[0, 40, 43, 53, 73, 82, 89, 90]",,,,Left
2025-05-20 18:00:00,34132,promotion,"[0, 40, 43, 53, 73, 82, 89, 91]",,91.0,90.0,Left
2025-05-21 06:00:00,53098,drift,"[0, 71, 90, 99, 115, 121, 122, 124]",,,,Global
2025-05-21 06:00:00,53098,promotion,"[0, 71, 90, 99, 115, 121, 122, 125]",,125.0,124.0,Global
2025-05-21 10:00:00,34292,warning,"[0, 40, 43, 53, 73, 82, 89, 91]",92.0,,,Left
2025-05-21 10:00:00,20526,warning,"[0, 8, 25, 28, 36, 43, 49, 56]",57.0,,,Right
2025-05-21 11:00:00,53226,warning,"[0, 71, 90, 99, 115, 121, 122, 125]",126.0,,,Global
2025-05-21 12:00:00,20538,drift,"[0, 8, 25, 28, 36, 43, 49, 56]",,,,Right
2025-05-21 12:00:00,20538,promotion,"[0, 8, 25, 28, 36, 43, 49, 57]",,57.0,56.0,Right
2025-05-22 12:00:00,34576,drift,"[0, 40, 43, 53, 73, 82, 89, 91]",,,,Left
2025-05-22 12:00:00,34576,promotion,"[0, 40, 43, 53, 73, 82, 89, 92]",,92.0,91.0,Left
2025-05-22 15:00:00,20698,warning,"[0, 8, 25, 28, 36, 43, 49, 57]",58.0,,,Right
2025-05-22 19:00:00,34672,warning,"[0, 40, 43, 53, 73, 82, 89, 92]",93.0,,,Left
2025-05-23 06:00:00,53898,drift,"[0, 71, 90, 99, 115, 121, 122, 125]",,,,Global
2025-05-23 06:00:00,53898,promotion,"[0, 71, 90, 99, 115, 121, 122, 126]",,126.0,125.0,Global
2025-05-23 08:00:00,20818,drift,"[0, 8, 25, 28, 36, 43, 49, 57]",,,,Right
2025-05-23 08:00:00,20818,promotion,"[0, 8, 25, 28, 36, 43, 49, 58]",,58.0,57.0,Right
2025-05-23 08:00:00,53994,warning,"[0, 71, 90, 99, 115, 121, 122, 126]",127.0,,,Global
2025-05-23 19:00:00,20946,warning,"[0, 8, 25, 28, 36, 43, 49, 58]",59.0,,,Right
2025-05-24 00:00:00,35020,drift,"[0, 40, 43, 53, 73, 82, 89, 92]",,,,Left
2025-05-24 00:00:00,35020,promotion,"[0, 40, 43, 53, 73, 82, 89, 93]",,93.0,92.0,Left
2025-05-24 19:00:00,21098,drift,"[0, 8, 25, 28, 36, 43, 49, 58]",,,,Right
2025-05-24 19:00:00,21098,promotion,"[0, 8, 25, 28, 36, 43, 49, 59]",,59.0,58.0,Right
2025-05-24 20:00:00,54698,drift,"[0, 71, 90, 99, 115, 121, 122, 126]",,,,Global
2025-05-24 20:00:00,54698,promotion,"[0, 71, 90, 99, 115, 121, 122, 127]",,127.0,126.0,Global
2025-05-24 23:00:00,54794,warning,"[0, 71, 90, 99, 115, 121, 122, 127]",128.0,,,Global
2025-05-25 00:00:00,35308,warning,"[0, 40, 43, 53, 73, 82, 89, 93]",94.0,,,Left
2025-05-25 14:00:00,21226,warning,"[0, 8, 25, 28, 36, 43, 49, 59]",60.0,,,Right
2025-05-25 18:00:00,35464,drift,"[0, 40, 43, 53, 73, 82, 89, 93]",,,,Left
2025-05-25 18:00:00,35464,promotion,"[0, 40, 43, 53, 73, 82, 93, 94]",,94.0,89.0,Left
2025-05-25 19:00:00,55098,drift,"[0, 71, 90, 99, 115, 121, 122, 127]",,,,Global
2025-05-25 19:00:00,55098,promotion,"[0, 71, 90, 99, 115, 121, 127, 128]",,128.0,122.0,Global
2025-05-26 09:00:00,55290,warning,"[0, 71, 90, 99, 115, 121, 127, 128]",129.0,,,Global
2025-05-26 13:00:00,21378,drift,"[0, 8, 25, 28, 36, 43, 49, 59]",,,,Right
2025-05-26 13:00:00,21378,promotion,"[0, 8, 25, 28, 36, 43, 49, 60]",,60.0,59.0,Right
2025-05-26 16:00:00,35688,warning,"[0, 40, 43, 53, 73, 82, 93, 94]",95.0,,,Left
2025-05-26 18:00:00,55498,drift,"[0, 71, 90, 99, 115, 121, 127, 128]",,,,Global
2025-05-26 18:00:00,55498,promotion,"[0, 71, 99, 115, 121, 127, 128, 129]",,129.0,90.0,Global
2025-05-27 08:00:00,55658,warning,"[0, 71, 99, 115, 121, 127, 128, 129]",130.0,,,Global
2025-05-27 12:00:00,35908,drift,"[0, 40, 43, 53, 73, 82, 93, 94]",,,,Left
2025-05-27 12:00:00,35908,promotion,"[0, 40, 43, 53, 73, 82, 93, 95]",,95.0,94.0,Left
2025-05-27 14:00:00,21538,warning,"[0, 8, 25, 28, 36, 43, 49, 60]",61.0,,,Right
2025-05-27 20:00:00,55898,drift,"[0, 71, 99, 115, 121, 127, 128, 129]",,,,Global
2025-05-27 20:00:00,55898,promotion,"[0, 71, 99, 115, 121, 127, 128, 130]",,130.0,129.0,Global
2025-05-27 21:00:00,36036,warning,"[0, 40, 43, 53, 73, 82, 93, 95]",96.0,,,Left
2025-05-28 08:00:00,56026,warning,"[0, 71, 99, 115, 121, 127, 128, 130]",131.0,,,Global
2025-05-28 09:00:00,21658,drift,"[0, 8, 25, 28, 36, 43, 49, 60]",,,,Right
2025-05-28 09:00:00,21658,promotion,"[0, 8, 25, 28, 36, 43, 49, 61]",,61.0,60.0,Right
2025-05-28 09:00:00,36130,drift,"[0, 40, 43, 53, 73, 82, 93, 95]",,,,Left
2025-05-28 09:00:00,36130,promotion,"[0, 40, 43, 53, 73, 82, 93, 96]",,96.0,95.0,Left
2025-05-28 20:00:00,56298,drift,"[0, 71, 99, 115, 121, 127, 128, 130]",,,,Global
2025-05-28 20:00:00,56298,promotion,"[0, 71, 99, 115, 121, 127, 128, 131]",,131.0,130.0,Global
2025-05-28 21:00:00,36290,warning,"[0, 40, 43, 53, 73, 82, 93, 96]",97.0,,,Left
2025-05-29 07:00:00,56394,warning,"[0, 71, 99, 115, 121, 127, 128, 131]",132.0,,,Global
2025-05-29 12:00:00,21818,warning,"[0, 8, 25, 28, 36, 43, 49, 61]",62.0,,,Right
2025-05-29 19:00:00,56698,drift,"[0, 71, 99, 115, 121, 127, 128, 131]",,,,Global
2025-05-29 19:00:00,56698,promotion,"[0, 71, 99, 115, 121, 127, 128, 132]",,132.0,131.0,Global
2025-05-30 07:00:00,36574,drift,"[0, 40, 43, 53, 73, 82, 93, 96]",,,,Left
2025-05-30 07:00:00,36574,promotion,"[0, 40, 43, 53, 73, 82, 93, 97]",,97.0,96.0,Left
2025-05-30 07:00:00,56826,warning,"[0, 71, 99, 115, 121, 127, 128, 132]",133.0,,,Global
2025-05-30 18:00:00,36766,warning,"[0, 40, 43, 53, 73, 82, 93, 97]",98.0,,,Left
2025-05-30 18:00:00,57098,drift,"[0, 71, 99, 115, 121, 127, 128, 132]",,,,Global
2025-05-30 18:00:00,57098,promotion,"[0, 71, 99, 115, 121, 127, 128, 133]",,133.0,132.0,Global
2025-05-30 19:00:00,36796,drift,"[0, 40, 43, 53, 73, 82, 93, 97]",,,,Left
2025-05-30 19:00:00,36796,promotion,"[0, 40, 43, 53, 73, 82, 93, 98]",,98.0,97.0,Left
2025-05-30 23:00:00,22078,drift,"[0, 8, 25, 28, 36, 43, 49, 61]",,,,Right
2025-05-30 23:00:00,22078,promotion,"[0, 8, 25, 28, 36, 43, 49, 62]",,62.0,61.0,Right
2025-05-31 00:00:00,57194,warning,"[0, 71, 99, 115, 121, 127, 128, 133]",134.0,,,Global
2025-05-31 16:00:00,22174,warning,"[0, 8, 25, 28, 36, 43, 49, 62]",63.0,,,Right
2025-05-31 17:00:00,57498,drift,"[0, 71, 99, 115, 121, 127, 128, 133]",,,,Global
2025-05-31 17:00:00,57498,promotion,"[0, 71, 99, 115, 121, 127, 128, 134]",,134.0,133.0,Global
2025-05-31 18:00:00,37020,warning,"[0, 40, 43, 53, 73, 82, 93, 98]",99.0,,,Left
2025-05-31 21:00:00,57626,warning,"[0, 71, 99, 115, 121, 127, 128, 134]",135.0,,,Global
2025-06-01 11:00:00,37240,drift,"[0, 40, 43, 53, 73, 82, 93, 98]",,,,Left
2025-06-01 11:00:00,37240,promotion,"[0, 40, 43, 53, 73, 82, 93, 99]",,99.0,98.0,Left
2025-06-01 15:00:00,22358,drift,"[0, 8, 25, 28, 36, 43, 49, 62]",,,,Right
2025-06-01 15:00:00,22358,promotion,"[0, 8, 25, 28, 36, 43, 49, 63]",,63.0,62.0,Right
2025-06-01 15:00:00,57898,drift,"[0, 71, 99, 115, 121, 127, 128, 134]",,,,Global
2025-06-01 15:00:00,57898,promotion,"[0, 71, 99, 121, 127, 128, 134, 135]",,135.0,115.0,Global
2025-06-01 20:00:00,37368,warning,"[0, 40, 43, 53, 73, 82, 93, 99]",100.0,,,Left
2025-06-01 21:00:00,58026,warning,"[0, 71, 99, 121, 127, 128, 134, 135]",136.0,,,Global
2025-06-02 06:00:00,37462,drift,"[0, 40, 43, 53, 73, 82, 93, 99]",,,,Left
2025-06-02 06:00:00,37462,promotion,"[0, 40, 43, 53, 73, 82, 99, 100]",,100.0,93.0,Left
2025-06-02 12:00:00,37558,warning,"[0, 40, 43, 53, 73, 82, 99, 100]",101.0,,,Left
2025-06-02 13:00:00,58298,drift,"[0, 71, 99, 121, 127, 128, 134, 135]",,,,Global
2025-06-02 13:00:00,58298,promotion,"[0, 71, 99, 127, 128, 134, 135, 136]",,136.0,121.0,Global
2025-06-02 17:00:00,58394,warning,"[0, 71, 99, 127, 128, 134, 135, 136]",137.0,,,Global
2025-06-02 19:00:00,22582,warning,"[0, 8, 25, 28, 36, 43, 49, 63]",64.0,,,Right
2025-06-02 21:00:00,37684,drift,"[0, 40, 43, 53, 73, 82, 99, 100]",,,,Left
2025-06-02 21:00:00,37684,promotion,"[0, 40, 43, 53, 73, 82, 99, 101]",,101.0,100.0,Left
2025-06-03 09:00:00,22638,drift,"[0, 8, 25, 28, 36, 43, 49, 63]",,,,Right
2025-06-03 09:00:00,22638,promotion,"[0, 8, 25, 28, 36, 43, 49, 64]",,64.0,63.0,Right
2025-06-03 09:00:00,37780,warning,"[0, 40, 43, 53, 73, 82, 99, 101]",102.0,,,Left
2025-06-03 12:00:00,58698,drift,"[0, 71, 99, 127, 128, 134, 135, 136]",,,,Global
2025-06-03 12:00:00,58698,promotion,"[0, 71, 99, 127, 128, 134, 135, 137]",,137.0,136.0,Global
2025-06-03 17:00:00,37906,drift,"[0, 40, 43, 53, 73, 82, 99, 101]",,,,Left
2025-06-03 17:00:00,37906,promotion,"[0, 40, 43, 53, 73, 82, 99, 102]",,102.0,101.0,Left
2025-06-03 18:00:00,58858,warning,"[0, 71, 99, 127, 128, 134, 135, 137]",138.0,,,Global
2025-06-04 08:00:00,22766,warning,"[0, 8, 25, 28, 36, 43, 49, 64]",65.0,,,Right
2025-06-04 10:00:00,59098,drift,"[0, 71, 99, 127, 128, 134, 135, 137]",,,,Global
2025-06-04 10:00:00,59098,promotion,"[0, 71, 99, 127, 128, 134, 135, 138]",,138.0,137.0,Global
2025-06-04 11:00:00,38098,warning,"[0, 40, 43, 53, 73, 82, 99, 102]",103.0,,,Left
2025-06-04 14:00:00,38128,drift,"[0, 40, 43, 53, 73, 82, 99, 102]",,,,Left
2025-06-04 14:00:00,38128,promotion,"[0, 40, 43, 53, 73, 82, 99, 103]",,103.0,102.0,Left
2025-06-04 18:00:00,59258,warning,"[0, 71, 99, 127, 128, 134, 135, 138]",139.0,,,Global
2025-06-05 07:00:00,38288,warning,"[0, 40, 43, 53, 73, 82, 99, 103]",104.0,,,Left
2025-06-05 08:00:00,22918,drift,"[0, 8, 25, 28, 36, 43, 49, 64]",,,,Right
2025-06-05 08:00:00,22918,promotion,"[0, 8, 25, 28, 36, 43, 49, 65]",,65.0,64.0,Right
2025-06-05 10:00:00,59498,drift,"[0, 71, 99, 127, 128, 134, 135, 138]",,,,Global
2025-06-05 10:00:00,59498,promotion,"[0, 71, 99, 127, 128, 134, 135, 139]",,139.0,138.0,Global
2025-06-05 10:00:00,38350,drift,"[0, 40, 43, 53, 73, 82, 99, 103]",,,,Left
2025-06-05 10:00:00,38350,promotion,"[0, 40, 43, 53, 73, 82, 99, 104]",,104.0,103.0,Left
2025-06-05 14:00:00,59594,warning,"[0, 71, 99, 127, 128, 134, 135, 139]",140.0,,,Global
2025-06-05 16:00:00,23014,warning,"[0, 8, 25, 28, 36, 43, 49, 65]",66.0,,,Right
2025-06-06 00:00:00,38510,warning,"[0, 40, 43, 53, 73, 82, 99, 104]",105.0,,,Left
2025-06-06 09:00:00,59898,drift,"[0, 71, 99, 127, 128, 134, 135, 139]",,,,Global
2025-06-06 09:00:00,59898,promotion,"[0, 71, 99, 127, 128, 134, 135, 140]",,140.0,139.0,Global
2025-06-06 16:00:00,60058,warning,"[0, 71, 99, 127, 128, 134, 135, 140]",141.0,,,Global
2025-06-06 16:00:00,23198,drift,"[0, 8, 25, 28, 36, 43, 49, 65]",,,,Right
2025-06-06 16:00:00,23198,promotion,"[0, 8, 25, 28, 36, 43, 49, 66]",,66.0,65.0,Right
2025-06-06 21:00:00,38794,drift,"[0, 40, 43, 53, 73, 82, 99, 104]",,,,Left
2025-06-06 21:00:00,38794,promotion,"[0, 40, 43, 53, 73, 82, 99, 105]",,105.0,104.0,Left
2025-06-07 01:00:00,60298,drift,"[0, 71, 99, 127, 128, 134, 135, 140]",,,,Global
2025-06-07 01:00:00,60298,promotion,"[0, 71, 99, 127, 128, 134, 135, 141]",,141.0,140.0,Global
2025-06-07 10:00:00,38890,warning,"[0, 40, 43, 53, 73, 82, 99, 105]",106.0,,,Left
2025-06-07 12:00:00,60426,warning,"[0, 71, 99, 127, 128, 134, 135, 141]",142.0,,,Global
2025-06-07 15:00:00,23358,warning,"[0, 8, 25, 28, 36, 43, 49, 66]",67.0,,,Right
2025-06-07 19:00:00,39016,drift,"[0, 40, 43, 53, 73, 82, 99, 105]",,,,Left
2025-06-07 19:00:00,39016,promotion,"[0, 40, 43, 53, 73, 82, 105, 106]",,106.0,99.0,Left
2025-06-07 21:00:00,60698,drift,"[0, 71, 99, 127, 128, 134, 135, 141]",,,,Global
2025-06-07 21:00:00,60698,promotion,"[0, 71, 99, 127, 134, 135, 141, 142]",,142.0,128.0,Global
2025-06-08 01:00:00,39144,warning,"[0, 40, 43, 53, 73, 82, 105, 106]",107.0,,,Left
2025-06-08 02:00:00,23478,drift,"[0, 8, 25, 28, 36, 43, 49, 66]",,,,Right
2025-06-08 02:00:00,23478,promotion,"[0, 8, 25, 28, 36, 43, 49, 67]",,67.0,66.0,Right
2025-06-08 03:00:00,60826,warning,"[0, 71, 99, 127, 134, 135, 141, 142]",143.0,,,Global
2025-06-08 21:00:00,61098,drift,"[0, 71, 99, 127, 134, 135, 141, 142]",,,,Global
2025-06-08 21:00:00,61098,promotion,"[0, 71, 127, 134, 135, 141, 142, 143]",,143.0,99.0,Global
2025-06-09 07:00:00,61226,warning,"[0, 71, 127, 134, 135, 141, 142, 143]",144.0,,,Global
2025-06-09 07:00:00,23638,warning,"[0, 8, 25, 28, 36, 43, 49, 67]",68.0,,,Right
2025-06-09 09:00:00,39460,drift,"[0, 40, 43, 53, 73, 82, 105, 106]",,,,Left
2025-06-09 09:00:00,39460,promotion,"[0, 40, 53, 73, 82, 105, 106, 107]",,107.0,43.0,Left
2025-06-09 18:00:00,23758,drift,"[0, 8, 25, 28, 36, 43, 49, 67]",,,,Right
2025-06-09 18:00:00,23758,promotion,"[0, 8, 25, 28, 36, 43, 49, 68]",,68.0,67.0,Right
2025-06-09 19:00:00,61498,drift,"[0, 71, 127, 134, 135, 141, 142, 143]",,,,Global
2025-06-09 19:00:00,61498,promotion,"[0, 71, 127, 134, 135, 142, 143, 144]",,144.0,141.0,Global
2025-06-10 01:00:00,39620,warning,"[0, 40, 53, 73, 82, 105, 106, 107]",108.0,,,Left
2025-06-10 08:00:00,61626,warning,"[0, 71, 127, 134, 135, 142, 143, 144]",145.0,,,Global
2025-06-10 08:00:00,39682,drift,"[0, 40, 53, 73, 82, 105, 106, 107]",,,,Left
2025-06-10 08:00:00,39682,promotion,"[0, 40, 53, 73, 82, 105, 106, 108]",,108.0,107.0,Left
2025-06-10 15:00:00,39778,warning,"[0, 40, 53, 73, 82, 105, 106, 108]",109.0,,,Left
2025-06-10 18:00:00,61898,drift,"[0, 71, 127, 134, 135, 142, 143, 144]",,,,Global
2025-06-10 18:00:00,61898,promotion,"[0, 71, 127, 134, 135, 142, 143, 145]",,145.0,144.0,Global
2025-06-11 05:00:00,23950,warning,"[0, 8, 25, 28, 36, 43, 49, 68]",69.0,,,Right
2025-06-11 06:00:00,39904,drift,"[0, 40, 53, 73, 82, 105, 106, 108]",,,,Left
2025-06-11 06:00:00,39904,promotion,"[0, 40, 53, 73, 82, 105, 106, 109]",,109.0,108.0,Left
2025-06-11 06:00:00,61994,warning,"[0, 71, 127, 134, 135, 142, 143, 145]",146.0,,,Global
2025-06-11 14:00:00,24038,drift,"[0, 8, 25, 28, 36, 43, 49, 68]",,,,Right
2025-06-11 14:00:00,24038,promotion,"[0, 8, 25, 28, 36, 43, 49, 69]",,69.0,68.0,Right
2025-06-11 18:00:00,62298,drift,"[0, 71, 127, 134, 135, 142, 143, 145]",,,,Global
2025-06-11 18:00:00,62298,promotion,"[0, 71, 127, 134, 135, 142, 143, 146]",,146.0,145.0,Global
2025-06-11 21:00:00,40128,warning,"[0, 40, 53, 73, 82, 105, 106, 109]",110.0,,,Left
2025-06-12 05:00:00,62394,warning,"[0, 71, 127, 134, 135, 142, 143, 146]",147.0,,,Global
2025-06-12 08:00:00,24134,warning,"[0, 8, 25, 28, 36, 43, 49, 69]",70.0,,,Right
2025-06-12 17:00:00,40348,drift,"[0, 40, 53, 73, 82, 105, 106, 109]",,,,Left
2025-06-12 17:00:00,40348,promotion,"[0, 40, 53, 73, 82, 105, 106, 110]",,110.0,109.0,Left
2025-06-12 18:00:00,62698,drift,"[0, 71, 127, 134, 135, 142, 143, 146]",,,,Global
2025-06-12 18:00:00,62698,promotion,"[0, 71, 127, 134, 135, 142, 143, 147]",,147.0,146.0,Global
2025-06-13 04:00:00,62794,warning,"[0, 71, 127, 134, 135, 142, 143, 147]",148.0,,,Global
2025-06-13 08:00:00,24318,drift,"[0, 8, 25, 28, 36, 43, 49, 69]",,,,Right
2025-06-13 08:00:00,24318,promotion,"[0, 8, 25, 28, 36, 43, 49, 70]",,70.0,69.0,Right
2025-06-13 12:00:00,40572,warning,"[0, 40, 53, 73, 82, 105, 106, 110]",111.0,,,Left
2025-06-13 16:00:00,63098,drift,"[0, 71, 127, 134, 135, 142, 143, 147]",,,,Global
2025-06-13 16:00:00,63098,promotion,"[0, 71, 127, 134, 135, 142, 143, 148]",,148.0,147.0,Global
2025-06-13 20:00:00,63226,warning,"[0, 71, 127, 134, 135, 142, 143, 148]",149.0,,,Global
2025-06-14 13:00:00,63498,drift,"[0, 71, 127, 134, 135, 142, 143, 148]",,,,Global
2025-06-14 13:00:00,63498,promotion,"[0, 71, 127, 134, 135, 142, 148, 149]",,149.0,143.0,Global
2025-06-14 14:00:00,24542,warning,"[0, 8, 25, 28, 36, 43, 49, 70]",71.0,,,Right
2025-06-14 19:00:00,24598,drift,"[0, 8, 25, 28, 36, 43, 49, 70]",,,,Right
2025-06-14 19:00:00,24598,promotion,"[0, 8, 25, 28, 36, 43, 49, 71]",,71.0,70.0,Right
2025-06-14 20:00:00,63690,warning,"[0, 71, 127, 134, 135, 142, 148, 149]",150.0,,,Global
2025-06-14 22:00:00,41014,drift,"[0, 40, 53, 73, 82, 105, 106, 110]",,,,Left
2025-06-14 22:00:00,41014,promotion,"[0, 40, 53, 73, 82, 105, 106, 111]",,111.0,110.0,Left
2025-06-15 09:00:00,63898,drift,"[0, 71, 127, 134, 135, 142, 148, 149]",,,,Global
2025-06-15 09:00:00,63898,promotion,"[0, 127, 134, 135, 142, 148, 149, 150]",,150.0,71.0,Global
2025-06-15 13:00:00,24726,warning,"[0, 8, 25, 28, 36, 43, 49, 71]",72.0,,,Right
2025-06-15 13:00:00,41174,warning,"[0, 40, 53, 73, 82, 105, 106, 111]",112.0,,,Left
2025-06-15 18:00:00,64058,warning,"[0, 127, 134, 135, 142, 148, 149, 150]",151.0,,,Global
2025-06-15 20:00:00,41236,drift,"[0, 40, 53, 73, 82, 105, 106, 111]",,,,Left
2025-06-15 20:00:00,41236,promotion,"[0, 40, 53, 73, 82, 106, 111, 112]",,112.0,105.0,Left
2025-06-16 09:00:00,64298,drift,"[0, 127, 134, 135, 142, 148, 149, 150]",,,,Global
2025-06-16 09:00:00,64298,promotion,"[0, 127, 135, 142, 148, 149, 150, 151]",,151.0,134.0,Global
2025-06-16 09:00:00,41364,warning,"[0, 40, 53, 73, 82, 106, 111, 112]",113.0,,,Left
2025-06-16 13:00:00,64394,warning,"[0, 127, 135, 142, 148, 149, 150, 151]",152.0,,,Global
2025-06-16 16:00:00,41458,drift,"[0, 40, 53, 73, 82, 106, 111, 112]",,,,Left
2025-06-16 16:00:00,41458,promotion,"[0, 40, 53, 73, 82, 106, 111, 113]",,113.0,112.0,Left
2025-06-17 08:00:00,64698,drift,"[0, 127, 135, 142, 148, 149, 150, 151]",,,,Global
2025-06-17 08:00:00,64698,promotion,"[0, 127, 135, 142, 148, 149, 150, 152]",,152.0,151.0,Global
2025-06-17 09:00:00,41618,warning,"[0, 40, 53, 73, 82, 106, 111, 113]",114.0,,,Left
2025-06-17 11:00:00,25018,drift,"[0, 8, 25, 28, 36, 43, 49, 71]",,,,Right
2025-06-17 11:00:00,25018,promotion,"[0, 8, 25, 28, 36, 43, 49, 72]",,72.0,71.0,Right
2025-06-17 14:00:00,41680,drift,"[0, 40, 53, 73, 82, 106, 111, 113]",,,,Left
2025-06-17 14:00:00,41680,promotion,"[0, 40, 53, 73, 82, 106, 111, 114]",,114.0,113.0,Left
2025-06-17 15:00:00,64826,warning,"[0, 127, 135, 142, 148, 149, 150, 152]",153.0,,,Global
2025-06-17 21:00:00,41776,warning,"[0, 40, 53, 73, 82, 106, 111, 114]",115.0,,,Left
2025-06-18 08:00:00,65098,drift,"[0, 127, 135, 142, 148, 149, 150, 152]",,,,Global
2025-06-18 08:00:00,65098,promotion,"[0, 127, 135, 142, 148, 149, 150, 153]",,153.0,152.0,Global
2025-06-18 12:00:00,65194,warning,"[0, 127, 135, 142, 148, 149, 150, 153]",154.0,,,Global
2025-06-18 18:00:00,25210,warning,"[0, 8, 25, 28, 36, 43, 49, 72]",73.0,,,Right
2025-06-19 07:00:00,65498,drift,"[0, 127, 135, 142, 148, 149, 150, 153]",,,,Global
2025-06-19 07:00:00,65498,promotion,"[0, 127, 135, 142, 148, 149, 150, 154]",,154.0,153.0,Global
2025-06-19 09:00:00,42124,drift,"[0, 40, 53, 73, 82, 106, 111, 114]",,,,Left
2025-06-19 09:00:00,42124,promotion,"[0, 40, 53, 73, 82, 106, 111, 115]",,115.0,114.0,Left
2025-06-19 11:00:00,25298,drift,"[0, 8, 25, 28, 36, 43, 49, 72]",,,,Right
2025-06-19 11:00:00,25298,promotion,"[0, 8, 25, 28, 36, 43, 49, 73]",,73.0,72.0,Right
2025-06-19 12:00:00,65626,warning,"[0, 127, 135, 142, 148, 149, 150, 154]",155.0,,,Global
2025-06-19 19:00:00,42284,warning,"[0, 40, 53, 73, 82, 106, 111, 115]",116.0,,,Left
2025-06-20 03:00:00,65898,drift,"[0, 127, 135, 142, 148, 149, 150, 154]",,,,Global
2025-06-20 03:00:00,65898,promotion,"[0, 127, 135, 142, 149, 150, 154, 155]",,155.0,148.0,Global
2025-06-20 12:00:00,66122,warning,"[0, 127, 135, 142, 149, 150, 154, 155]",156.0,,,Global
2025-06-20 17:00:00,42568,drift,"[0, 40, 53, 73, 82, 106, 111, 115]",,,,Left
2025-06-20 17:00:00,42568,promotion,"[0, 40, 53, 73, 82, 106, 111, 116]",,116.0,115.0,Left
2025-06-20 18:00:00,66298,drift,"[0, 127, 135, 142, 149, 150, 154, 155]",,,,Global
2025-06-20 18:00:00,66298,promotion,"[0, 127, 135, 142, 149, 150, 154, 156]",,156.0,155.0,Global
2025-06-20 22:00:00,66426,warning,"[0, 127, 135, 142, 149, 150, 154, 156]",157.0,,,Global
2025-06-21 02:00:00,25586,warning,"[0, 8, 25, 28, 36, 43, 49, 73]",74.0,,,Right
2025-06-21 11:00:00,42760,warning,"[0, 40, 53, 73, 82, 106, 111, 116]",117.0,,,Left
2025-06-21 15:00:00,66698,drift,"[0, 127, 135, 142, 149, 150, 154, 156]",,,,Global
2025-06-21 15:00:00,66698,promotion,"[0, 127, 135, 142, 149, 150, 154, 157]",,157.0,156.0,Global
2025-06-21 20:00:00,25718,drift,"[0, 8, 25, 28, 36, 43, 49, 73]",,,,Right
2025-06-21 20:00:00,25718,promotion,"[0, 8, 25, 28, 36, 43, 49, 74]",,74.0,73.0,Right
2025-06-21 21:00:00,66858,warning,"[0, 127, 135, 142, 149, 150, 154, 157]",158.0,,,Global
2025-06-21 23:00:00,43012,drift,"[0, 40, 53, 73, 82, 106, 111, 116]",,,,Left
2025-06-21 23:00:00,43012,promotion,"[0, 40, 53, 73, 82, 106, 111, 117]",,117.0,116.0,Left
2025-06-22 13:00:00,67098,drift,"[0, 127, 135, 142, 149, 150, 154, 157]",,,,Global
2025-06-22 13:00:00,67098,promotion,"[0, 127, 142, 149, 150, 154, 157, 158]",,158.0,135.0,Global
2025-06-22 14:00:00,43140,warning,"[0, 40, 53, 73, 82, 106, 111, 117]",118.0,,,Left
2025-06-22 15:00:00,25846,warning,"[0, 8, 25, 28, 36, 43, 49, 74]",75.0,,,Right
2025-06-22 18:00:00,67194,warning,"[0, 127, 142, 149, 150, 154, 157, 158]",159.0,,,Global
2025-06-23 10:00:00,67498,drift,"[0, 127, 142, 149, 150, 154, 157, 158]",,,,Global
2025-06-23 10:00:00,67498,promotion,"[0, 127, 149, 150, 154, 157, 158, 159]",,159.0,142.0,Global
2025-06-23 12:00:00,25998,drift,"[0, 8, 25, 28, 36, 43, 49, 74]",,,,Right
2025-06-23 12:00:00,25998,promotion,"[0, 8, 25, 28, 36, 43, 49, 75]",,75.0,74.0,Right
2025-06-23 14:00:00,43456,drift,"[0, 40, 53, 73, 82, 106, 111, 117]",,,,Left
2025-06-23 14:00:00,43456,promotion,"[0, 40, 53, 73, 106, 111, 117, 118]",,118.0,82.0,Left
2025-06-23 16:00:00,67626,warning,"[0, 127, 149, 150, 154, 157, 158, 159]",160.0,,,Global
2025-06-24 06:00:00,43584,warning,"[0, 40, 53, 73, 106, 111, 117, 118]",119.0,,,Left
2025-06-24 09:00:00,67898,drift,"[0, 127, 149, 150, 154, 157, 158, 159]",,,,Global
2025-06-24 09:00:00,67898,promotion,"[0, 127, 149, 150, 154, 157, 158, 160]",,160.0,159.0,Global
2025-06-24 12:00:00,43678,drift,"[0, 40, 53, 73, 106, 111, 117, 118]",,,,Left
2025-06-24 12:00:00,43678,promotion,"[0, 40, 53, 73, 106, 111, 117, 119]",,119.0,118.0,Left
2025-06-24 16:00:00,67994,warning,"[0, 127, 149, 150, 154, 157, 158, 160]",161.0,,,Global
2025-06-24 18:00:00,43774,warning,"[0, 40, 53, 73, 106, 111, 117, 119]",120.0,,,Left
2025-06-25 09:00:00,26286,warning,"[0, 8, 25, 28, 36, 43, 49, 75]",76.0,,,Right
2025-06-25 10:00:00,43900,drift,"[0, 40, 53, 73, 106, 111, 117, 119]",,,,Left
2025-06-25 10:00:00,43900,promotion,"[0, 40, 53, 73, 106, 111, 117, 120]",,120.0,119.0,Left
2025-06-26 06:00:00,26418,drift,"[0, 8, 25, 28, 36, 43, 49, 75]",,,,Right
2025-06-26 06:00:00,26418,promotion,"[0, 8, 25, 28, 36, 43, 49, 76]",,76.0,75.0,Right
2025-06-26 09:00:00,68698,drift,"[0, 127, 149, 150, 154, 157, 158, 160]",,,,Global
2025-06-26 09:00:00,68698,promotion,"[0, 127, 149, 150, 154, 157, 158, 161]",,161.0,160.0,Global
2025-06-26 10:00:00,44188,warning,"[0, 40, 53, 73, 106, 111, 117, 120]",121.0,,,Left
2025-06-26 14:00:00,68794,warning,"[0, 127, 149, 150, 154, 157, 158, 161]",162.0,,,Global
2025-06-26 16:00:00,26514,warning,"[0, 8, 25, 28, 36, 43, 49, 76]",77.0,,,Right
2025-06-26 21:00:00,44344,drift,"[0, 40, 53, 73, 106, 111, 117, 120]",,,,Left
2025-06-26 21:00:00,44344,promotion,"[0, 40, 53, 73, 106, 111, 117, 121]",,121.0,120.0,Left
2025-06-27 08:00:00,69098,drift,"[0, 127, 149, 150, 154, 157, 158, 161]",,,,Global
2025-06-27 08:00:00,69098,promotion,"[0, 127, 149, 150, 154, 157, 158, 162]",,162.0,161.0,Global
2025-06-27 15:00:00,69322,warning,"[0, 127, 149, 150, 154, 157, 158, 162]",163.0,,,Global
2025-06-27 16:00:00,44568,warning,"[0, 40, 53, 73, 106, 111, 117, 121]",122.0,,,Left
2025-06-27 21:00:00,69498,drift,"[0, 127, 149, 150, 154, 157, 158, 162]",,,,Global
2025-06-27 21:00:00,69498,promotion,"[0, 127, 149, 150, 154, 157, 158, 163]",,163.0,162.0,Global
2025-06-28 09:00:00,69626,warning,"[0, 127, 149, 150, 154, 157, 158, 163]",164.0,,,Global
2025-06-28 10:00:00,26838,drift,"[0, 8, 25, 28, 36, 43, 49, 76]",,,,Right
2025-06-28 10:00:00,26838,promotion,"[0, 8, 25, 28, 36, 43, 49, 77]",,77.0,76.0,Right
2025-06-28 12:00:00,44788,drift,"[0, 40, 53, 73, 106, 111, 117, 121]",,,,Left
2025-06-28 12:00:00,44788,promotion,"[0, 40, 53, 73, 106, 111, 117, 122]",,122.0,121.0,Left
2025-06-28 20:00:00,69898,drift,"[0, 127, 149, 150, 154, 157, 158, 163]",,,,Global
2025-06-28 20:00:00,69898,promotion,"[0, 127, 149, 150, 154, 157, 163, 164]",,164.0,158.0,Global
2025-06-28 22:00:00,44980,warning,"[0, 40, 53, 73, 106, 111, 117, 122]",123.0,,,Left
2025-06-29 01:00:00,70026,warning,"[0, 127, 149, 150, 154, 157, 163, 164]",165.0,,,Global
2025-06-29 01:00:00,26998,warning,"[0, 8, 25, 28, 36, 43, 49, 77]",78.0,,,Right
2025-06-29 19:00:00,70298,drift,"[0, 127, 149, 150, 154, 157, 163, 164]",,,,Global
2025-06-29 19:00:00,70298,promotion,"[0, 149, 150, 154, 157, 163, 164, 165]",,165.0,127.0,Global
2025-06-29 21:00:00,45232,drift,"[0, 40, 53, 73, 106, 111, 117, 122]",,,,Left
2025-06-29 21:00:00,45232,promotion,"[0, 40, 53, 73, 106, 111, 117, 123]",,123.0,122.0,Left
2025-06-29 21:00:00,27118,drift,"[0, 8, 25, 28, 36, 43, 49, 77]",,,,Right
2025-06-29 21:00:00,27118,promotion,"[0, 8, 25, 28, 36, 43, 49, 78]",,78.0,77.0,Right
2025-06-29 22:00:00,70362,warning,"[0, 149, 150, 154, 157, 163, 164, 165]",166.0,,,Global
2025-06-30 16:00:00,27246,warning,"[0, 8, 25, 28, 36, 43, 49, 78]",79.0,,,Right
2025-06-30 18:00:00,70698,drift,"[0, 149, 150, 154, 157, 163, 164, 165]",,,,Global
2025-06-30 18:00:00,70698,promotion,"[0, 149, 150, 154, 157, 163, 164, 166]",,166.0,165.0,Global
2025-06-30 18:00:00,45488,warning,"[0, 40, 53, 73, 106, 111, 117, 123]",124.0,,,Left
2025-07-01 08:00:00,70858,warning,"[0, 149, 150, 154, 157, 163, 164, 166]",167.0,,,Global
2025-07-01 14:00:00,45676,drift,"[0, 40, 53, 73, 106, 111, 117, 123]",,,,Left
2025-07-01 14:00:00,45676,promotion,"[0, 40, 53, 73, 106, 111, 117, 124]",,124.0,123.0,Left
2025-07-01 15:00:00,27398,drift,"[0, 8, 25, 28, 36, 43, 49, 78]",,,,Right
2025-07-01 15:00:00,27398,promotion,"[0, 8, 25, 28, 36, 43, 49, 79]",,79.0,78.0,Right
2025-07-01 17:00:00,71098,drift,"[0, 149, 150, 154, 157, 163, 164, 166]",,,,Global
2025-07-01 17:00:00,71098,promotion,"[0, 149, 150, 154, 157, 163, 164, 167]",,167.0,166.0,Global
2025-07-01 21:00:00,71194,warning,"[0, 149, 150, 154, 157, 163, 164, 167]",168.0,,,Global
2025-07-02 02:00:00,45804,warning,"[0, 40, 53, 73, 106, 111, 117, 124]",125.0,,,Left
2025-07-02 07:00:00,27494,warning,"[0, 8, 25, 28, 36, 43, 49, 79]",80.0,,,Right
2025-07-02 10:00:00,45898,drift,"[0, 40, 53, 73, 106, 111, 117, 124]",,,,Left
2025-07-02 10:00:00,45898,promotion,"[0, 40, 53, 73, 106, 111, 117, 125]",,125.0,124.0,Left
2025-07-02 17:00:00,45994,warning,"[0, 40, 53, 73, 106, 111, 117, 125]",126.0,,,Left
2025-07-02 17:00:00,71498,drift,"[0, 149, 150, 154, 157, 163, 164, 167]",,,,Global
2025-07-02 17:00:00,71498,promotion,"[0, 149, 150, 157, 163, 164, 167, 168]",,168.0,154.0,Global
2025-07-02 22:00:00,71594,warning,"[0, 149, 150, 157, 163, 164, 167, 168]",169.0,,,Global
2025-07-03 09:00:00,27678,drift,"[0, 8, 25, 28, 36, 43, 49, 79]",,,,Right
2025-07-03 09:00:00,27678,promotion,"[0, 8, 25, 28, 36, 43, 49, 80]",,80.0,79.0,Right
2025-07-03 21:00:00,46342,drift,"[0, 40, 53, 73, 106, 111, 117, 125]",,,,Left
2025-07-03 21:00:00,46342,promotion,"[0, 40, 53, 73, 106, 111, 117, 126]",,126.0,125.0,Left
2025-07-04 07:00:00,27806,warning,"[0, 8, 25, 28, 36, 43, 49, 80]",81.0,,,Right
2025-07-04 13:00:00,72298,drift,"[0, 149, 150, 157, 163, 164, 167, 168]",,,,Global
2025-07-04 13:00:00,72298,promotion,"[0, 149, 150, 157, 163, 164, 167, 169]",,169.0,168.0,Global
2025-07-04 17:00:00,46566,warning,"[0, 40, 53, 73, 106, 111, 117, 126]",127.0,,,Left
2025-07-04 18:00:00,72426,warning,"[0, 149, 150, 157, 163, 164, 167, 169]",170.0,,,Global
2025-07-05 11:00:00,72698,drift,"[0, 149, 150, 157, 163, 164, 167, 169]",,,,Global
2025-07-05 11:00:00,72698,promotion,"[0, 149, 150, 157, 163, 164, 167, 170]",,170.0,169.0,Global
2025-07-05 13:00:00,46786,drift,"[0, 40, 53, 73, 106, 111, 117, 126]",,,,Left
2025-07-05 13:00:00,46786,promotion,"[0, 40, 53, 73, 106, 111, 117, 127]",,127.0,126.0,Left
2025-07-05 15:00:00,72794,warning,"[0, 149, 150, 157, 163, 164, 167, 170]",171.0,,,Global
2025-07-05 19:00:00,28098,drift,"[0, 8, 25, 28, 36, 43, 49, 80]",,,,Right
2025-07-05 19:00:00,28098,promotion,"[0, 8, 25, 28, 36, 43, 49, 81]",,81.0,80.0,Right
2025-07-05 23:00:00,46978,warning,"[0, 40, 53, 73, 106, 111, 117, 127]",128.0,,,Left
2025-07-06 00:00:00,73098,drift,"[0, 149, 150, 157, 163, 164, 167, 170]",,,,Global
2025-07-06 00:00:00,73098,promotion,"[0, 150, 157, 163, 164, 167, 170, 171]",,171.0,149.0,Global
2025-07-06 01:00:00,47008,drift,"[0, 40, 53, 73, 106, 111, 117, 127]",,,,Left
2025-07-06 01:00:00,47008,promotion,"[0, 40, 53, 73, 106, 111, 117, 128]",,128.0,127.0,Left
2025-07-06 12:00:00,47104,warning,"[0, 40, 53, 73, 106, 111, 117, 128]",129.0,,,Left
2025-07-06 16:00:00,73290,warning,"[0, 150, 157, 163, 164, 167, 170, 171]",172.0,,,Global
2025-07-06 19:00:00,28258,warning,"[0, 8, 25, 28, 36, 43, 49, 81]",82.0,,,Right
2025-07-06 20:00:00,47230,drift,"[0, 40, 53, 73, 106, 111, 117, 128]",,,,Left
2025-07-06 20:00:00,47230,promotion,"[0, 53, 73, 106, 111, 117, 128, 129]",,129.0,40.0,Left
2025-07-07 05:00:00,73498,drift,"[0, 150, 157, 163, 164, 167, 170, 171]",,,,Global
2025-07-07 05:00:00,73498,promotion,"[0, 150, 157, 163, 167, 170, 171, 172]",,172.0,164.0,Global
2025-07-07 09:00:00,73594,warning,"[0, 150, 157, 163, 167, 170, 171, 172]",173.0,,,Global
2025-07-07 10:00:00,28378,drift,"[0, 8, 25, 28, 36, 43, 49, 81]",,,,Right
2025-07-07 10:00:00,28378,promotion,"[0, 8, 25, 28, 36, 43, 49, 82]",,82.0,81.0,Right
2025-07-07 12:00:00,47422,warning,"[0, 53, 73, 106, 111, 117, 128, 129]",130.0,,,Left
2025-07-07 14:00:00,47452,drift,"[0, 53, 73, 106, 111, 117, 128, 129]",,,,Left
2025-07-07 14:00:00,47452,promotion,"[0, 53, 73, 106, 111, 117, 128, 130]",,130.0,129.0,Left
2025-07-08 01:00:00,73898,drift,"[0, 150, 157, 163, 167, 170, 171, 172]",,,,Global
2025-07-08 01:00:00,73898,promotion,"[0, 150, 157, 163, 167, 170, 171, 173]",,173.0,172.0,Global
2025-07-08 08:00:00,28506,warning,"[0, 8, 25, 28, 36, 43, 49, 82]",83.0,,,Right
2025-07-08 08:00:00,73994,warning,"[0, 150, 157, 163, 167, 170, 171, 173]",174.0,,,Global
2025-07-08 09:00:00,47644,warning,"[0, 53, 73, 106, 111, 117, 128, 130]",131.0,,,Left
2025-07-08 19:00:00,74298,drift,"[0, 150, 157, 163, 167, 170, 171, 173]",,,,Global
2025-07-08 19:00:00,74298,promotion,"[0, 150, 157, 163, 167, 170, 171, 174]",,174.0,173.0,Global
2025-07-09 07:00:00,28658,drift,"[0, 8, 25, 28, 36, 43, 49, 82]",,,,Right
2025-07-09 07:00:00,28658,promotion,"[0, 8, 25, 28, 36, 43, 49, 83]",,83.0,82.0,Right
2025-07-09 07:00:00,47896,drift,"[0, 53, 73, 106, 111, 117, 128, 130]",,,,Left
2025-07-09 07:00:00,47896,promotion,"[0, 53, 73, 106, 111, 117, 128, 131]",,131.0,130.0,Left
2025-07-09 08:00:00,74426,warning,"[0, 150, 157, 163, 167, 170, 171, 174]",175.0,,,Global
2025-07-09 17:00:00,48056,warning,"[0, 53, 73, 106, 111, 117, 128, 131]",132.0,,,Left
2025-07-09 21:00:00,74698,drift,"[0, 150, 157, 163, 167, 170, 171, 174]",,,,Global
2025-07-09 21:00:00,74698,promotion,"[0, 150, 157, 163, 167, 170, 171, 175]",,175.0,174.0,Global
2025-07-10 07:00:00,74794,warning,"[0, 150, 157, 163, 167, 170, 171, 175]",176.0,,,Global
2025-07-10 14:00:00,28882,warning,"[0, 8, 25, 28, 36, 43, 49, 83]",84.0,,,Right
2025-07-10 17:00:00,48340,drift,"[0, 53, 73, 106, 111, 117, 128, 131]",,,,Left
2025-07-10 17:00:00,48340,promotion,"[0, 53, 73, 106, 111, 117, 128, 132]",,132.0,131.0,Left
2025-07-10 18:00:00,75098,drift,"[0, 150, 157, 163, 167, 170, 171, 175]",,,,Global
2025-07-10 18:00:00,75098,promotion,"[0, 150, 157, 163, 167, 170, 171, 176]",,176.0,175.0,Global
2025-07-10 23:00:00,28938,drift,"[0, 8, 25, 28, 36, 43, 49, 83]",,,,Right
2025-07-10 23:00:00,28938,promotion,"[0, 8, 25, 28, 36, 43, 49, 84]",,84.0,83.0,Right
2025-07-11 06:00:00,75194,warning,"[0, 150, 157, 163, 167, 170, 171, 176]",177.0,,,Global
2025-07-11 09:00:00,48532,warning,"[0, 53, 73, 106, 111, 117, 128, 132]",133.0,,,Left
2025-07-11 10:00:00,48562,drift,"[0, 53, 73, 106, 111, 117, 128, 132]",,,,Left
2025-07-11 10:00:00,48562,promotion,"[0, 53, 73, 106, 111, 117, 128, 133]",,133.0,132.0,Left
2025-07-11 19:00:00,48754,warning,"[0, 53, 73, 106, 111, 117, 128, 133]",134.0,,,Left
2025-07-12 13:00:00,75898,drift,"[0, 150, 157, 163, 167, 170, 171, 176]",,,,Global
2025-07-12 13:00:00,75898,promotion,"[0, 150, 157, 163, 167, 170, 171, 177]",,177.0,176.0,Global
2025-07-12 18:00:00,49006,drift,"[0, 53, 73, 106, 111, 117, 128, 133]",,,,Left
2025-07-12 18:00:00,49006,promotion,"[0, 53, 73, 106, 111, 117, 128, 134]",,134.0,133.0,Left
2025-07-12 19:00:00,29258,warning,"[0, 8, 25, 28, 36, 43, 49, 84]",85.0,,,Right
2025-07-12 23:00:00,76186,warning,"[0, 150, 157, 163, 167, 170, 171, 177]",178.0,,,Global
2025-07-13 08:00:00,29358,drift,"[0, 8, 25, 28, 36, 43, 49, 84]",,,,Right
2025-07-13 08:00:00,29358,promotion,"[0, 8, 25, 28, 36, 43, 49, 85]",,85.0,84.0,Right
2025-07-13 08:00:00,49198,warning,"[0, 53, 73, 106, 111, 117, 128, 134]",135.0,,,Left
2025-07-13 08:00:00,76298,drift,"[0, 150, 157, 163, 167, 170, 171, 177]",,,,Global
2025-07-13 08:00:00,76298,promotion,"[0, 150, 157, 163, 167, 170, 171, 178]",,178.0,177.0,Global
2025-07-13 15:00:00,76426,warning,"[0, 150, 157, 163, 167, 170, 171, 178]",179.0,,,Global
2025-07-14 07:00:00,76698,drift,"[0, 150, 157, 163, 167, 170, 171, 178]",,,,Global
2025-07-14 07:00:00,76698,promotion,"[0, 150, 157, 163, 170, 171, 178, 179]",,179.0,167.0,Global
2025-07-14 07:00:00,29518,warning,"[0, 8, 25, 28, 36, 43, 49, 85]",86.0,,,Right
2025-07-14 08:00:00,49450,drift,"[0, 53, 73, 106, 111, 117, 128, 134]",,,,Left
2025-07-14 08:00:00,49450,promotion,"[0, 53, 106, 111, 117, 128, 134, 135]",,135.0,73.0,Left
2025-07-14 08:00:00,76762,warning,"[0, 150, 157, 163, 170, 171, 178, 179]",180.0,,,Global
2025-07-14 21:00:00,49642,warning,"[0, 53, 106, 111, 117, 128, 134, 135]",136.0,,,Left
2025-07-15 06:00:00,49672,drift,"[0, 53, 106, 111, 117, 128, 134, 135]",,,,Left
2025-07-15 06:00:00,49672,promotion,"[0, 53, 106, 111, 117, 128, 134, 136]",,136.0,135.0,Left
2025-07-15 07:00:00,77098,drift,"[0, 150, 157, 163, 170, 171, 178, 179]",,,,Global
2025-07-15 07:00:00,77098,promotion,"[0, 150, 157, 163, 170, 171, 178, 180]",,180.0,179.0,Global
2025-07-15 10:00:00,77194,warning,"[0, 150, 157, 163, 170, 171, 178, 180]",181.0,,,Global
2025-07-15 13:00:00,49800,warning,"[0, 53, 106, 111, 117, 128, 134, 136]",137.0,,,Left
2025-07-15 19:00:00,49894,drift,"[0, 53, 106, 111, 117, 128, 134, 136]",,,,Left
2025-07-15 19:00:00,49894,promotion,"[0, 53, 106, 111, 117, 128, 134, 137]",,137.0,136.0,Left
2025-07-15 20:00:00,29778,drift,"[0, 8, 25, 28, 36, 43, 49, 85]",,,,Right
2025-07-15 20:00:00,29778,promotion,"[0, 8, 25, 28, 36, 43, 49, 86]",,86.0,85.0,Right
2025-07-16 07:00:00,77498,drift,"[0, 150, 157, 163, 170, 171, 178, 180]",,,,Global
2025-07-16 07:00:00,77498,promotion,"[0, 150, 157, 163, 170, 171, 178, 181]",,181.0,180.0,Global
2025-07-16 13:00:00,50054,warning,"[0, 53, 106, 111, 117, 128, 134, 137]",138.0,,,Left
2025-07-16 14:00:00,77690,warning,"[0, 150, 157, 163, 170, 171, 178, 181]",182.0,,,Global
2025-07-17 13:00:00,50338,drift,"[0, 53, 106, 111, 117, 128, 134, 137]",,,,Left
2025-07-17 13:00:00,50338,promotion,"[0, 53, 106, 111, 117, 128, 134, 138]",,138.0,137.0,Left
2025-07-17 13:00:00,30002,warning,"[0, 8, 25, 28, 36, 43, 49, 86]",87.0,,,Right
2025-07-17 18:00:00,50434,warning,"[0, 53, 106, 111, 117, 128, 134, 138]",139.0,,,Left
2025-07-17 18:00:00,30058,drift,"[0, 8, 25, 28, 36, 43, 49, 86]",,,,Right
2025-07-17 18:00:00,30058,promotion,"[0, 8, 25, 28, 36, 43, 49, 87]",,87.0,86.0,Right
2025-07-18 07:00:00,78298,drift,"[0, 150, 157, 163, 170, 171, 178, 181]",,,,Global
2025-07-18 07:00:00,78298,promotion,"[0, 150, 157, 163, 170, 171, 178, 182]",,182.0,181.0,Global
2025-07-18 08:00:00,30154,warning,"[0, 8, 25, 28, 36, 43, 49, 87]",88.0,,,Right
2025-07-18 09:00:00,78394,warning,"[0, 150, 157, 163, 170, 171, 178, 182]",183.0,,,Global
2025-07-18 20:00:00,78698,drift,"[0, 150, 157, 163, 170, 171, 178, 182]",,,,Global
2025-07-18 20:00:00,78698,promotion,"[0, 150, 157, 163, 170, 171, 178, 183]",,183.0,182.0,Global
2025-07-19 01:00:00,78794,warning,"[0, 150, 157, 163, 170, 171, 178, 183]",184.0,,,Global
2025-07-19 10:00:00,30338,drift,"[0, 8, 25, 28, 36, 43, 49, 87]",,,,Right
2025-07-19 10:00:00,30338,promotion,"[0, 8, 25, 28, 36, 43, 49, 88]",,88.0,87.0,Right
2025-07-19 17:00:00,51004,drift,"[0, 53, 106, 111, 117, 128, 134, 138]",,,,Left
2025-07-19 17:00:00,51004,promotion,"[0, 53, 106, 111, 117, 128, 138, 139]",,139.0,134.0,Left
2025-07-19 19:00:00,79098,drift,"[0, 150, 157, 163, 170, 171, 178, 183]",,,,Global
2025-07-19 19:00:00,79098,promotion,"[0, 150, 157, 163, 171, 178, 183, 184]",,184.0,170.0,Global
2025-07-19 21:00:00,79194,warning,"[0, 150, 157, 163, 171, 178, 183, 184]",185.0,,,Global
2025-07-20 00:00:00,51132,warning,"[0, 53, 106, 111, 117, 128, 138, 139]",140.0,,,Left
2025-07-20 05:00:00,30498,warning,"[0, 8, 25, 28, 36, 43, 49, 88]",89.0,,,Right
2025-07-20 12:00:00,51226,drift,"[0, 53, 106, 111, 117, 128, 138, 139]",,,,Left
2025-07-20 12:00:00,51226,promotion,"[0, 53, 106, 111, 117, 128, 138, 140]",,140.0,139.0,Left
2025-07-20 15:00:00,79498,drift,"[0, 150, 157, 163, 171, 178, 183, 184]",,,,Global
2025-07-20 15:00:00,79498,promotion,"[0, 150, 163, 171, 178, 183, 184, 185]",,185.0,157.0,Global
2025-07-20 19:00:00,79594,warning,"[0, 150, 163, 171, 178, 183, 184, 185]",186.0,,,Global
2025-07-20 22:00:00,30618,drift,"[0, 8, 25, 28, 36, 43, 49, 88]",,,,Right
2025-07-20 22:00:00,30618,promotion,"[0, 25, 28, 36, 43, 49, 88, 89]",,89.0,8.0,Right
2025-07-21 11:00:00,51514,warning,"[0, 53, 106, 111, 117, 128, 138, 140]",141.0,,,Left
2025-07-21 12:00:00,79898,drift,"[0, 150, 163, 171, 178, 183, 184, 185]",,,,Global
2025-07-21 12:00:00,79898,promotion,"[0, 150, 163, 178, 183, 184, 185, 186]",,186.0,171.0,Global
2025-07-21 18:00:00,80026,warning,"[0, 150, 163, 178, 183, 184, 185, 186]",187.0,,,Global
2025-07-22 03:00:00,51670,drift,"[0, 53, 106, 111, 117, 128, 138, 140]",,,,Left
2025-07-22 03:00:00,51670,promotion,"[0, 53, 106, 111, 117, 128, 138, 141]",,141.0,140.0,Left
2025-07-22 05:00:00,30810,warning,"[0, 25, 28, 36, 43, 49, 88, 89]",90.0,,,Right
2025-07-22 12:00:00,80298,drift,"[0, 150, 163, 178, 183, 184, 185, 186]",,,,Global
2025-07-22 12:00:00,80298,promotion,"[0, 150, 163, 178, 183, 184, 185, 187]",,187.0,186.0,Global
2025-07-22 14:00:00,51798,warning,"[0, 53, 106, 111, 117, 128, 138, 141]",142.0,,,Left
2025-07-22 16:00:00,80394,warning,"[0, 150, 163, 178, 183, 184, 185, 187]",188.0,,,Global
2025-07-22 17:00:00,30898,drift,"[0, 25, 28, 36, 43, 49, 88, 89]",,,,Right
2025-07-22 17:00:00,30898,promotion,"[0, 25, 28, 36, 43, 49, 88, 90]",,90.0,89.0,Right
2025-07-22 20:00:00,51892,drift,"[0, 53, 106, 111, 117, 128, 138, 141]",,,,Left
2025-07-22 20:00:00,51892,promotion,"[0, 53, 106, 111, 117, 128, 138, 142]",,142.0,141.0,Left
2025-07-23 10:00:00,80698,drift,"[0, 150, 163, 178, 183, 184, 185, 187]",,,,Global
2025-07-23 10:00:00,80698,promotion,"[0, 150, 163, 178, 183, 184, 185, 188]",,188.0,187.0,Global
2025-07-23 11:00:00,31026,warning,"[0, 25, 28, 36, 43, 49, 88, 90]",91.0,,,Right
2025-07-23 17:00:00,80826,warning,"[0, 150, 163, 178, 183, 184, 185, 188]",189.0,,,Global
2025-07-24 10:00:00,81098,drift,"[0, 150, 163, 178, 183, 184, 185, 188]",,,,Global
2025-07-24 10:00:00,81098,promotion,"[0, 150, 163, 178, 183, 184, 185, 189]",,189.0,188.0,Global
2025-07-24 12:00:00,31178,drift,"[0, 25, 28, 36, 43, 49, 88, 90]",,,,Right
2025-07-24 12:00:00,31178,promotion,"[0, 25, 28, 36, 43, 49, 88, 91]",,91.0,90.0,Right
2025-07-24 15:00:00,52340,warning,"[0, 53, 106, 111, 117, 128, 138, 142]",143.0,,,Left
2025-07-24 18:00:00,81290,warning,"[0, 150, 163, 178, 183, 184, 185, 189]",190.0,,,Global
2025-07-25 08:00:00,81498,drift,"[0, 150, 163, 178, 183, 184, 185, 189]",,,,Global
2025-07-25 08:00:00,81498,promotion,"[0, 150, 163, 178, 183, 184, 185, 190]",,190.0,189.0,Global
2025-07-25 09:00:00,52558,drift,"[0, 53, 106, 111, 117, 128, 138, 142]",,,,Left
2025-07-25 09:00:00,52558,promotion,"[0, 53, 106, 111, 117, 128, 138, 143]",,143.0,142.0,Left
2025-07-25 14:00:00,52654,warning,"[0, 53, 106, 111, 117, 128, 138, 143]",144.0,,,Left
2025-07-25 16:00:00,81690,warning,"[0, 150, 163, 178, 183, 184, 185, 190]",191.0,,,Global
2025-07-25 17:00:00,31402,warning,"[0, 25, 28, 36, 43, 49, 88, 91]",92.0,,,Right
2025-07-26 01:00:00,81898,drift,"[0, 150, 163, 178, 183, 184, 185, 190]",,,,Global
2025-07-26 01:00:00,81898,promotion,"[0, 150, 163, 178, 183, 184, 185, 191]",,191.0,190.0,Global
2025-07-26 10:00:00,82026,warning,"[0, 150, 163, 178, 183, 184, 185, 191]",192.0,,,Global
2025-07-26 21:00:00,31598,drift,"[0, 25, 28, 36, 43, 49, 88, 91]",,,,Right
2025-07-26 21:00:00,31598,promotion,"[0, 25, 28, 36, 43, 49, 88, 92]",,92.0,91.0,Right
2025-07-26 21:00:00,82298,drift,"[0, 150, 163, 178, 183, 184, 185, 191]",,,,Global
2025-07-26 21:00:00,82298,promotion,"[0, 150, 163, 178, 183, 184, 185, 192]",,192.0,191.0,Global
2025-07-26 23:00:00,82394,warning,"[0, 150, 163, 178, 183, 184, 185, 192]",193.0,,,Global
2025-07-27 11:00:00,53224,drift,"[0, 53, 106, 111, 117, 128, 138, 143]",,,,Left
2025-07-27 11:00:00,53224,promotion,"[0, 53, 106, 111, 117, 128, 138, 144]",,144.0,143.0,Left
2025-07-27 17:00:00,31726,warning,"[0, 25, 28, 36, 43, 49, 88, 92]",93.0,,,Right
2025-07-27 17:00:00,82698,drift,"[0, 150, 163, 178, 183, 184, 185, 192]",,,,Global
2025-07-27 17:00:00,82698,promotion,"[0, 163, 178, 183, 184, 185, 192, 193]",,193.0,150.0,Global
2025-07-28 01:00:00,53416,warning,"[0, 53, 106, 111, 117, 128, 138, 144]",145.0,,,Left
2025-07-28 07:00:00,53446,drift,"[0, 53, 106, 111, 117, 128, 138, 144]",,,,Left
2025-07-28 07:00:00,53446,promotion,"[0, 53, 106, 111, 117, 128, 144, 145]",,145.0,138.0,Left
2025-07-28 08:00:00,82954,warning,"[0, 163, 178, 183, 184, 185, 192, 193]",194.0,,,Global
2025-07-28 14:00:00,31878,drift,"[0, 25, 28, 36, 43, 49, 88, 92]",,,,Right
2025-07-28 14:00:00,31878,promotion,"[0, 25, 28, 36, 43, 49, 88, 93]",,93.0,92.0,Right
2025-07-28 17:00:00,83098,drift,"[0, 163, 178, 183, 184, 185, 192, 193]",,,,Global
2025-07-28 17:00:00,83098,promotion,"[0, 163, 178, 184, 185, 192, 193, 194]",,194.0,183.0,Global
2025-07-28 18:00:00,53638,warning,"[0, 53, 106, 111, 117, 128, 144, 145]",146.0,,,Left
2025-07-28 18:00:00,83162,warning,"[0, 163, 178, 184, 185, 192, 193, 194]",195.0,,,Global
2025-07-28 20:00:00,53668,drift,"[0, 53, 106, 111, 117, 128, 144, 145]",,,,Left
2025-07-28 20:00:00,53668,promotion,"[0, 53, 106, 111, 117, 128, 144, 146]",,146.0,145.0,Left
2025-07-29 10:00:00,53796,warning,"[0, 53, 106, 111, 117, 128, 144, 146]",147.0,,,Left
2025-07-29 17:00:00,83498,drift,"[0, 163, 178, 184, 185, 192, 193, 194]",,,,Global
2025-07-29 17:00:00,83498,promotion,"[0, 163, 178, 184, 185, 192, 193, 195]",,195.0,194.0,Global
2025-07-29 17:00:00,53890,drift,"[0, 53, 106, 111, 117, 128, 144, 146]",,,,Left
2025-07-29 17:00:00,53890,promotion,"[0, 53, 106, 111, 117, 128, 144, 147]",,147.0,146.0,Left
2025-07-29 17:00:00,32070,warning,"[0, 25, 28, 36, 43, 49, 88, 93]",94.0,,,Right
2025-07-29 19:00:00,83594,warning,"[0, 163, 178, 184, 185, 192, 193, 195]",196.0,,,Global
2025-07-30 07:00:00,54018,warning,"[0, 53, 106, 111, 117, 128, 144, 147]",148.0,,,Left
2025-07-30 16:00:00,83898,drift,"[0, 163, 178, 184, 185, 192, 193, 195]",,,,Global
2025-07-30 16:00:00,83898,promotion,"[0, 163, 178, 184, 185, 192, 193, 196]",,196.0,195.0,Global
2025-07-30 18:00:00,83994,warning,"[0, 163, 178, 184, 185, 192, 193, 196]",197.0,,,Global
2025-07-31 08:00:00,54334,drift,"[0, 53, 106, 111, 117, 128, 144, 147]",,,,Left
2025-07-31 08:00:00,54334,promotion,"[0, 53, 106, 111, 117, 128, 144, 148]",,148.0,147.0,Left
2025-07-31 13:00:00,84298,drift,"[0, 163, 178, 184, 185, 192, 193, 196]",,,,Global
2025-07-31 13:00:00,84298,promotion,"[0, 163, 178, 184, 185, 192, 193, 197]",,197.0,196.0,Global
2025-07-31 19:00:00,54558,warning,"[0, 53, 106, 111, 117, 128, 144, 148]",149.0,,,Left
2025-07-31 21:00:00,84490,warning,"[0, 163, 178, 184, 185, 192, 193, 197]",198.0,,,Global
2025-08-01 03:00:00,32438,drift,"[0, 25, 28, 36, 43, 49, 88, 93]",,,,Right
2025-08-01 03:00:00,32438,promotion,"[0, 25, 28, 36, 43, 49, 88, 94]",,94.0,93.0,Right
2025-08-01 11:00:00,84698,drift,"[0, 163, 178, 184, 185, 192, 193, 197]",,,,Global
2025-08-01 11:00:00,84698,promotion,"[0, 163, 178, 184, 185, 192, 193, 198]",,198.0,197.0,Global
2025-08-01 16:00:00,54778,drift,"[0, 53, 106, 111, 117, 128, 144, 148]",,,,Left
2025-08-01 16:00:00,54778,promotion,"[0, 53, 106, 111, 117, 128, 144, 149]",,149.0,148.0,Left
2025-08-01 17:00:00,32566,warning,"[0, 25, 28, 36, 43, 49, 88, 94]",95.0,,,Right
2025-08-01 18:00:00,84858,warning,"[0, 163, 178, 184, 185, 192, 193, 198]",199.0,,,Global
2025-08-02 02:00:00,54906,warning,"[0, 53, 106, 111, 117, 128, 144, 149]",150.0,,,Left
2025-08-02 10:00:00,85098,drift,"[0, 163, 178, 184, 185, 192, 193, 198]",,,,Global
2025-08-02 10:00:00,85098,promotion,"[0, 163, 178, 184, 185, 192, 193, 199]",,199.0,198.0,Global
2025-08-02 13:00:00,55000,drift,"[0, 53, 106, 111, 117, 128, 144, 149]",,,,Left
2025-08-02 13:00:00,55000,promotion,"[0, 53, 106, 111, 117, 128, 144, 150]",,150.0,149.0,Left
2025-08-02 13:00:00,32718,drift,"[0, 25, 28, 36, 43, 49, 88, 94]",,,,Right
2025-08-02 13:00:00,32718,promotion,"[0, 25, 28, 36, 43, 49, 88, 95]",,95.0,94.0,Right
2025-08-02 13:00:00,85194,warning,"[0, 163, 178, 184, 185, 192, 193, 199]",200.0,,,Global
2025-08-02 21:00:00,55160,warning,"[0, 53, 106, 111, 117, 128, 144, 150]",151.0,,,Left
2025-08-02 23:00:00,85498,drift,"[0, 163, 178, 184, 185, 192, 193, 199]",,,,Global
2025-08-02 23:00:00,85498,promotion,"[0, 163, 178, 184, 185, 192, 193, 200]",,200.0,199.0,Global
2025-08-03 00:00:00,55222,drift,"[0, 53, 106, 111, 117, 128, 144, 150]",,,,Left
2025-08-03 00:00:00,55222,promotion,"[0, 53, 106, 111, 117, 128, 150, 151]",,151.0,144.0,Left
2025-08-03 00:00:00,32846,warning,"[0, 25, 28, 36, 43, 49, 88, 95]",96.0,,,Right
2025-08-03 10:00:00,85626,warning,"[0, 163, 178, 184, 185, 192, 193, 200]",201.0,,,Global
2025-08-03 15:00:00,55350,warning,"[0, 53, 106, 111, 117, 128, 150, 151]",152.0,,,Left
2025-08-03 22:00:00,55444,drift,"[0, 53, 106, 111, 117, 128, 150, 151]",,,,Left
2025-08-03 22:00:00,55444,promotion,"[0, 106, 111, 117, 128, 150, 151, 152]",,152.0,53.0,Left
2025-08-03 22:00:00,85898,drift,"[0, 163, 178, 184, 185, 192, 193, 200]",,,,Global
2025-08-03 22:00:00,85898,promotion,"[0, 163, 178, 184, 185, 192, 200, 201]",,201.0,193.0,Global
2025-08-03 22:00:00,32998,drift,"[0, 25, 28, 36, 43, 49, 88, 95]",,,,Right
2025-08-03 22:00:00,32998,promotion,"[0, 25, 28, 36, 43, 49, 95, 96]",,96.0,88.0,Right
2025-08-04 08:00:00,86026,warning,"[0, 163, 178, 184, 185, 192, 200, 201]",202.0,,,Global
2025-08-04 13:00:00,55604,warning,"[0, 106, 111, 117, 128, 150, 151, 152]",153.0,,,Left
2025-08-04 20:00:00,86298,drift,"[0, 163, 178, 184, 185, 192, 200, 201]",,,,Global
2025-08-04 20:00:00,86298,promotion,"[0, 163, 178, 184, 185, 192, 200, 202]",,202.0,201.0,Global
2025-08-04 21:00:00,33158,warning,"[0, 25, 28, 36, 43, 49, 95, 96]",97.0,,,Right
2025-08-05 07:00:00,86394,warning,"[0, 163, 178, 184, 185, 192, 200, 202]",203.0,,,Global
2025-08-05 14:00:00,55888,drift,"[0, 106, 111, 117, 128, 150, 151, 152]",,,,Left
2025-08-05 14:00:00,55888,promotion,"[0, 106, 111, 117, 128, 150, 152, 153]",,153.0,151.0,Left
2025-08-05 16:00:00,33278,drift,"[0, 25, 28, 36, 43, 49, 95, 96]",,,,Right
2025-08-05 16:00:00,33278,promotion,"[0, 25, 28, 36, 43, 49, 95, 97]",,97.0,96.0,Right
2025-08-05 19:00:00,86698,drift,"[0, 163, 178, 184, 185, 192, 200, 202]",,,,Global
2025-08-05 19:00:00,86698,promotion,"[0, 163, 178, 184, 185, 200, 202, 203]",,203.0,192.0,Global
2025-08-06 07:00:00,86794,warning,"[0, 163, 178, 184, 185, 200, 202, 203]",204.0,,,Global
2025-08-06 10:00:00,33406,warning,"[0, 25, 28, 36, 43, 49, 95, 97]",98.0,,,Right
2025-08-06 11:00:00,33418,drift,"[0, 25, 28, 36, 43, 49, 95, 97]",,,,Right
2025-08-06 11:00:00,33418,promotion,"[0, 25, 28, 36, 43, 49, 95, 98]",,98.0,97.0,Right
2025-08-06 16:00:00,56144,warning,"[0, 106, 111, 117, 128, 150, 152, 153]",154.0,,,Left
2025-08-06 19:00:00,87098,drift,"[0, 163, 178, 184, 185, 200, 202, 203]",,,,Global
2025-08-06 19:00:00,87098,promotion,"[0, 163, 184, 185, 200, 202, 203, 204]",,204.0,178.0,Global
2025-08-07 07:00:00,87194,warning,"[0, 163, 184, 185, 200, 202, 203, 204]",205.0,,,Global
2025-08-07 08:00:00,33546,warning,"[0, 25, 28, 36, 43, 49, 95, 98]",99.0,,,Right
2025-08-07 09:00:00,56332,drift,"[0, 106, 111, 117, 128, 150, 152, 153]",,,,Left
2025-08-07 09:00:00,56332,promotion,"[0, 106, 111, 117, 128, 150, 152, 154]",,154.0,153.0,Left
2025-08-07 18:00:00,87498,drift,"[0, 163, 184, 185, 200, 202, 203, 204]",,,,Global
2025-08-07 18:00:00,87498,promotion,"[0, 163, 184, 185, 200, 202, 203, 205]",,205.0,204.0,Global
2025-08-08 05:00:00,56556,warning,"[0, 106, 111, 117, 128, 150, 152, 154]",155.0,,,Left
2025-08-08 07:00:00,87626,warning,"[0, 163, 184, 185, 200, 202, 203, 205]",206.0,,,Global
2025-08-08 08:00:00,33698,drift,"[0, 25, 28, 36, 43, 49, 95, 98]",,,,Right
2025-08-08 08:00:00,33698,promotion,"[0, 25, 28, 36, 43, 49, 95, 99]",,99.0,98.0,Right
2025-08-08 17:00:00,87898,drift,"[0, 163, 184, 185, 200, 202, 203, 205]",,,,Global
2025-08-08 17:00:00,87898,promotion,"[0, 163, 184, 185, 200, 202, 203, 206]",,206.0,205.0,Global
2025-08-08 17:00:00,56776,drift,"[0, 106, 111, 117, 128, 150, 152, 154]",,,,Left
2025-08-08 17:00:00,56776,promotion,"[0, 106, 111, 117, 128, 150, 152, 155]",,155.0,154.0,Left
2025-08-08 19:00:00,87994,warning,"[0, 163, 184, 185, 200, 202, 203, 206]",207.0,,,Global
2025-08-09 17:00:00,33922,warning,"[0, 25, 28, 36, 43, 49, 95, 99]",100.0,,,Right
2025-08-09 20:00:00,57128,warning,"[0, 106, 111, 117, 128, 150, 152, 155]",156.0,,,Left
2025-08-09 22:00:00,33978,drift,"[0, 25, 28, 36, 43, 49, 95, 99]",,,,Right
2025-08-09 22:00:00,33978,promotion,"[0, 25, 28, 36, 43, 49, 95, 100]",,100.0,99.0,Right
2025-08-10 01:00:00,57220,drift,"[0, 106, 111, 117, 128, 150, 152, 155]",,,,Left
2025-08-10 01:00:00,57220,promotion,"[0, 106, 111, 117, 128, 150, 152, 156]",,156.0,155.0,Left
2025-08-10 12:00:00,88698,drift,"[0, 163, 184, 185, 200, 202, 203, 206]",,,,Global
2025-08-10 12:00:00,88698,promotion,"[0, 163, 184, 185, 200, 202, 203, 207]",,207.0,206.0,Global
2025-08-10 14:00:00,57348,warning,"[0, 106, 111, 117, 128, 150, 152, 156]",157.0,,,Left
2025-08-10 16:00:00,88794,warning,"[0, 163, 184, 185, 200, 202, 203, 207]",208.0,,,Global
2025-08-10 18:00:00,34106,warning,"[0, 25, 28, 36, 43, 49, 95, 100]",101.0,,,Right
2025-08-10 20:00:00,57442,drift,"[0, 106, 111, 117, 128, 150, 152, 156]",,,,Left
2025-08-10 20:00:00,57442,promotion,"[0, 106, 117, 128, 150, 152, 156, 157]",,157.0,111.0,Left
2025-08-11 08:00:00,57570,warning,"[0, 106, 117, 128, 150, 152, 156, 157]",158.0,,,Left
2025-08-11 09:00:00,89098,drift,"[0, 163, 184, 185, 200, 202, 203, 207]",,,,Global
2025-08-11 09:00:00,89098,promotion,"[0, 163, 184, 200, 202, 203, 207, 208]",,208.0,185.0,Global
2025-08-11 15:00:00,57664,drift,"[0, 106, 117, 128, 150, 152, 156, 157]",,,,Left
2025-08-11 15:00:00,57664,promotion,"[0, 106, 117, 128, 150, 152, 156, 158]",,158.0,157.0,Left
2025-08-11 18:00:00,89258,warning,"[0, 163, 184, 200, 202, 203, 207, 208]",209.0,,,Global
2025-08-11 21:00:00,57760,warning,"[0, 106, 117, 128, 150, 152, 156, 158]",159.0,,,Left
2025-08-12 12:00:00,89498,drift,"[0, 163, 184, 200, 202, 203, 207, 208]",,,,Global
2025-08-12 12:00:00,89498,promotion,"[0, 163, 184, 200, 202, 203, 207, 209]",,209.0,208.0,Global
2025-08-12 12:00:00,57886,drift,"[0, 106, 117, 128, 150, 152, 156, 158]",,,,Left
2025-08-12 12:00:00,57886,promotion,"[0, 106, 117, 128, 150, 152, 156, 159]",,159.0,158.0,Left
2025-08-12 13:00:00,34398,drift,"[0, 25, 28, 36, 43, 49, 95, 100]",,,,Right
2025-08-12 13:00:00,34398,promotion,"[0, 25, 28, 36, 43, 49, 100, 101]",,101.0,95.0,Right
2025-08-12 16:00:00,89594,warning,"[0, 163, 184, 200, 202, 203, 207, 209]",210.0,,,Global
2025-08-12 19:00:00,57982,warning,"[0, 106, 117, 128, 150, 152, 156, 159]",160.0,,,Left
2025-08-13 06:00:00,34494,warning,"[0, 25, 28, 36, 43, 49, 100, 101]",102.0,,,Right
2025-08-13 11:00:00,89898,drift,"[0, 163, 184, 200, 202, 203, 207, 209]",,,,Global
2025-08-13 11:00:00,89898,promotion,"[0, 163, 184, 200, 202, 203, 207, 210]",,210.0,209.0,Global
2025-08-13 19:00:00,90058,warning,"[0, 163, 184, 200, 202, 203, 207, 210]",211.0,,,Global
2025-08-14 07:00:00,58330,drift,"[0, 106, 117, 128, 150, 152, 156, 159]",,,,Left
2025-08-14 07:00:00,58330,promotion,"[0, 106, 117, 128, 150, 152, 156, 160]",,160.0,159.0,Left
2025-08-14 08:00:00,34678,drift,"[0, 25, 28, 36, 43, 49, 100, 101]",,,,Right
2025-08-14 08:00:00,34678,promotion,"[0, 25, 28, 36, 43, 49, 100, 102]",,102.0,101.0,Right
2025-08-14 13:00:00,90298,drift,"[0, 163, 184, 200, 202, 203, 207, 210]",,,,Global
2025-08-14 13:00:00,90298,promotion,"[0, 163, 184, 200, 202, 203, 207, 211]",,211.0,210.0,Global
2025-08-14 15:00:00,58458,warning,"[0, 106, 117, 128, 150, 152, 156, 160]",161.0,,,Left
2025-08-14 19:00:00,90458,warning,"[0, 163, 184, 200, 202, 203, 207, 211]",212.0,,,Global
2025-08-15 10:00:00,90698,drift,"[0, 163, 184, 200, 202, 203, 207, 211]",,,,Global
2025-08-15 10:00:00,90698,promotion,"[0, 163, 184, 200, 202, 203, 207, 212]",,212.0,211.0,Global
2025-08-15 14:00:00,34902,warning,"[0, 25, 28, 36, 43, 49, 100, 102]",103.0,,,Right
2025-08-15 16:00:00,90826,warning,"[0, 163, 184, 200, 202, 203, 207, 212]",213.0,,,Global
2025-08-15 19:00:00,34958,drift,"[0, 25, 28, 36, 43, 49, 100, 102]",,,,Right
2025-08-15 19:00:00,34958,promotion,"[0, 25, 28, 36, 43, 49, 100, 103]",,103.0,102.0,Right
2025-08-16 06:00:00,91098,drift,"[0, 163, 184, 200, 202, 203, 207, 212]",,,,Global
2025-08-16 06:00:00,91098,promotion,"[0, 163, 184, 200, 202, 207, 212, 213]",,213.0,203.0,Global
2025-08-16 10:00:00,58996,drift,"[0, 106, 117, 128, 150, 152, 156, 160]",,,,Left
2025-08-16 10:00:00,58996,promotion,"[0, 106, 117, 128, 150, 152, 160, 161]",,161.0,156.0,Left
2025-08-16 14:00:00,91226,warning,"[0, 163, 184, 200, 202, 207, 212, 213]",214.0,,,Global
2025-08-16 20:00:00,35118,warning,"[0, 25, 28, 36, 43, 49, 100, 103]",104.0,,,Right
2025-08-16 22:00:00,59188,warning,"[0, 106, 117, 128, 150, 152, 160, 161]",162.0,,,Left
2025-08-17 00:00:00,91498,drift,"[0, 163, 184, 200, 202, 207, 212, 213]",,,,Global
2025-08-17 00:00:00,91498,promotion,"[0, 163, 200, 202, 207, 212, 213, 214]",,214.0,184.0,Global
2025-08-17 12:00:00,91626,warning,"[0, 163, 200, 202, 207, 212, 213, 214]",215.0,,,Global
2025-08-17 14:00:00,35238,drift,"[0, 25, 28, 36, 43, 49, 100, 103]",,,,Right
2025-08-17 14:00:00,35238,promotion,"[0, 25, 28, 36, 43, 49, 100, 104]",,104.0,103.0,Right
2025-08-17 22:00:00,59440,drift,"[0, 106, 117, 128, 150, 152, 160, 161]",,,,Left
2025-08-17 22:00:00,59440,promotion,"[0, 106, 117, 128, 152, 160, 161, 162]",,162.0,150.0,Left
2025-08-18 00:00:00,91898,drift,"[0, 163, 200, 202, 207, 212, 213, 214]",,,,Global
2025-08-18 00:00:00,91898,promotion,"[0, 163, 200, 207, 212, 213, 214, 215]",,215.0,202.0,Global
2025-08-18 08:00:00,35366,warning,"[0, 25, 28, 36, 43, 49, 100, 104]",105.0,,,Right
2025-08-18 08:00:00,91994,warning,"[0, 163, 200, 207, 212, 213, 214, 215]",216.0,,,Global
2025-08-18 18:00:00,59632,warning,"[0, 106, 117, 128, 152, 160, 161, 162]",163.0,,,Left
2025-08-19 05:00:00,92298,drift,"[0, 163, 200, 207, 212, 213, 214, 215]",,,,Global
2025-08-19 05:00:00,92298,promotion,"[0, 163, 200, 207, 212, 213, 214, 216]",,216.0,215.0,Global
2025-08-19 09:00:00,92394,warning,"[0, 163, 200, 207, 212, 213, 214, 216]",217.0,,,Global
2025-08-19 18:00:00,59884,drift,"[0, 106, 117, 128, 152, 160, 161, 162]",,,,Left
2025-08-19 18:00:00,59884,promotion,"[0, 106, 117, 128, 152, 160, 161, 163]",,163.0,162.0,Left
2025-08-20 05:00:00,92698,drift,"[0, 163, 200, 207, 212, 213, 214, 216]",,,,Global
2025-08-20 05:00:00,92698,promotion,"[0, 163, 200, 207, 212, 213, 214, 217]",,217.0,216.0,Global
2025-08-20 07:00:00,35658,drift,"[0, 25, 28, 36, 43, 49, 100, 104]",,,,Right
2025-08-20 07:00:00,35658,promotion,"[0, 25, 28, 36, 43, 49, 100, 105]",,105.0,104.0,Right
2025-08-20 10:00:00,92826,warning,"[0, 163, 200, 207, 212, 213, 214, 217]",218.0,,,Global
2025-08-20 14:00:00,60076,warning,"[0, 106, 117, 128, 152, 160, 161, 163]",164.0,,,Left
2025-08-21 04:00:00,93098,drift,"[0, 163, 200, 207, 212, 213, 214, 217]",,,,Global
2025-08-21 04:00:00,93098,promotion,"[0, 163, 200, 207, 212, 213, 214, 218]",,218.0,217.0,Global
2025-08-21 09:00:00,93194,warning,"[0, 163, 200, 207, 212, 213, 214, 218]",219.0,,,Global
2025-08-21 09:00:00,35850,warning,"[0, 25, 28, 36, 43, 49, 100, 105]",106.0,,,Right
2025-08-21 14:00:00,60328,drift,"[0, 106, 117, 128, 152, 160, 161, 163]",,,,Left
2025-08-21 14:00:00,60328,promotion,"[0, 106, 117, 128, 152, 160, 161, 164]",,164.0,163.0,Left
2025-08-22 06:00:00,60488,warning,"[0, 106, 117, 128, 152, 160, 161, 164]",165.0,,,Left
2025-08-22 07:00:00,93498,drift,"[0, 163, 200, 207, 212, 213, 214, 218]",,,,Global
2025-08-22 07:00:00,93498,promotion,"[0, 163, 200, 207, 212, 213, 214, 219]",,219.0,218.0,Global
2025-08-22 09:00:00,60550,drift,"[0, 106, 117, 128, 152, 160, 161, 164]",,,,Left
2025-08-22 09:00:00,60550,promotion,"[0, 106, 117, 128, 152, 160, 161, 165]",,165.0,164.0,Left
2025-08-22 10:00:00,93626,warning,"[0, 163, 200, 207, 212, 213, 214, 219]",220.0,,,Global
2025-08-22 19:00:00,93898,drift,"[0, 163, 200, 207, 212, 213, 214, 219]",,,,Global
2025-08-22 19:00:00,93898,promotion,"[0, 163, 200, 207, 212, 213, 214, 220]",,220.0,219.0,Global
2025-08-23 00:00:00,60774,warning,"[0, 106, 117, 128, 152, 160, 161, 165]",166.0,,,Left
2025-08-23 05:00:00,94058,warning,"[0, 163, 200, 207, 212, 213, 214, 220]",221.0,,,Global
2025-08-23 13:00:00,36218,drift,"[0, 25, 28, 36, 43, 49, 100, 105]",,,,Right
2025-08-23 13:00:00,36218,promotion,"[0, 25, 28, 36, 43, 49, 100, 106]",,106.0,105.0,Right
2025-08-23 19:00:00,94298,drift,"[0, 163, 200, 207, 212, 213, 214, 220]",,,,Global
2025-08-23 19:00:00,94298,promotion,"[0, 163, 207, 212, 213, 214, 220, 221]",,221.0,200.0,Global
2025-08-23 19:00:00,60994,drift,"[0, 106, 117, 128, 152, 160, 161, 165]",,,,Left
2025-08-23 19:00:00,60994,promotion,"[0, 106, 117, 128, 152, 160, 161, 166]",,166.0,165.0,Left
2025-08-23 21:00:00,94394,warning,"[0, 163, 207, 212, 213, 214, 220, 221]",222.0,,,Global
2025-08-24 11:00:00,61186,warning,"[0, 106, 117, 128, 152, 160, 161, 166]",167.0,,,Left
2025-08-24 12:00:00,36378,warning,"[0, 25, 28, 36, 43, 49, 100, 106]",107.0,,,Right
2025-08-24 14:00:00,94698,drift,"[0, 163, 207, 212, 213, 214, 220, 221]",,,,Global
2025-08-24 14:00:00,94698,promotion,"[0, 207, 212, 213, 214, 220, 221, 222]",,222.0,163.0,Global
2025-08-24 23:00:00,94922,warning,"[0, 207, 212, 213, 214, 220, 221, 222]",223.0,,,Global
2025-08-25 06:00:00,36498,drift,"[0, 25, 28, 36, 43, 49, 100, 106]",,,,Right
2025-08-25 06:00:00,36498,promotion,"[0, 25, 28, 36, 43, 49, 100, 107]",,107.0,106.0,Right
2025-08-25 12:00:00,95098,drift,"[0, 207, 212, 213, 214, 220, 221, 222]",,,,Global
2025-08-25 12:00:00,95098,promotion,"[0, 207, 212, 214, 220, 221, 222, 223]",,223.0,213.0,Global
2025-08-25 17:00:00,95226,warning,"[0, 207, 212, 214, 220, 221, 222, 223]",224.0,,,Global
2025-08-26 04:00:00,61660,drift,"[0, 106, 117, 128, 152, 160, 161, 166]",,,,Left
2025-08-26 04:00:00,61660,promotion,"[0, 106, 117, 128, 152, 160, 161, 167]",,167.0,166.0,Left
2025-08-26 08:00:00,36658,warning,"[0, 25, 28, 36, 43, 49, 100, 107]",108.0,,,Right
2025-08-26 09:00:00,95498,drift,"[0, 207, 212, 214, 220, 221, 222, 223]",,,,Global
2025-08-26 09:00:00,95498,promotion,"[0, 207, 212, 214, 220, 221, 222, 224]",,224.0,223.0,Global
2025-08-26 13:00:00,61788,warning,"[0, 106, 117, 128, 152, 160, 161, 167]",168.0,,,Left
2025-08-26 16:00:00,95626,warning,"[0, 207, 212, 214, 220, 221, 222, 224]",225.0,,,Global
2025-08-27 09:00:00,95898,drift,"[0, 207, 212, 214, 220, 221, 222, 224]",,,,Global
2025-08-27 09:00:00,95898,promotion,"[0, 207, 212, 214, 220, 221, 222, 225]",,225.0,224.0,Global
2025-08-27 17:00:00,62104,drift,"[0, 106, 117, 128, 152, 160, 161, 167]",,,,Left
2025-08-27 17:00:00,62104,promotion,"[0, 106, 117, 128, 152, 160, 161, 168]",,168.0,167.0,Left
2025-08-27 18:00:00,96090,warning,"[0, 207, 212, 214, 220, 221, 222, 225]",226.0,,,Global
2025-08-28 03:00:00,36918,drift,"[0, 25, 28, 36, 43, 49, 100, 107]",,,,Right
2025-08-28 03:00:00,36918,promotion,"[0, 25, 28, 36, 43, 49, 100, 108]",,108.0,107.0,Right
2025-08-28 08:00:00,62264,warning,"[0, 106, 117, 128, 152, 160, 161, 168]",169.0,,,Left
2025-08-28 11:00:00,96298,drift,"[0, 207, 212, 214, 220, 221, 222, 225]",,,,Global
2025-08-28 11:00:00,96298,promotion,"[0, 207, 212, 214, 220, 221, 222, 226]",,226.0,225.0,Global
2025-08-28 18:00:00,96458,warning,"[0, 207, 212, 214, 220, 221, 222, 226]",227.0,,,Global
2025-08-28 18:00:00,37046,warning,"[0, 25, 28, 36, 43, 49, 100, 108]",109.0,,,Right
2025-08-29 09:00:00,96698,drift,"[0, 207, 212, 214, 220, 221, 222, 226]",,,,Global
2025-08-29 09:00:00,96698,promotion,"[0, 207, 212, 214, 220, 221, 222, 227]",,227.0,226.0,Global
2025-08-29 13:00:00,96794,warning,"[0, 207, 212, 214, 220, 221, 222, 227]",228.0,,,Global
2025-08-29 17:00:00,37198,drift,"[0, 25, 28, 36, 43, 49, 100, 108]",,,,Right
2025-08-29 17:00:00,37198,promotion,"[0, 25, 28, 36, 43, 49, 100, 109]",,109.0,108.0,Right
2025-08-30 02:00:00,97098,drift,"[0, 207, 212, 214, 220, 221, 222, 227]",,,,Global
2025-08-30 02:00:00,97098,promotion,"[0, 207, 212, 214, 220, 221, 222, 228]",,228.0,227.0,Global
2025-08-30 14:00:00,97258,warning,"[0, 207, 212, 214, 220, 221, 222, 228]",229.0,,,Global
2025-08-30 19:00:00,62992,drift,"[0, 106, 117, 128, 152, 160, 161, 168]",,,,Left
2025-08-30 19:00:00,62992,promotion,"[0, 106, 117, 128, 152, 160, 168, 169]",,169.0,161.0,Left
2025-08-30 22:00:00,97498,drift,"[0, 207, 212, 214, 220, 221, 222, 228]",,,,Global
2025-08-30 22:00:00,97498,promotion,"[0, 207, 212, 214, 221, 222, 228, 229]",,229.0,220.0,Global
2025-08-30 22:00:00,37454,warning,"[0, 25, 28, 36, 43, 49, 100, 109]",110.0,,,Right
2025-08-31 01:00:00,63120,warning,"[0, 106, 117, 128, 152, 160, 168, 169]",170.0,,,Left
2025-08-31 06:00:00,97626,warning,"[0, 207, 212, 214, 221, 222, 228, 229]",230.0,,,Global
2025-08-31 12:00:00,63214,drift,"[0, 106, 117, 128, 152, 160, 168, 169]",,,,Left
2025-08-31 12:00:00,63214,promotion,"[0, 106, 117, 152, 160, 168, 169, 170]",,170.0,128.0,Left
2025-08-31 21:00:00,37618,drift,"[0, 25, 28, 36, 43, 49, 100, 109]",,,,Right
2025-08-31 21:00:00,37618,promotion,"[0, 25, 28, 36, 43, 49, 100, 110]",,110.0,109.0,Right
2025-08-31 23:00:00,97898,drift,"[0, 207, 212, 214, 221, 222, 228, 229]",,,,Global
2025-08-31 23:00:00,97898,promotion,"[0, 207, 214, 221, 222, 228, 229, 230]",,230.0,212.0,Global
2025-09-01 08:00:00,97994,warning,"[0, 207, 214, 221, 222, 228, 229, 230]",231.0,,,Global
2025-09-01 15:00:00,63534,warning,"[0, 106, 117, 152, 160, 168, 169, 170]",171.0,,,Left
2025-09-02 03:00:00,98298,drift,"[0, 207, 214, 221, 222, 228, 229, 230]",,,,Global
2025-09-02 03:00:00,98298,promotion,"[0, 207, 214, 221, 222, 228, 229, 231]",,231.0,230.0,Global
2025-09-02 07:00:00,63658,drift,"[0, 106, 117, 152, 160, 168, 169, 170]",,,,Left
2025-09-02 07:00:00,63658,promotion,"[0, 106, 117, 152, 160, 168, 169, 171]",,171.0,170.0,Left
2025-09-02 09:00:00,98394,warning,"[0, 207, 214, 221, 222, 228, 229, 231]",232.0,,,Global
2025-09-02 12:00:00,37842,warning,"[0, 25, 28, 36, 43, 49, 100, 110]",111.0,,,Right
2025-09-02 14:00:00,63754,warning,"[0, 106, 117, 152, 160, 168, 169, 171]",172.0,,,Left
2025-09-03 06:00:00,98698,drift,"[0, 207, 214, 221, 222, 228, 229, 231]",,,,Global
2025-09-03 06:00:00,98698,promotion,"[0, 207, 214, 221, 222, 228, 229, 232]",,232.0,231.0,Global
2025-09-03 07:00:00,63880,drift,"[0, 106, 117, 152, 160, 168, 169, 171]",,,,Left
2025-09-03 07:00:00,63880,promotion,"[0, 106, 117, 152, 160, 168, 169, 172]",,172.0,171.0,Left
2025-09-03 17:00:00,98922,warning,"[0, 207, 214, 221, 222, 228, 229, 232]",233.0,,,Global
2025-09-03 19:00:00,38038,drift,"[0, 25, 28, 36, 43, 49, 100, 110]",,,,Right
2025-09-03 19:00:00,38038,promotion,"[0, 25, 28, 36, 43, 49, 100, 111]",,111.0,110.0,Right
2025-09-04 06:00:00,64104,warning,"[0, 106, 117, 152, 160, 168, 169, 172]",173.0,,,Left
2025-09-04 08:00:00,99098,drift,"[0, 207, 214, 221, 222, 228, 229, 232]",,,,Global
2025-09-04 08:00:00,99098,promotion,"[0, 207, 214, 221, 222, 228, 229, 233]",,233.0,232.0,Global
2025-09-04 14:00:00,99226,warning,"[0, 207, 214, 221, 222, 228, 229, 233]",234.0,,,Global
2025-09-04 20:00:00,64324,drift,"[0, 106, 117, 152, 160, 168, 169, 172]",,,,Left
2025-09-04 20:00:00,64324,promotion,"[0, 106, 117, 152, 160, 168, 169, 173]",,173.0,172.0,Left
2025-09-05 08:00:00,64420,warning,"[0, 106, 117, 152, 160, 168, 169, 173]",174.0,,,Left
2025-09-05 08:00:00,99498,drift,"[0, 207, 214, 221, 222, 228, 229, 233]",,,,Global
2025-09-05 08:00:00,99498,promotion,"[0, 207, 214, 221, 222, 228, 229, 234]",,234.0,233.0,Global
2025-09-05 16:00:00,99658,warning,"[0, 207, 214, 221, 222, 228, 229, 234]",235.0,,,Global
2025-09-05 16:00:00,64546,drift,"[0, 106, 117, 152, 160, 168, 169, 173]",,,,Left
2025-09-05 16:00:00,64546,promotion,"[0, 106, 117, 152, 160, 168, 169, 174]",,174.0,173.0,Left
2025-09-05 17:00:00,38358,warning,"[0, 25, 28, 36, 43, 49, 100, 111]",112.0,,,Right
2025-09-06 03:00:00,99898,drift,"[0, 207, 214, 221, 222, 228, 229, 234]",,,,Global
2025-09-06 03:00:00,99898,promotion,"[0, 207, 214, 221, 222, 228, 229, 235]",,235.0,234.0,Global
2025-09-06 03:00:00,64706,warning,"[0, 106, 117, 152, 160, 168, 169, 174]",175.0,,,Left
2025-09-06 11:00:00,64768,drift,"[0, 106, 117, 152, 160, 168, 169, 174]",,,,Left
2025-09-06 11:00:00,64768,promotion,"[0, 106, 117, 152, 160, 168, 169, 175]",,175.0,174.0,Left
2025-09-06 13:00:00,99994,warning,"[0, 207, 214, 221, 222, 228, 229, 235]",236.0,,,Global
2025-09-06 20:00:00,64896,warning,"[0, 106, 117, 152, 160, 168, 169, 175]",176.0,,,Left
2025-09-07 00:00:00,100298,drift,"[0, 207, 214, 221, 222, 228, 229, 235]",,,,Global
2025-09-07 00:00:00,100298,promotion,"[0, 207, 214, 221, 222, 228, 235, 236]",,236.0,229.0,Global
2025-09-07 01:00:00,38598,drift,"[0, 25, 28, 36, 43, 49, 100, 111]",,,,Right
2025-09-07 01:00:00,38598,promotion,"[0, 25, 28, 36, 43, 49, 100, 112]",,112.0,111.0,Right
2025-09-07 01:00:00,64990,drift,"[0, 106, 117, 152, 160, 168, 169, 175]",,,,Left
2025-09-07 01:00:00,64990,promotion,"[0, 106, 117, 152, 160, 169, 175, 176]",,176.0,168.0,Left
2025-09-07 18:00:00,65118,warning,"[0, 106, 117, 152, 160, 169, 175, 176]",177.0,,,Left
2025-09-07 18:00:00,100554,warning,"[0, 207, 214, 221, 222, 228, 235, 236]",237.0,,,Global
2025-09-07 21:00:00,38726,warning,"[0, 25, 28, 36, 43, 49, 100, 112]",113.0,,,Right
2025-09-07 23:00:00,100698,drift,"[0, 207, 214, 221, 222, 228, 235, 236]",,,,Global
2025-09-07 23:00:00,100698,promotion,"[0, 207, 214, 221, 222, 235, 236, 237]",,237.0,228.0,Global
2025-09-08 08:00:00,100794,warning,"[0, 207, 214, 221, 222, 235, 236, 237]",238.0,,,Global
2025-09-08 22:00:00,65434,drift,"[0, 106, 117, 152, 160, 169, 175, 176]",,,,Left
2025-09-08 22:00:00,65434,promotion,"[0, 106, 117, 152, 160, 169, 175, 177]",,177.0,176.0,Left
2025-09-09 01:00:00,101098,drift,"[0, 207, 214, 221, 222, 235, 236, 237]",,,,Global
2025-09-09 01:00:00,101098,promotion,"[0, 207, 214, 221, 222, 235, 236, 238]",,238.0,237.0,Global
2025-09-09 10:00:00,101226,warning,"[0, 207, 214, 221, 222, 235, 236, 238]",239.0,,,Global
2025-09-09 21:00:00,65658,warning,"[0, 106, 117, 152, 160, 169, 175, 177]",178.0,,,Left
2025-09-10 07:00:00,101498,drift,"[0, 207, 214, 221, 222, 235, 236, 238]",,,,Global
2025-09-10 07:00:00,101498,promotion,"[0, 207, 214, 221, 222, 235, 236, 239]",,239.0,238.0,Global
2025-09-10 08:00:00,39018,drift,"[0, 25, 28, 36, 43, 49, 100, 112]",,,,Right
2025-09-10 08:00:00,39018,promotion,"[0, 25, 28, 36, 43, 49, 100, 113]",,113.0,112.0,Right
2025-09-10 10:00:00,101594,warning,"[0, 207, 214, 221, 222, 235, 236, 239]",240.0,,,Global
2025-09-11 06:00:00,39146,warning,"[0, 25, 28, 36, 43, 49, 100, 113]",114.0,,,Right
2025-09-11 08:00:00,101898,drift,"[0, 207, 214, 221, 222, 235, 236, 239]",,,,Global
2025-09-11 08:00:00,101898,promotion,"[0, 207, 214, 221, 222, 235, 236, 240]",,240.0,239.0,Global
2025-09-11 14:00:00,102026,warning,"[0, 207, 214, 221, 222, 235, 236, 240]",241.0,,,Global
2025-09-12 07:00:00,39298,drift,"[0, 25, 28, 36, 43, 49, 100, 113]",,,,Right
2025-09-12 07:00:00,39298,promotion,"[0, 25, 28, 36, 43, 49, 100, 114]",,114.0,113.0,Right
2025-09-12 09:00:00,102298,drift,"[0, 207, 214, 221, 222, 235, 236, 240]",,,,Global
2025-09-12 09:00:00,102298,promotion,"[0, 207, 214, 221, 222, 235, 236, 241]",,241.0,240.0,Global
2025-09-12 13:00:00,66322,drift,"[0, 106, 117, 152, 160, 169, 175, 177]",,,,Left
2025-09-12 13:00:00,66322,promotion,"[0, 106, 117, 152, 160, 169, 175, 178]",,178.0,177.0,Left
2025-09-12 15:00:00,102426,warning,"[0, 207, 214, 221, 222, 235, 236, 241]",242.0,,,Global
2025-09-12 19:00:00,66450,warning,"[0, 106, 117, 152, 160, 169, 175, 178]",179.0,,,Left
2025-09-12 22:00:00,39426,warning,"[0, 25, 28, 36, 43, 49, 100, 114]",115.0,,,Right
2025-09-13 20:00:00,39578,drift,"[0, 25, 28, 36, 43, 49, 100, 114]",,,,Right
2025-09-13 20:00:00,39578,promotion,"[0, 25, 28, 36, 43, 49, 100, 115]",,115.0,114.0,Right
2025-09-13 23:00:00,66766,drift,"[0, 106, 117, 152, 160, 169, 175, 178]",,,,Left
2025-09-13 23:00:00,66766,promotion,"[0, 106, 117, 152, 160, 169, 175, 179]",,179.0,178.0,Left
2025-09-14 02:00:00,103098,drift,"[0, 207, 214, 221, 222, 235, 236, 241]",,,,Global
2025-09-14 02:00:00,103098,promotion,"[0, 207, 214, 221, 222, 236, 241, 242]",,242.0,235.0,Global
2025-09-14 15:00:00,103226,warning,"[0, 207, 214, 221, 222, 236, 241, 242]",243.0,,,Global
2025-09-14 17:00:00,66926,warning,"[0, 106, 117, 152, 160, 169, 175, 179]",180.0,,,Left
2025-09-14 21:00:00,39770,warning,"[0, 25, 28, 36, 43, 49, 100, 115]",116.0,,,Right
2025-09-14 21:00:00,66988,drift,"[0, 106, 117, 152, 160, 169, 175, 179]",,,,Left
2025-09-14 21:00:00,66988,promotion,"[0, 106, 117, 152, 160, 169, 179, 180]",,180.0,175.0,Left
2025-09-15 08:00:00,103498,drift,"[0, 207, 214, 221, 222, 236, 241, 242]",,,,Global
2025-09-15 08:00:00,103498,promotion,"[0, 207, 214, 221, 222, 236, 242, 243]",,243.0,241.0,Global
2025-09-15 09:00:00,39858,drift,"[0, 25, 28, 36, 43, 49, 100, 115]",,,,Right
2025-09-15 09:00:00,39858,promotion,"[0, 25, 28, 36, 43, 49, 100, 116]",,116.0,115.0,Right
2025-09-15 10:00:00,103562,warning,"[0, 207, 214, 221, 222, 236, 242, 243]",244.0,,,Global
2025-09-15 11:00:00,67116,warning,"[0, 106, 117, 152, 160, 169, 179, 180]",181.0,,,Left
2025-09-15 19:00:00,67210,drift,"[0, 106, 117, 152, 160, 169, 179, 180]",,,,Left
2025-09-15 19:00:00,67210,promotion,"[0, 106, 117, 152, 160, 169, 179, 181]",,181.0,180.0,Left
2025-09-16 08:00:00,103898,drift,"[0, 207, 214, 221, 222, 236, 242, 243]",,,,Global
2025-09-16 08:00:00,103898,promotion,"[0, 207, 214, 221, 222, 242, 243, 244]",,244.0,236.0,Global
2025-09-16 12:00:00,67370,warning,"[0, 106, 117, 152, 160, 169, 179, 181]",182.0,,,Left
2025-09-16 15:00:00,104026,warning,"[0, 207, 214, 221, 222, 242, 243, 244]",245.0,,,Global
2025-09-16 17:00:00,67432,drift,"[0, 106, 117, 152, 160, 169, 179, 181]",,,,Left
2025-09-16 17:00:00,67432,promotion,"[0, 106, 117, 152, 160, 169, 179, 182]",,182.0,181.0,Left
2025-09-16 17:00:00,40050,warning,"[0, 25, 28, 36, 43, 49, 100, 116]",117.0,,,Right
2025-09-17 08:00:00,67560,warning,"[0, 106, 117, 152, 160, 169, 179, 182]",183.0,,,Left
2025-09-17 08:00:00,40138,drift,"[0, 25, 28, 36, 43, 49, 100, 116]",,,,Right
2025-09-17 08:00:00,40138,promotion,"[0, 25, 28, 36, 43, 49, 100, 117]",,117.0,116.0,Right
2025-09-17 09:00:00,104298,drift,"[0, 207, 214, 221, 222, 242, 243, 244]",,,,Global
2025-09-17 09:00:00,104298,promotion,"[0, 207, 214, 221, 222, 242, 243, 245]",,245.0,244.0,Global
2025-09-17 16:00:00,67654,drift,"[0, 106, 117, 152, 160, 169, 179, 182]",,,,Left
2025-09-17 16:00:00,67654,promotion,"[0, 106, 117, 152, 160, 169, 179, 183]",,183.0,182.0,Left
2025-09-17 17:00:00,104426,warning,"[0, 207, 214, 221, 222, 242, 243, 245]",246.0,,,Global
2025-09-18 10:00:00,104698,drift,"[0, 207, 214, 221, 222, 242, 243, 245]",,,,Global
2025-09-18 10:00:00,104698,promotion,"[0, 207, 214, 221, 222, 242, 243, 246]",,246.0,245.0,Global
2025-09-18 11:00:00,40298,warning,"[0, 25, 28, 36, 43, 49, 100, 117]",118.0,,,Right
2025-09-18 16:00:00,67910,warning,"[0, 106, 117, 152, 160, 169, 179, 183]",184.0,,,Left
2025-09-18 16:00:00,104794,warning,"[0, 207, 214, 221, 222, 242, 243, 246]",247.0,,,Global
2025-09-19 07:00:00,40418,drift,"[0, 25, 28, 36, 43, 49, 100, 117]",,,,Right
2025-09-19 07:00:00,40418,promotion,"[0, 25, 28, 36, 43, 49, 100, 118]",,118.0,117.0,Right
2025-09-19 09:00:00,68098,drift,"[0, 106, 117, 152, 160, 169, 179, 183]",,,,Left
2025-09-19 09:00:00,68098,promotion,"[0, 106, 117, 152, 160, 169, 179, 184]",,184.0,183.0,Left
2025-09-19 10:00:00,105098,drift,"[0, 207, 214, 221, 222, 242, 243, 246]",,,,Global
2025-09-19 10:00:00,105098,promotion,"[0, 207, 214, 221, 222, 242, 246, 247]",,247.0,243.0,Global
2025-09-19 18:00:00,105290,warning,"[0, 207, 214, 221, 222, 242, 246, 247]",248.0,,,Global
2025-09-19 23:00:00,40546,warning,"[0, 25, 28, 36, 43, 49, 100, 118]",119.0,,,Right
2025-09-20 00:00:00,68290,warning,"[0, 106, 117, 152, 160, 169, 179, 184]",185.0,,,Left
2025-09-20 08:00:00,105498,drift,"[0, 207, 214, 221, 222, 242, 246, 247]",,,,Global
2025-09-20 08:00:00,105498,promotion,"[0, 207, 214, 221, 222, 242, 247, 248]",,248.0,246.0,Global
2025-09-20 14:00:00,105626,warning,"[0, 207, 214, 221, 222, 242, 247, 248]",249.0,,,Global
2025-09-20 22:00:00,68542,drift,"[0, 106, 117, 152, 160, 169, 179, 184]",,,,Left
2025-09-20 22:00:00,68542,promotion,"[0, 106, 117, 152, 160, 169, 184, 185]",,185.0,179.0,Left
2025-09-21 00:00:00,105898,drift,"[0, 207, 214, 221, 222, 242, 247, 248]",,,,Global
2025-09-21 00:00:00,105898,promotion,"[0, 207, 214, 221, 222, 242, 248, 249]",,249.0,247.0,Global
2025-09-21 11:00:00,106026,warning,"[0, 207, 214, 221, 222, 242, 248, 249]",250.0,,,Global
2025-09-21 18:00:00,68734,warning,"[0, 106, 117, 152, 160, 169, 184, 185]",186.0,,,Left
2025-09-21 21:00:00,40838,drift,"[0, 25, 28, 36, 43, 49, 100, 118]",,,,Right
2025-09-21 21:00:00,40838,promotion,"[0, 25, 28, 36, 43, 49, 100, 119]",,119.0,118.0,Right
2025-09-22 06:00:00,106298,drift,"[0, 207, 214, 221, 222, 242, 248, 249]",,,,Global
2025-09-22 06:00:00,106298,promotion,"[0, 207, 214, 221, 242, 248, 249, 250]",,250.0,222.0,Global
2025-09-22 08:00:00,106362,warning,"[0, 207, 214, 221, 242, 248, 249, 250]",251.0,,,Global
2025-09-22 17:00:00,68986,drift,"[0, 106, 117, 152, 160, 169, 184, 185]",,,,Left
2025-09-22 17:00:00,68986,promotion,"[0, 106, 117, 152, 160, 184, 185, 186]",,186.0,169.0,Left
2025-09-22 20:00:00,40998,warning,"[0, 25, 28, 36, 43, 49, 100, 119]",120.0,,,Right
2025-09-23 08:00:00,106698,drift,"[0, 207, 214, 221, 242, 248, 249, 250]",,,,Global
2025-09-23 08:00:00,106698,promotion,"[0, 207, 214, 221, 242, 248, 249, 251]",,251.0,250.0,Global
2025-09-23 12:00:00,69146,warning,"[0, 106, 117, 152, 160, 184, 185, 186]",187.0,,,Left
2025-09-23 13:00:00,106794,warning,"[0, 207, 214, 221, 242, 248, 249, 251]",252.0,,,Global
2025-09-23 17:00:00,69208,drift,"[0, 106, 117, 152, 160, 184, 185, 186]",,,,Left
2025-09-23 17:00:00,69208,promotion,"[0, 106, 117, 152, 160, 184, 185, 187]",,187.0,186.0,Left
2025-09-23 18:00:00,41118,drift,"[0, 25, 28, 36, 43, 49, 100, 119]",,,,Right
2025-09-23 18:00:00,41118,promotion,"[0, 25, 28, 36, 43, 49, 100, 120]",,120.0,119.0,Right
2025-09-24 06:00:00,69304,warning,"[0, 106, 117, 152, 160, 184, 185, 187]",188.0,,,Left
2025-09-24 09:00:00,107098,drift,"[0, 207, 214, 221, 242, 248, 249, 251]",,,,Global
2025-09-24 09:00:00,107098,promotion,"[0, 207, 214, 221, 242, 248, 249, 252]",,252.0,251.0,Global
2025-09-24 15:00:00,69430,drift,"[0, 106, 117, 152, 160, 184, 185, 187]",,,,Left
2025-09-24 15:00:00,69430,promotion,"[0, 106, 117, 152, 160, 184, 185, 188]",,188.0,187.0,Left
2025-09-24 17:00:00,107258,warning,"[0, 207, 214, 221, 242, 248, 249, 252]",253.0,,,Global
2025-09-24 18:00:00,41246,warning,"[0, 25, 28, 36, 43, 49, 100, 120]",121.0,,,Right
2025-09-25 12:00:00,69654,warning,"[0, 106, 117, 152, 160, 184, 185, 188]",189.0,,,Left
2025-09-25 18:00:00,41398,drift,"[0, 25, 28, 36, 43, 49, 100, 120]",,,,Right
2025-09-25 18:00:00,41398,promotion,"[0, 25, 28, 36, 43, 49, 100, 121]",,121.0,120.0,Right
2025-09-26 09:00:00,107898,drift,"[0, 207, 214, 221, 242, 248, 249, 252]",,,,Global
2025-09-26 09:00:00,107898,promotion,"[0, 207, 214, 221, 242, 248, 249, 253]",,253.0,252.0,Global
2025-09-26 10:00:00,69874,drift,"[0, 106, 117, 152, 160, 184, 185, 188]",,,,Left
2025-09-26 10:00:00,69874,promotion,"[0, 106, 117, 152, 160, 184, 185, 189]",,189.0,188.0,Left
2025-09-26 15:00:00,108026,warning,"[0, 207, 214, 221, 242, 248, 249, 253]",254.0,,,Global
2025-09-26 16:00:00,41558,warning,"[0, 25, 28, 36, 43, 49, 100, 121]",122.0,,,Right
2025-09-27 03:00:00,108298,drift,"[0, 207, 214, 221, 242, 248, 249, 253]",,,,Global
2025-09-27 03:00:00,108298,promotion,"[0, 207, 214, 221, 242, 248, 249, 254]",,254.0,253.0,Global
2025-09-27 11:00:00,70130,warning,"[0, 106, 117, 152, 160, 184, 185, 189]",190.0,,,Left
2025-09-27 12:00:00,41678,drift,"[0, 25, 28, 36, 43, 49, 100, 121]",,,,Right
2025-09-27 12:00:00,41678,promotion,"[0, 25, 28, 36, 43, 49, 100, 122]",,122.0,121.0,Right
2025-09-27 14:00:00,108426,warning,"[0, 207, 214, 221, 242, 248, 249, 254]",255.0,,,Global
2025-09-27 23:00:00,70318,drift,"[0, 106, 117, 152, 160, 184, 185, 189]",,,,Left
2025-09-27 23:00:00,70318,promotion,"[0, 106, 117, 152, 160, 184, 185, 190]",,190.0,189.0,Left
2025-09-28 00:00:00,108698,drift,"[0, 207, 214, 221, 242, 248, 249, 254]",,,,Global
2025-09-28 00:00:00,108698,promotion,"[0, 207, 214, 221, 242, 249, 254, 255]",,255.0,248.0,Global
2025-09-28 00:00:00,41806,warning,"[0, 25, 28, 36, 43, 49, 100, 122]",123.0,,,Right
2025-09-28 14:00:00,108858,warning,"[0, 207, 214, 221, 242, 249, 254, 255]",256.0,,,Global
2025-09-28 16:00:00,70446,warning,"[0, 106, 117, 152, 160, 184, 185, 190]",191.0,,,Left
2025-09-28 22:00:00,70540,drift,"[0, 106, 117, 152, 160, 184, 185, 190]",,,,Left
2025-09-28 22:00:00,70540,promotion,"[0, 106, 117, 152, 160, 184, 190, 191]",,191.0,185.0,Left
2025-09-29 05:00:00,109098,drift,"[0, 207, 214, 221, 242, 249, 254, 255]",,,,Global
2025-09-29 05:00:00,109098,promotion,"[0, 207, 214, 221, 249, 254, 255, 256]",,256.0,242.0,Global
2025-09-29 07:00:00,41958,drift,"[0, 25, 28, 36, 43, 49, 100, 122]",,,,Right
2025-09-29 07:00:00,41958,promotion,"[0, 25, 28, 36, 43, 49, 100, 123]",,123.0,122.0,Right
2025-09-29 08:00:00,109162,warning,"[0, 207, 214, 221, 249, 254, 255, 256]",257.0,,,Global
2025-09-29 09:00:00,70636,warning,"[0, 106, 117, 152, 160, 184, 190, 191]",192.0,,,Left
2025-09-29 18:00:00,70762,drift,"[0, 106, 117, 152, 160, 184, 190, 191]",,,,Left
2025-09-29 18:00:00,70762,promotion,"[0, 106, 117, 152, 160, 184, 190, 192]",,192.0,191.0,Left
2025-09-30 07:00:00,109498,drift,"[0, 207, 214, 221, 249, 254, 255, 256]",,,,Global
2025-09-30 07:00:00,109498,promotion,"[0, 207, 214, 221, 249, 254, 255, 257]",,257.0,256.0,Global
2025-09-30 09:00:00,109562,warning,"[0, 207, 214, 221, 249, 254, 255, 257]",258.0,,,Global
2025-09-30 09:00:00,70890,warning,"[0, 106, 117, 152, 160, 184, 190, 192]",193.0,,,Left
2025-09-30 12:00:00,42150,warning,"[0, 25, 28, 36, 43, 49, 100, 123]",124.0,,,Right
2025-09-30 16:00:00,70984,drift,"[0, 106, 117, 152, 160, 184, 190, 192]",,,,Left
2025-09-30 16:00:00,70984,promotion,"[0, 106, 117, 152, 160, 184, 190, 193]",,193.0,192.0,Left
2025-10-01 08:00:00,109898,drift,"[0, 207, 214, 221, 249, 254, 255, 257]",,,,Global
2025-10-01 08:00:00,109898,promotion,"[0, 207, 214, 221, 249, 254, 255, 258]",,258.0,257.0,Global
2025-10-01 09:00:00,71144,warning,"[0, 106, 117, 152, 160, 184, 190, 193]",194.0,,,Left
2025-10-01 15:00:00,71206,drift,"[0, 106, 117, 152, 160, 184, 190, 193]",,,,Left
2025-10-01 15:00:00,71206,promotion,"[0, 106, 117, 152, 160, 184, 190, 194]",,194.0,193.0,Left
2025-10-01 16:00:00,110058,warning,"[0, 207, 214, 221, 249, 254, 255, 258]",259.0,,,Global
2025-10-02 08:00:00,110298,drift,"[0, 207, 214, 221, 249, 254, 255, 258]",,,,Global
2025-10-02 08:00:00,110298,promotion,"[0, 207, 214, 221, 249, 254, 255, 259]",,259.0,258.0,Global
2025-10-02 13:00:00,110426,warning,"[0, 207, 214, 221, 249, 254, 255, 259]",260.0,,,Global
2025-10-03 06:00:00,71590,warning,"[0, 106, 117, 152, 160, 184, 190, 194]",195.0,,,Left
2025-10-03 08:00:00,110698,drift,"[0, 207, 214, 221, 249, 254, 255, 259]",,,,Global
2025-10-03 08:00:00,110698,promotion,"[0, 207, 214, 221, 249, 254, 255, 260]",,260.0,259.0,Global
2025-10-03 15:00:00,110858,warning,"[0, 207, 214, 221, 249, 254, 255, 260]",261.0,,,Global
2025-10-04 01:00:00,71872,drift,"[0, 106, 117, 152, 160, 184, 190, 194]",,,,Left
2025-10-04 01:00:00,71872,promotion,"[0, 106, 117, 152, 160, 184, 190, 195]",,195.0,194.0,Left
2025-10-04 02:00:00,111098,drift,"[0, 207, 214, 221, 249, 254, 255, 260]",,,,Global
2025-10-04 02:00:00,111098,promotion,"[0, 207, 214, 221, 249, 254, 255, 261]",,261.0,260.0,Global
2025-10-04 13:00:00,111226,warning,"[0, 207, 214, 221, 249, 254, 255, 261]",262.0,,,Global
2025-10-04 15:00:00,72000,warning,"[0, 106, 117, 152, 160, 184, 190, 195]",196.0,,,Left
2025-10-04 20:00:00,42798,drift,"[0, 25, 28, 36, 43, 49, 100, 123]",,,,Right
2025-10-04 20:00:00,42798,promotion,"[0, 25, 28, 36, 43, 49, 100, 124]",,124.0,123.0,Right
2025-10-04 21:00:00,72094,drift,"[0, 106, 117, 152, 160, 184, 190, 195]",,,,Left
2025-10-04 21:00:00,72094,promotion,"[0, 106, 117, 152, 160, 184, 190, 196]",,196.0,195.0,Left
2025-10-05 01:00:00,111498,drift,"[0, 207, 214, 221, 249, 254, 255, 261]",,,,Global
2025-10-05 01:00:00,111498,promotion,"[0, 207, 214, 221, 249, 254, 255, 262]",,262.0,261.0,Global
2025-10-05 02:00:00,72190,warning,"[0, 106, 117, 152, 160, 184, 190, 196]",197.0,,,Left
2025-10-05 13:00:00,111626,warning,"[0, 207, 214, 221, 249, 254, 255, 262]",263.0,,,Global
2025-10-05 16:00:00,42926,warning,"[0, 25, 28, 36, 43, 49, 100, 124]",125.0,,,Right
2025-10-06 07:00:00,111898,drift,"[0, 207, 214, 221, 249, 254, 255, 262]",,,,Global
2025-10-06 07:00:00,111898,promotion,"[0, 207, 214, 221, 249, 255, 262, 263]",,263.0,254.0,Global
2025-10-06 09:00:00,111962,warning,"[0, 207, 214, 221, 249, 255, 262, 263]",264.0,,,Global
2025-10-06 13:00:00,72538,drift,"[0, 106, 117, 152, 160, 184, 190, 196]",,,,Left
2025-10-06 13:00:00,72538,promotion,"[0, 106, 117, 152, 160, 184, 196, 197]",,197.0,190.0,Left
2025-10-06 19:00:00,43078,drift,"[0, 25, 28, 36, 43, 49, 100, 124]",,,,Right
2025-10-06 19:00:00,43078,promotion,"[0, 25, 28, 36, 43, 49, 100, 125]",,125.0,124.0,Right
2025-10-06 20:00:00,72634,warning,"[0, 106, 117, 152, 160, 184, 196, 197]",198.0,,,Left
2025-10-07 08:00:00,112298,drift,"[0, 207, 214, 221, 249, 255, 262, 263]",,,,Global
2025-10-07 08:00:00,112298,promotion,"[0, 207, 214, 221, 249, 255, 262, 264]",,264.0,263.0,Global
2025-10-07 11:00:00,72760,drift,"[0, 106, 117, 152, 160, 184, 196, 197]",,,,Left
2025-10-07 11:00:00,72760,promotion,"[0, 106, 117, 152, 160, 184, 196, 198]",,198.0,197.0,Left
2025-10-07 14:00:00,112426,warning,"[0, 207, 214, 221, 249, 255, 262, 264]",265.0,,,Global
2025-10-07 20:00:00,43238,warning,"[0, 25, 28, 36, 43, 49, 100, 125]",126.0,,,Right
2025-10-07 23:00:00,72888,warning,"[0, 106, 117, 152, 160, 184, 196, 198]",199.0,,,Left
2025-10-08 09:00:00,112698,drift,"[0, 207, 214, 221, 249, 255, 262, 264]",,,,Global
2025-10-08 09:00:00,112698,promotion,"[0, 207, 214, 221, 249, 255, 262, 265]",,265.0,264.0,Global
2025-10-08 11:00:00,72982,drift,"[0, 106, 117, 152, 160, 184, 196, 198]",,,,Left
2025-10-08 11:00:00,72982,promotion,"[0, 106, 117, 152, 160, 184, 196, 199]",,199.0,198.0,Left
2025-10-08 17:00:00,112826,warning,"[0, 207, 214, 221, 249, 255, 262, 265]",266.0,,,Global
2025-10-08 17:00:00,43358,drift,"[0, 25, 28, 36, 43, 49, 100, 125]",,,,Right
2025-10-08 17:00:00,43358,promotion,"[0, 25, 28, 36, 43, 49, 100, 126]",,126.0,125.0,Right
2025-10-09 09:00:00,73206,warning,"[0, 106, 117, 152, 160, 184, 196, 199]",200.0,,,Left
2025-10-09 12:00:00,113098,drift,"[0, 207, 214, 221, 249, 255, 262, 265]",,,,Global
2025-10-09 12:00:00,113098,promotion,"[0, 207, 214, 221, 249, 255, 262, 266]",,266.0,265.0,Global
2025-10-09 19:00:00,43550,warning,"[0, 25, 28, 36, 43, 49, 100, 126]",127.0,,,Right
2025-10-10 07:00:00,73426,drift,"[0, 106, 117, 152, 160, 184, 196, 199]",,,,Left
2025-10-10 07:00:00,73426,promotion,"[0, 106, 117, 152, 160, 184, 196, 200]",,200.0,199.0,Left
2025-10-10 08:00:00,113386,warning,"[0, 207, 214, 221, 249, 255, 262, 266]",267.0,,,Global
2025-10-10 12:00:00,43638,drift,"[0, 25, 28, 36, 43, 49, 100, 126]",,,,Right
2025-10-10 12:00:00,43638,promotion,"[0, 25, 28, 36, 43, 49, 100, 127]",,127.0,126.0,Right
2025-10-10 12:00:00,113498,drift,"[0, 207, 214, 221, 249, 255, 262, 266]",,,,Global
2025-10-10 12:00:00,113498,promotion,"[0, 207, 214, 221, 249, 255, 262, 267]",,267.0,266.0,Global
2025-10-10 19:00:00,113658,warning,"[0, 207, 214, 221, 249, 255, 262, 267]",268.0,,,Global
2025-10-10 19:00:00,73618,warning,"[0, 106, 117, 152, 160, 184, 196, 200]",201.0,,,Left
2025-10-11 12:00:00,113898,drift,"[0, 207, 214, 221, 249, 255, 262, 267]",,,,Global
2025-10-11 12:00:00,113898,promotion,"[0, 207, 214, 221, 249, 255, 262, 268]",,268.0,267.0,Global
2025-10-11 16:00:00,43798,warning,"[0, 25, 28, 36, 43, 49, 100, 127]",128.0,,,Right
2025-10-11 20:00:00,73870,drift,"[0, 106, 117, 152, 160, 184, 196, 200]",,,,Left
2025-10-11 20:00:00,73870,promotion,"[0, 106, 117, 152, 160, 184, 196, 201]",,201.0,200.0,Left
2025-10-11 23:00:00,114154,warning,"[0, 207, 214, 221, 249, 255, 262, 268]",269.0,,,Global
2025-10-12 02:00:00,73998,warning,"[0, 106, 117, 152, 160, 184, 196, 201]",202.0,,,Left
2025-10-12 13:00:00,114298,drift,"[0, 207, 214, 221, 249, 255, 262, 268]",,,,Global
2025-10-12 13:00:00,114298,promotion,"[0, 207, 214, 221, 255, 262, 268, 269]",,269.0,249.0,Global
2025-10-12 16:00:00,74092,drift,"[0, 106, 117, 152, 160, 184, 196, 201]",,,,Left
2025-10-12 16:00:00,74092,promotion,"[0, 106, 117, 152, 160, 184, 201, 202]",,202.0,196.0,Left
2025-10-12 18:00:00,114394,warning,"[0, 207, 214, 221, 255, 262, 268, 269]",270.0,,,Global
2025-10-13 10:00:00,44058,drift,"[0, 25, 28, 36, 43, 49, 100, 127]",,,,Right
2025-10-13 10:00:00,44058,promotion,"[0, 25, 28, 36, 43, 49, 100, 128]",,128.0,127.0,Right
2025-10-13 12:00:00,114698,drift,"[0, 207, 214, 221, 255, 262, 268, 269]",,,,Global
2025-10-13 12:00:00,114698,promotion,"[0, 207, 214, 221, 255, 262, 268, 270]",,270.0,269.0,Global
2025-10-13 17:00:00,114794,warning,"[0, 207, 214, 221, 255, 262, 268, 270]",271.0,,,Global
2025-10-14 08:00:00,44186,warning,"[0, 25, 28, 36, 43, 49, 100, 128]",129.0,,,Right
2025-10-14 11:00:00,74540,warning,"[0, 106, 117, 152, 160, 184, 201, 202]",203.0,,,Left
2025-10-14 15:00:00,115098,drift,"[0, 207, 214, 221, 255, 262, 268, 270]",,,,Global
2025-10-14 15:00:00,115098,promotion,"[0, 207, 214, 221, 255, 262, 268, 271]",,271.0,270.0,Global
2025-10-14 18:00:00,115194,warning,"[0, 207, 214, 221, 255, 262, 268, 271]",272.0,,,Global
2025-10-15 11:00:00,74758,drift,"[0, 106, 117, 152, 160, 184, 201, 202]",,,,Left
2025-10-15 11:00:00,74758,promotion,"[0, 106, 117, 152, 160, 184, 201, 203]",,203.0,202.0,Left
2025-10-15 18:00:00,115498,drift,"[0, 207, 214, 221, 255, 262, 268, 271]",,,,Global
2025-10-15 18:00:00,115498,promotion,"[0, 207, 214, 255, 262, 268, 271, 272]",,272.0,221.0,Global
2025-10-15 20:00:00,74886,warning,"[0, 106, 117, 152, 160, 184, 201, 203]",204.0,,,Left
2025-10-16 08:00:00,115658,warning,"[0, 207, 214, 255, 262, 268, 271, 272]",273.0,,,Global
2025-10-16 10:00:00,44478,drift,"[0, 25, 28, 36, 43, 49, 100, 128]",,,,Right
2025-10-16 10:00:00,44478,promotion,"[0, 25, 28, 36, 43, 49, 100, 129]",,129.0,128.0,Right
2025-10-16 19:00:00,115898,drift,"[0, 207, 214, 255, 262, 268, 271, 272]",,,,Global
2025-10-16 19:00:00,115898,promotion,"[0, 207, 214, 255, 262, 268, 272, 273]",,273.0,271.0,Global
2025-10-17 12:00:00,116122,warning,"[0, 207, 214, 255, 262, 268, 272, 273]",274.0,,,Global
2025-10-17 17:00:00,44702,warning,"[0, 25, 28, 36, 43, 49, 100, 129]",130.0,,,Right
2025-10-17 18:00:00,116298,drift,"[0, 207, 214, 255, 262, 268, 272, 273]",,,,Global
2025-10-17 18:00:00,116298,promotion,"[0, 207, 214, 255, 262, 268, 272, 274]",,274.0,273.0,Global
2025-10-18 12:00:00,116554,warning,"[0, 207, 214, 255, 262, 268, 272, 274]",275.0,,,Global
2025-10-18 19:00:00,116698,drift,"[0, 207, 214, 255, 262, 268, 272, 274]",,,,Global
2025-10-18 19:00:00,116698,promotion,"[0, 207, 214, 255, 262, 272, 274, 275]",,275.0,268.0,Global
2025-10-18 20:00:00,75646,drift,"[0, 106, 117, 152, 160, 184, 201, 203]",,,,Left
2025-10-18 20:00:00,75646,promotion,"[0, 106, 117, 152, 160, 184, 201, 204]",,204.0,203.0,Left
2025-10-18 20:00:00,44898,drift,"[0, 25, 28, 36, 43, 49, 100, 129]",,,,Right
2025-10-18 20:00:00,44898,promotion,"[0, 25, 28, 36, 43, 49, 100, 130]",,130.0,129.0,Right
2025-10-18 23:00:00,116826,warning,"[0, 207, 214, 255, 262, 272, 274, 275]",276.0,,,Global
2025-10-19 00:00:00,75742,warning,"[0, 106, 117, 152, 160, 184, 201, 204]",205.0,,,Left
2025-10-19 16:00:00,75868,drift,"[0, 106, 117, 152, 160, 184, 201, 204]",,,,Left
2025-10-19 16:00:00,75868,promotion,"[0, 106, 117, 152, 160, 184, 201, 205]",,205.0,204.0,Left
2025-10-19 18:00:00,45026,warning,"[0, 25, 28, 36, 43, 49, 100, 130]",131.0,,,Right
2025-10-19 18:00:00,117098,drift,"[0, 207, 214, 255, 262, 272, 274, 275]",,,,Global
2025-10-19 18:00:00,117098,promotion,"[0, 207, 214, 255, 262, 274, 275, 276]",,276.0,272.0,Global
2025-10-19 22:00:00,117194,warning,"[0, 207, 214, 255, 262, 274, 275, 276]",277.0,,,Global
2025-10-20 13:00:00,76092,warning,"[0, 106, 117, 152, 160, 184, 201, 205]",206.0,,,Left
2025-10-20 17:00:00,45178,drift,"[0, 25, 28, 36, 43, 49, 100, 130]",,,,Right
2025-10-20 17:00:00,45178,promotion,"[0, 25, 28, 36, 43, 49, 100, 131]",,131.0,130.0,Right
2025-10-20 18:00:00,117498,drift,"[0, 207, 214, 255, 262, 274, 275, 276]",,,,Global
2025-10-20 18:00:00,117498,promotion,"[0, 207, 214, 255, 262, 275, 276, 277]",,277.0,274.0,Global
2025-10-21 08:00:00,117658,warning,"[0, 207, 214, 255, 262, 275, 276, 277]",278.0,,,Global
2025-10-21 12:00:00,76312,drift,"[0, 106, 117, 152, 160, 184, 201, 205]",,,,Left
2025-10-21 12:00:00,76312,promotion,"[0, 106, 117, 152, 160, 184, 201, 206]",,206.0,205.0,Left
2025-10-21 17:00:00,45306,warning,"[0, 25, 28, 36, 43, 49, 100, 131]",132.0,,,Right
2025-10-21 20:00:00,117898,drift,"[0, 207, 214, 255, 262, 275, 276, 277]",,,,Global
2025-10-21 20:00:00,117898,promotion,"[0, 207, 214, 255, 262, 275, 277, 278]",,278.0,276.0,Global
2025-10-22 03:00:00,76440,warning,"[0, 106, 117, 152, 160, 184, 201, 206]",207.0,,,Left
2025-10-22 10:00:00,118058,warning,"[0, 207, 214, 255, 262, 275, 277, 278]",279.0,,,Global
2025-10-22 11:00:00,76534,drift,"[0, 106, 117, 152, 160, 184, 201, 206]",,,,Left
2025-10-22 11:00:00,76534,promotion,"[0, 106, 117, 152, 160, 184, 201, 207]",,207.0,206.0,Left
2025-10-22 18:00:00,45458,drift,"[0, 25, 28, 36, 43, 49, 100, 131]",,,,Right
2025-10-22 18:00:00,45458,promotion,"[0, 25, 28, 36, 43, 49, 100, 132]",,132.0,131.0,Right
2025-10-23 08:00:00,76726,warning,"[0, 106, 117, 152, 160, 184, 201, 207]",208.0,,,Left
2025-10-23 13:00:00,45554,warning,"[0, 25, 28, 36, 43, 49, 100, 132]",133.0,,,Right
2025-10-24 07:00:00,118698,drift,"[0, 207, 214, 255, 262, 275, 277, 278]",,,,Global
2025-10-24 07:00:00,118698,promotion,"[0, 207, 214, 255, 262, 275, 277, 279]",,279.0,278.0,Global
2025-10-24 09:00:00,76978,drift,"[0, 106, 117, 152, 160, 184, 201, 207]",,,,Left
2025-10-24 09:00:00,76978,promotion,"[0, 106, 117, 152, 160, 184, 201, 208]",,208.0,207.0,Left
2025-10-24 10:00:00,118794,warning,"[0, 207, 214, 255, 262, 275, 277, 279]",280.0,,,Global
2025-10-24 17:00:00,45738,drift,"[0, 25, 28, 36, 43, 49, 100, 132]",,,,Right
2025-10-24 17:00:00,45738,promotion,"[0, 25, 28, 36, 43, 49, 100, 133]",,133.0,132.0,Right
2025-10-24 19:00:00,77138,warning,"[0, 106, 117, 152, 160, 184, 201, 208]",209.0,,,Left
2025-10-25 00:00:00,119098,drift,"[0, 207, 214, 255, 262, 275, 277, 279]",,,,Global
2025-10-25 00:00:00,119098,promotion,"[0, 207, 214, 255, 262, 275, 277, 280]",,280.0,279.0,Global
2025-10-25 10:00:00,45834,warning,"[0, 25, 28, 36, 43, 49, 100, 133]",134.0,,,Right
2025-10-25 14:00:00,119290,warning,"[0, 207, 214, 255, 262, 275, 277, 280]",281.0,,,Global
2025-10-25 22:00:00,119498,drift,"[0, 207, 214, 255, 262, 275, 277, 280]",,,,Global
2025-10-25 22:00:00,119498,promotion,"[0, 207, 214, 255, 262, 277, 280, 281]",,281.0,275.0,Global
2025-10-26 08:00:00,119626,warning,"[0, 207, 214, 255, 262, 277, 280, 281]",282.0,,,Global
2025-10-26 11:00:00,46018,drift,"[0, 25, 28, 36, 43, 49, 100, 133]",,,,Right
2025-10-26 11:00:00,46018,promotion,"[0, 25, 28, 36, 43, 49, 100, 134]",,134.0,133.0,Right
2025-10-26 22:00:00,77644,drift,"[0, 106, 117, 152, 160, 184, 201, 208]",,,,Left
2025-10-26 22:00:00,77644,promotion,"[0, 106, 117, 152, 160, 184, 201, 209]",,209.0,208.0,Left
2025-10-26 23:00:00,119898,drift,"[0, 207, 214, 255, 262, 277, 280, 281]",,,,Global
2025-10-26 23:00:00,119898,promotion,"[0, 207, 214, 262, 277, 280, 281, 282]",,282.0,255.0,Global
2025-10-27 09:00:00,119994,warning,"[0, 207, 214, 262, 277, 280, 281, 282]",283.0,,,Global
2025-10-27 13:00:00,46178,warning,"[0, 25, 28, 36, 43, 49, 100, 134]",135.0,,,Right
2025-10-27 15:00:00,77804,warning,"[0, 106, 117, 152, 160, 184, 201, 209]",210.0,,,Left
2025-10-28 08:00:00,120298,drift,"[0, 207, 214, 262, 277, 280, 281, 282]",,,,Global
2025-10-28 08:00:00,120298,promotion,"[0, 207, 214, 262, 277, 280, 281, 283]",,283.0,282.0,Global
2025-10-28 11:00:00,46298,drift,"[0, 25, 28, 36, 43, 49, 100, 134]",,,,Right
2025-10-28 11:00:00,46298,promotion,"[0, 25, 28, 36, 43, 49, 100, 135]",,135.0,134.0,Right
2025-10-28 12:00:00,120394,warning,"[0, 207, 214, 262, 277, 280, 281, 283]",284.0,,,Global
2025-10-28 19:00:00,78088,drift,"[0, 106, 117, 152, 160, 184, 201, 209]",,,,Left
2025-10-28 19:00:00,78088,promotion,"[0, 106, 117, 152, 160, 184, 209, 210]",,210.0,201.0,Left
2025-10-29 09:00:00,120698,drift,"[0, 207, 214, 262, 277, 280, 281, 283]",,,,Global
2025-10-29 09:00:00,120698,promotion,"[0, 207, 214, 262, 277, 280, 281, 284]",,284.0,283.0,Global
2025-10-29 15:00:00,120794,warning,"[0, 207, 214, 262, 277, 280, 281, 284]",285.0,,,Global
2025-10-29 19:00:00,46522,warning,"[0, 25, 28, 36, 43, 49, 100, 135]",136.0,,,Right
2025-10-30 06:00:00,78376,warning,"[0, 106, 117, 152, 160, 184, 209, 210]",211.0,,,Left
2025-10-30 12:00:00,121098,drift,"[0, 207, 214, 262, 277, 280, 281, 284]",,,,Global
2025-10-30 12:00:00,121098,promotion,"[0, 207, 214, 262, 277, 280, 281, 285]",,285.0,284.0,Global
2025-10-30 15:00:00,78532,drift,"[0, 106, 117, 152, 160, 184, 209, 210]",,,,Left
2025-10-30 15:00:00,78532,promotion,"[0, 106, 117, 152, 160, 184, 209, 211]",,211.0,210.0,Left
2025-10-30 17:00:00,121194,warning,"[0, 207, 214, 262, 277, 280, 281, 285]",286.0,,,Global
2025-10-31 08:00:00,46718,drift,"[0, 25, 28, 36, 43, 49, 100, 135]",,,,Right
2025-10-31 08:00:00,46718,promotion,"[0, 25, 28, 36, 43, 49, 100, 136]",,136.0,135.0,Right
2025-10-31 10:00:00,78724,warning,"[0, 106, 117, 152, 160, 184, 209, 211]",212.0,,,Left
2025-10-31 12:00:00,121498,drift,"[0, 207, 214, 262, 277, 280, 281, 285]",,,,Global
2025-10-31 12:00:00,121498,promotion,"[0, 207, 214, 262, 277, 280, 281, 286]",,286.0,285.0,Global
2025-10-31 13:00:00,78754,drift,"[0, 106, 117, 152, 160, 184, 209, 211]",,,,Left
2025-10-31 13:00:00,78754,promotion,"[0, 106, 117, 152, 160, 184, 209, 212]",,212.0,211.0,Left
2025-10-31 18:00:00,46814,warning,"[0, 25, 28, 36, 43, 49, 100, 136]",137.0,,,Right
2025-10-31 18:00:00,121658,warning,"[0, 207, 214, 262, 277, 280, 281, 286]",287.0,,,Global
2025-10-31 20:00:00,78882,warning,"[0, 106, 117, 152, 160, 184, 209, 212]",213.0,,,Left
2025-11-01 11:00:00,121898,drift,"[0, 207, 214, 262, 277, 280, 281, 286]",,,,Global
2025-11-01 11:00:00,121898,promotion,"[0, 207, 214, 262, 277, 280, 281, 287]",,287.0,286.0,Global
2025-11-01 17:00:00,122026,warning,"[0, 207, 214, 262, 277, 280, 281, 287]",288.0,,,Global
2025-11-01 21:00:00,46998,drift,"[0, 25, 28, 36, 43, 49, 100, 136]",,,,Right
2025-11-01 21:00:00,46998,promotion,"[0, 25, 28, 36, 43, 49, 100, 137]",,137.0,136.0,Right
2025-11-01 23:00:00,79198,drift,"[0, 106, 117, 152, 160, 184, 209, 212]",,,,Left
2025-11-01 23:00:00,79198,promotion,"[0, 106, 117, 152, 160, 184, 209, 213]",,213.0,212.0,Left
2025-11-02 10:00:00,122298,drift,"[0, 207, 214, 262, 277, 280, 281, 287]",,,,Global
2025-11-02 10:00:00,122298,promotion,"[0, 207, 214, 262, 280, 281, 287, 288]",,288.0,277.0,Global
2025-11-02 14:00:00,79326,warning,"[0, 106, 117, 152, 160, 184, 209, 213]",214.0,,,Left
2025-11-02 15:00:00,122394,warning,"[0, 207, 214, 262, 280, 281, 287, 288]",289.0,,,Global
2025-11-02 21:00:00,47158,warning,"[0, 25, 28, 36, 43, 49, 100, 137]",138.0,,,Right
2025-11-02 21:00:00,79420,drift,"[0, 106, 117, 152, 160, 184, 209, 213]",,,,Left
2025-11-02 21:00:00,79420,promotion,"[0, 106, 117, 152, 160, 184, 213, 214]",,214.0,209.0,Left
2025-11-03 09:00:00,122698,drift,"[0, 207, 214, 262, 280, 281, 287, 288]",,,,Global
2025-11-03 09:00:00,122698,promotion,"[0, 207, 214, 280, 281, 287, 288, 289]",,289.0,262.0,Global
2025-11-03 13:00:00,122794,warning,"[0, 207, 214, 280, 281, 287, 288, 289]",290.0,,,Global
2025-11-03 19:00:00,79644,warning,"[0, 106, 117, 152, 160, 184, 213, 214]",215.0,,,Left
2025-11-04 10:00:00,123098,drift,"[0, 207, 214, 280, 281, 287, 288, 289]",,,,Global
2025-11-04 10:00:00,123098,promotion,"[0, 207, 214, 280, 281, 287, 288, 290]",,290.0,289.0,Global
2025-11-04 15:00:00,47418,drift,"[0, 25, 28, 36, 43, 49, 100, 137]",,,,Right
2025-11-04 15:00:00,47418,promotion,"[0, 25, 28, 36, 43, 49, 100, 138]",,138.0,137.0,Right
2025-11-04 16:00:00,123194,warning,"[0, 207, 214, 280, 281, 287, 288, 290]",291.0,,,Global
2025-11-04 20:00:00,79864,drift,"[0, 106, 117, 152, 160, 184, 213, 214]",,,,Left
2025-11-04 20:00:00,79864,promotion,"[0, 106, 117, 152, 160, 184, 213, 215]",,215.0,214.0,Left
2025-11-05 09:00:00,79960,warning,"[0, 106, 117, 152, 160, 184, 213, 215]",216.0,,,Left
2025-11-05 10:00:00,47546,warning,"[0, 25, 28, 36, 43, 49, 100, 138]",139.0,,,Right
2025-11-05 12:00:00,123498,drift,"[0, 207, 214, 280, 281, 287, 288, 290]",,,,Global
2025-11-05 12:00:00,123498,promotion,"[0, 207, 214, 280, 281, 287, 288, 291]",,291.0,290.0,Global
2025-11-05 17:00:00,123594,warning,"[0, 207, 214, 280, 281, 287, 288, 291]",292.0,,,Global
2025-11-05 19:00:00,80086,drift,"[0, 106, 117, 152, 160, 184, 213, 215]",,,,Left
2025-11-05 19:00:00,80086,promotion,"[0, 106, 117, 152, 160, 184, 213, 216]",,216.0,215.0,Left
2025-11-06 09:00:00,80182,warning,"[0, 106, 117, 152, 160, 184, 213, 216]",217.0,,,Left
2025-11-06 12:00:00,123898,drift,"[0, 207, 214, 280, 281, 287, 288, 291]",,,,Global
2025-11-06 12:00:00,123898,promotion,"[0, 207, 214, 280, 281, 287, 288, 292]",,292.0,291.0,Global
2025-11-06 17:00:00,123994,warning,"[0, 207, 214, 280, 281, 287, 288, 292]",293.0,,,Global
2025-11-07 10:00:00,47838,drift,"[0, 25, 28, 36, 43, 49, 100, 138]",,,,Right
2025-11-07 10:00:00,47838,promotion,"[0, 25, 28, 36, 43, 49, 100, 139]",,139.0,138.0,Right
2025-11-07 13:00:00,124298,drift,"[0, 207, 214, 280, 281, 287, 288, 292]",,,,Global
2025-11-07 13:00:00,124298,promotion,"[0, 207, 214, 280, 281, 287, 288, 293]",,293.0,292.0,Global
2025-11-07 14:00:00,80530,drift,"[0, 106, 117, 152, 160, 184, 213, 216]",,,,Left
2025-11-07 14:00:00,80530,promotion,"[0, 106, 117, 152, 160, 184, 213, 217]",,217.0,216.0,Left
2025-11-07 19:00:00,124458,warning,"[0, 207, 214, 280, 281, 287, 288, 293]",294.0,,,Global
2025-11-07 21:00:00,47934,warning,"[0, 25, 28, 36, 43, 49, 100, 139]",140.0,,,Right
2025-11-08 11:00:00,80754,warning,"[0, 106, 117, 152, 160, 184, 213, 217]",218.0,,,Left
2025-11-08 12:00:00,124698,drift,"[0, 207, 214, 280, 281, 287, 288, 293]",,,,Global
2025-11-08 12:00:00,124698,promotion,"[0, 207, 214, 280, 281, 287, 293, 294]",,294.0,288.0,Global
2025-11-08 21:00:00,124890,warning,"[0, 207, 214, 280, 281, 287, 293, 294]",295.0,,,Global
2025-11-09 01:00:00,80974,drift,"[0, 106, 117, 152, 160, 184, 213, 217]",,,,Left
2025-11-09 01:00:00,80974,promotion,"[0, 106, 117, 152, 160, 184, 217, 218]",,218.0,213.0,Left
2025-11-09 01:00:00,48118,drift,"[0, 25, 28, 36, 43, 49, 100, 139]",,,,Right
2025-11-09 01:00:00,48118,promotion,"[0, 25, 28, 36, 43, 49, 100, 140]",,140.0,139.0,Right
2025-11-09 12:00:00,125098,drift,"[0, 207, 214, 280, 281, 287, 293, 294]",,,,Global
2025-11-09 12:00:00,125098,promotion,"[0, 207, 214, 280, 281, 293, 294, 295]",,295.0,287.0,Global
2025-11-09 17:00:00,81102,warning,"[0, 106, 117, 152, 160, 184, 217, 218]",219.0,,,Left
2025-11-09 17:00:00,125194,warning,"[0, 207, 214, 280, 281, 293, 294, 295]",296.0,,,Global
2025-11-09 21:00:00,48246,warning,"[0, 25, 28, 36, 43, 49, 100, 140]",141.0,,,Right
2025-11-10 01:00:00,81196,drift,"[0, 106, 117, 152, 160, 184, 217, 218]",,,,Left
2025-11-10 01:00:00,81196,promotion,"[0, 106, 117, 152, 160, 184, 218, 219]",,219.0,217.0,Left
2025-11-10 11:00:00,125498,drift,"[0, 207, 214, 280, 281, 293, 294, 295]",,,,Global
2025-11-10 11:00:00,125498,promotion,"[0, 207, 214, 280, 281, 293, 294, 296]",,296.0,295.0,Global
2025-11-10 12:00:00,81292,warning,"[0, 106, 117, 152, 160, 184, 218, 219]",220.0,,,Left
2025-11-10 17:00:00,125626,warning,"[0, 207, 214, 280, 281, 293, 294, 296]",297.0,,,Global
2025-11-10 20:00:00,48398,drift,"[0, 25, 28, 36, 43, 49, 100, 140]",,,,Right
2025-11-10 20:00:00,48398,promotion,"[0, 25, 36, 43, 49, 100, 140, 141]",,141.0,28.0,Right
2025-11-11 12:00:00,125898,drift,"[0, 207, 214, 280, 281, 293, 294, 296]",,,,Global
2025-11-11 12:00:00,125898,promotion,"[0, 207, 214, 280, 281, 293, 294, 297]",,297.0,296.0,Global
2025-11-11 17:00:00,125962,warning,"[0, 207, 214, 280, 281, 293, 294, 297]",298.0,,,Global
2025-11-11 23:00:00,81640,drift,"[0, 106, 117, 152, 160, 184, 218, 219]",,,,Left
2025-11-11 23:00:00,81640,promotion,"[0, 106, 117, 152, 160, 184, 218, 220]",,220.0,219.0,Left
2025-11-12 10:00:00,81736,warning,"[0, 106, 117, 152, 160, 184, 218, 220]",221.0,,,Left
2025-11-12 16:00:00,126298,drift,"[0, 207, 214, 280, 281, 293, 294, 297]",,,,Global
2025-11-12 16:00:00,126298,promotion,"[0, 207, 214, 280, 281, 293, 294, 298]",,298.0,297.0,Global
2025-11-12 18:00:00,48654,warning,"[0, 25, 36, 43, 49, 100, 140, 141]",142.0,,,Right
2025-11-12 19:00:00,126394,warning,"[0, 207, 214, 280, 281, 293, 294, 298]",299.0,,,Global
2025-11-12 20:00:00,48678,drift,"[0, 25, 36, 43, 49, 100, 140, 141]",,,,Right
2025-11-12 20:00:00,48678,promotion,"[0, 25, 36, 43, 49, 100, 140, 142]",,142.0,141.0,Right
2025-11-13 17:00:00,126698,drift,"[0, 207, 214, 280, 281, 293, 294, 298]",,,,Global
2025-11-13 17:00:00,126698,promotion,"[0, 207, 214, 280, 281, 293, 294, 299]",,299.0,298.0,Global
2025-11-13 17:00:00,82084,drift,"[0, 106, 117, 152, 160, 184, 218, 220]",,,,Left
2025-11-13 17:00:00,82084,promotion,"[0, 106, 117, 152, 160, 184, 218, 221]",,221.0,220.0,Left
2025-11-14 02:00:00,126794,warning,"[0, 207, 214, 280, 281, 293, 294, 299]",300.0,,,Global
2025-11-14 08:00:00,48870,warning,"[0, 25, 36, 43, 49, 100, 140, 142]",143.0,,,Right
2025-11-14 09:00:00,82244,warning,"[0, 106, 117, 152, 160, 184, 218, 221]",222.0,,,Left
2025-11-14 14:00:00,82306,drift,"[0, 106, 117, 152, 160, 184, 218, 221]",,,,Left
2025-11-14 14:00:00,82306,promotion,"[0, 106, 117, 152, 160, 184, 218, 222]",,222.0,221.0,Left
2025-11-14 17:00:00,127098,drift,"[0, 207, 214, 280, 281, 293, 294, 299]",,,,Global
2025-11-14 17:00:00,127098,promotion,"[0, 207, 214, 280, 281, 293, 294, 300]",,300.0,299.0,Global
2025-11-14 19:00:00,127194,warning,"[0, 207, 214, 280, 281, 293, 294, 300]",301.0,,,Global
2025-11-15 16:00:00,49098,drift,"[0, 25, 36, 43, 49, 100, 140, 142]",,,,Right
2025-11-15 16:00:00,49098,promotion,"[0, 25, 36, 43, 49, 100, 140, 143]",,143.0,142.0,Right
2025-11-15 16:00:00,82626,warning,"[0, 106, 117, 152, 160, 184, 218, 222]",223.0,,,Left
2025-11-15 17:00:00,127498,drift,"[0, 207, 214, 280, 281, 293, 294, 300]",,,,Global
2025-11-15 17:00:00,127498,promotion,"[0, 207, 214, 280, 281, 293, 294, 301]",,301.0,300.0,Global
2025-11-15 21:00:00,127626,warning,"[0, 207, 214, 280, 281, 293, 294, 301]",302.0,,,Global
2025-11-16 00:00:00,82750,drift,"[0, 106, 117, 152, 160, 184, 218, 222]",,,,Left
2025-11-16 00:00:00,82750,promotion,"[0, 106, 117, 152, 160, 184, 222, 223]",,223.0,218.0,Left
2025-11-16 02:00:00,49194,warning,"[0, 25, 36, 43, 49, 100, 140, 143]",144.0,,,Right
2025-11-16 15:00:00,127898,drift,"[0, 207, 214, 280, 281, 293, 294, 301]",,,,Global
2025-11-16 15:00:00,127898,promotion,"[0, 207, 214, 280, 281, 294, 301, 302]",,302.0,293.0,Global
2025-11-16 19:00:00,82910,warning,"[0, 106, 117, 152, 160, 184, 222, 223]",224.0,,,Left
2025-11-16 20:00:00,127994,warning,"[0, 207, 214, 280, 281, 294, 301, 302]",303.0,,,Global
2025-11-16 22:00:00,82972,drift,"[0, 106, 117, 152, 160, 184, 222, 223]",,,,Left
2025-11-16 22:00:00,82972,promotion,"[0, 106, 117, 152, 160, 184, 222, 224]",,224.0,223.0,Left
2025-11-17 14:00:00,128298,drift,"[0, 207, 214, 280, 281, 294, 301, 302]",,,,Global
2025-11-17 14:00:00,128298,promotion,"[0, 207, 214, 281, 294, 301, 302, 303]",,303.0,280.0,Global
2025-11-17 16:00:00,83132,warning,"[0, 106, 117, 152, 160, 184, 222, 224]",225.0,,,Left
2025-11-17 20:00:00,128426,warning,"[0, 207, 214, 281, 294, 301, 302, 303]",304.0,,,Global
2025-11-18 16:00:00,128698,drift,"[0, 207, 214, 281, 294, 301, 302, 303]",,,,Global
2025-11-18 16:00:00,128698,promotion,"[0, 207, 214, 281, 294, 301, 302, 304]",,304.0,303.0,Global
2025-11-19 02:00:00,128826,warning,"[0, 207, 214, 281, 294, 301, 302, 304]",305.0,,,Global
2025-11-19 17:00:00,83638,drift,"[0, 106, 117, 152, 160, 184, 222, 224]",,,,Left
2025-11-19 17:00:00,83638,promotion,"[0, 106, 117, 152, 160, 184, 222, 225]",,225.0,224.0,Left
2025-11-19 18:00:00,129098,drift,"[0, 207, 214, 281, 294, 301, 302, 304]",,,,Global
2025-11-19 18:00:00,129098,promotion,"[0, 207, 214, 281, 294, 301, 302, 305]",,305.0,304.0,Global
2025-11-20 05:00:00,129194,warning,"[0, 207, 214, 281, 294, 301, 302, 305]",306.0,,,Global
2025-11-20 15:00:00,49798,drift,"[0, 25, 36, 43, 49, 100, 140, 143]",,,,Right
2025-11-20 15:00:00,49798,promotion,"[0, 25, 36, 43, 49, 100, 140, 144]",,144.0,143.0,Right
2025-11-20 18:00:00,129498,drift,"[0, 207, 214, 281, 294, 301, 302, 305]",,,,Global
2025-11-20 18:00:00,129498,promotion,"[0, 207, 214, 281, 294, 301, 302, 306]",,306.0,305.0,Global
2025-11-20 22:00:00,83926,warning,"[0, 106, 117, 152, 160, 184, 222, 225]",226.0,,,Left
2025-11-21 05:00:00,129594,warning,"[0, 207, 214, 281, 294, 301, 302, 306]",307.0,,,Global
2025-11-21 14:00:00,84082,drift,"[0, 106, 117, 152, 160, 184, 222, 225]",,,,Left
2025-11-21 14:00:00,84082,promotion,"[0, 106, 117, 152, 184, 222, 225, 226]",,226.0,160.0,Left
2025-11-21 18:00:00,129898,drift,"[0, 207, 214, 281, 294, 301, 302, 306]",,,,Global
2025-11-21 18:00:00,129898,promotion,"[0, 207, 214, 281, 294, 301, 302, 307]",,307.0,306.0,Global
2025-11-21 18:00:00,49990,warning,"[0, 25, 36, 43, 49, 100, 140, 144]",145.0,,,Right
2025-11-22 00:00:00,129994,warning,"[0, 207, 214, 281, 294, 301, 302, 307]",308.0,,,Global
2025-11-22 18:00:00,130298,drift,"[0, 207, 214, 281, 294, 301, 302, 307]",,,,Global
2025-11-22 18:00:00,130298,promotion,"[0, 207, 214, 281, 294, 301, 302, 308]",,308.0,307.0,Global
2025-11-22 20:00:00,84434,warning,"[0, 106, 117, 152, 184, 222, 225, 226]",227.0,,,Left
2025-11-22 21:00:00,130394,warning,"[0, 207, 214, 281, 294, 301, 302, 308]",309.0,,,Global
2025-11-23 01:00:00,84526,drift,"[0, 106, 117, 152, 184, 222, 225, 226]",,,,Left
2025-11-23 01:00:00,84526,promotion,"[0, 106, 117, 152, 184, 222, 225, 227]",,227.0,226.0,Left
2025-11-23 15:00:00,130698,drift,"[0, 207, 214, 281, 294, 301, 302, 308]",,,,Global
2025-11-23 15:00:00,130698,promotion,"[0, 207, 214, 294, 301, 302, 308, 309]",,309.0,281.0,Global
2025-11-23 19:00:00,84686,warning,"[0, 106, 117, 152, 184, 222, 225, 227]",228.0,,,Left
2025-11-23 21:00:00,130826,warning,"[0, 207, 214, 294, 301, 302, 308, 309]",310.0,,,Global
2025-11-24 08:00:00,50358,drift,"[0, 25, 36, 43, 49, 100, 140, 144]",,,,Right
2025-11-24 08:00:00,50358,promotion,"[0, 25, 36, 43, 49, 100, 144, 145]",,145.0,140.0,Right
2025-11-24 13:00:00,131098,drift,"[0, 207, 214, 294, 301, 302, 308, 309]",,,,Global
2025-11-24 13:00:00,131098,promotion,"[0, 207, 294, 301, 302, 308, 309, 310]",,310.0,214.0,Global
2025-11-24 18:00:00,131194,warning,"[0, 207, 294, 301, 302, 308, 309, 310]",311.0,,,Global
2025-11-24 22:00:00,84970,drift,"[0, 106, 117, 152, 184, 222, 225, 227]",,,,Left
2025-11-24 22:00:00,84970,promotion,"[0, 106, 117, 152, 184, 222, 225, 228]",,228.0,227.0,Left
2025-11-25 10:00:00,85066,warning,"[0, 106, 117, 152, 184, 222, 225, 228]",229.0,,,Left
2025-11-25 17:00:00,131498,drift,"[0, 207, 294, 301, 302, 308, 309, 310]",,,,Global
2025-11-25 17:00:00,131498,promotion,"[0, 207, 294, 301, 302, 308, 309, 311]",,311.0,310.0,Global
2025-11-25 18:00:00,50582,warning,"[0, 25, 36, 43, 49, 100, 144, 145]",146.0,,,Right
2025-11-26 07:00:00,131658,warning,"[0, 207, 294, 301, 302, 308, 309, 311]",312.0,,,Global
2025-11-26 08:00:00,50638,drift,"[0, 25, 36, 43, 49, 100, 144, 145]",,,,Right
2025-11-26 08:00:00,50638,promotion,"[0, 25, 36, 43, 49, 100, 144, 146]",,146.0,145.0,Right
2025-11-26 18:00:00,131898,drift,"[0, 207, 294, 301, 302, 308, 309, 311]",,,,Global
2025-11-26 18:00:00,131898,promotion,"[0, 207, 294, 301, 302, 308, 309, 312]",,312.0,311.0,Global
2025-11-26 19:00:00,85414,drift,"[0, 106, 117, 152, 184, 222, 225, 228]",,,,Left
2025-11-26 19:00:00,85414,promotion,"[0, 106, 117, 152, 184, 222, 225, 229]",,229.0,228.0,Left
2025-11-27 07:00:00,132058,warning,"[0, 207, 294, 301, 302, 308, 309, 312]",313.0,,,Global
2025-11-27 11:00:00,50798,warning,"[0, 25, 36, 43, 49, 100, 144, 146]",147.0,,,Right
2025-11-27 18:00:00,132298,drift,"[0, 207, 294, 301, 302, 308, 309, 312]",,,,Global
2025-11-27 18:00:00,132298,promotion,"[0, 207, 294, 301, 302, 308, 309, 313]",,313.0,312.0,Global
2025-11-27 20:00:00,85702,warning,"[0, 106, 117, 152, 184, 222, 225, 229]",230.0,,,Left
2025-11-28 06:00:00,50918,drift,"[0, 25, 36, 43, 49, 100, 144, 146]",,,,Right
2025-11-28 06:00:00,50918,promotion,"[0, 25, 36, 43, 49, 100, 144, 147]",,147.0,146.0,Right
2025-11-28 08:00:00,132458,warning,"[0, 207, 294, 301, 302, 308, 309, 313]",314.0,,,Global
2025-11-28 12:00:00,85858,drift,"[0, 106, 117, 152, 184, 222, 225, 229]",,,,Left
2025-11-28 12:00:00,85858,promotion,"[0, 106, 117, 152, 184, 222, 225, 230]",,230.0,229.0,Left
2025-11-28 17:00:00,132698,drift,"[0, 207, 294, 301, 302, 308, 309, 313]",,,,Global
2025-11-28 17:00:00,132698,promotion,"[0, 207, 294, 301, 302, 308, 309, 314]",,314.0,313.0,Global
2025-11-28 21:00:00,51078,warning,"[0, 25, 36, 43, 49, 100, 144, 147]",148.0,,,Right
2025-11-29 09:00:00,132922,warning,"[0, 207, 294, 301, 302, 308, 309, 314]",315.0,,,Global
2025-11-29 11:00:00,86082,warning,"[0, 106, 117, 152, 184, 222, 225, 230]",231.0,,,Left
2025-11-29 18:00:00,51198,drift,"[0, 25, 36, 43, 49, 100, 144, 147]",,,,Right
2025-11-29 18:00:00,51198,promotion,"[0, 25, 36, 43, 49, 100, 144, 148]",,148.0,147.0,Right
2025-11-29 18:00:00,133098,drift,"[0, 207, 294, 301, 302, 308, 309, 314]",,,,Global
2025-11-29 18:00:00,133098,promotion,"[0, 207, 294, 301, 302, 308, 309, 315]",,315.0,314.0,Global
2025-11-29 22:00:00,133226,warning,"[0, 207, 294, 301, 302, 308, 309, 315]",316.0,,,Global
2025-11-30 00:00:00,86302,drift,"[0, 106, 117, 152, 184, 222, 225, 230]",,,,Left
2025-11-30 00:00:00,86302,promotion,"[0, 106, 117, 152, 184, 222, 225, 231]",,231.0,230.0,Left
2025-11-30 09:00:00,51294,warning,"[0, 25, 36, 43, 49, 100, 144, 148]",149.0,,,Right
2025-11-30 16:00:00,86430,warning,"[0, 106, 117, 152, 184, 222, 225, 231]",232.0,,,Left
2025-11-30 18:00:00,133498,drift,"[0, 207, 294, 301, 302, 308, 309, 315]",,,,Global
2025-11-30 18:00:00,133498,promotion,"[0, 207, 294, 302, 308, 309, 315, 316]",,316.0,301.0,Global
2025-11-30 22:00:00,86524,drift,"[0, 106, 117, 152, 184, 222, 225, 231]",,,,Left
2025-11-30 22:00:00,86524,promotion,"[0, 106, 117, 184, 222, 225, 231, 232]",,232.0,152.0,Left
2025-11-30 23:00:00,133626,warning,"[0, 207, 294, 302, 308, 309, 315, 316]",317.0,,,Global
2025-12-01 10:00:00,86652,warning,"[0, 106, 117, 184, 222, 225, 231, 232]",233.0,,,Left
2025-12-01 15:00:00,51478,drift,"[0, 25, 36, 43, 49, 100, 144, 148]",,,,Right
2025-12-01 15:00:00,51478,promotion,"[0, 25, 36, 43, 49, 100, 148, 149]",,149.0,144.0,Right
2025-12-01 17:00:00,86746,drift,"[0, 106, 117, 184, 222, 225, 231, 232]",,,,Left
2025-12-01 17:00:00,86746,promotion,"[0, 106, 117, 184, 222, 225, 231, 233]",,233.0,232.0,Left
2025-12-01 18:00:00,133898,drift,"[0, 207, 294, 302, 308, 309, 315, 316]",,,,Global
2025-12-01 18:00:00,133898,promotion,"[0, 207, 294, 302, 308, 309, 315, 317]",,317.0,316.0,Global
2025-12-02 07:00:00,134026,warning,"[0, 207, 294, 302, 308, 309, 315, 317]",318.0,,,Global
2025-12-02 08:00:00,86874,warning,"[0, 106, 117, 184, 222, 225, 231, 233]",234.0,,,Left
2025-12-02 11:00:00,51606,warning,"[0, 25, 36, 43, 49, 100, 148, 149]",150.0,,,Right
2025-12-02 15:00:00,86968,drift,"[0, 106, 117, 184, 222, 225, 231, 233]",,,,Left
2025-12-02 15:00:00,86968,promotion,"[0, 106, 117, 184, 222, 225, 231, 234]",,234.0,233.0,Left
2025-12-02 19:00:00,134298,drift,"[0, 207, 294, 302, 308, 309, 315, 317]",,,,Global
2025-12-02 19:00:00,134298,promotion,"[0, 207, 294, 302, 308, 309, 315, 318]",,318.0,317.0,Global
2025-12-02 21:00:00,87064,warning,"[0, 106, 117, 184, 222, 225, 231, 234]",235.0,,,Left
2025-12-03 06:00:00,134394,warning,"[0, 207, 294, 302, 308, 309, 315, 318]",319.0,,,Global
2025-12-03 10:00:00,51758,drift,"[0, 25, 36, 43, 49, 100, 148, 149]",,,,Right
2025-12-03 10:00:00,51758,promotion,"[0, 25, 36, 43, 49, 100, 148, 150]",,150.0,149.0,Right
2025-12-03 12:00:00,87190,drift,"[0, 106, 117, 184, 222, 225, 231, 234]",,,,Left
2025-12-03 12:00:00,87190,promotion,"[0, 106, 117, 184, 222, 225, 231, 235]",,235.0,234.0,Left
2025-12-03 18:00:00,134698,drift,"[0, 207, 294, 302, 308, 309, 315, 318]",,,,Global
2025-12-03 18:00:00,134698,promotion,"[0, 207, 294, 302, 308, 309, 315, 319]",,319.0,318.0,Global
2025-12-03 18:00:00,87286,warning,"[0, 106, 117, 184, 222, 225, 231, 235]",236.0,,,Left
2025-12-04 03:00:00,51854,warning,"[0, 25, 36, 43, 49, 100, 148, 150]",151.0,,,Right
2025-12-04 07:00:00,134826,warning,"[0, 207, 294, 302, 308, 309, 315, 319]",320.0,,,Global
2025-12-04 09:00:00,87412,drift,"[0, 106, 117, 184, 222, 225, 231, 235]",,,,Left
2025-12-04 09:00:00,87412,promotion,"[0, 106, 117, 184, 222, 225, 231, 236]",,236.0,235.0,Left
2025-12-04 10:00:00,51898,drift,"[0, 25, 36, 43, 49, 100, 148, 150]",,,,Right
2025-12-04 10:00:00,51898,promotion,"[0, 25, 36, 43, 49, 100, 148, 151]",,151.0,150.0,Right
2025-12-04 17:00:00,87540,warning,"[0, 106, 117, 184, 222, 225, 231, 236]",237.0,,,Left
2025-12-04 18:00:00,135098,drift,"[0, 207, 294, 302, 308, 309, 315, 319]",,,,Global
2025-12-04 18:00:00,135098,promotion,"[0, 207, 294, 302, 308, 309, 315, 320]",,320.0,319.0,Global
2025-12-05 07:00:00,135226,warning,"[0, 207, 294, 302, 308, 309, 315, 320]",321.0,,,Global
2025-12-05 12:00:00,52090,warning,"[0, 25, 36, 43, 49, 100, 148, 151]",152.0,,,Right
2025-12-05 16:00:00,135498,drift,"[0, 207, 294, 302, 308, 309, 315, 320]",,,,Global
2025-12-05 16:00:00,135498,promotion,"[0, 207, 294, 302, 308, 309, 315, 321]",,321.0,320.0,Global
2025-12-05 16:00:00,87856,drift,"[0, 106, 117, 184, 222, 225, 231, 236]",,,,Left
2025-12-05 16:00:00,87856,promotion,"[0, 106, 117, 184, 222, 225, 231, 237]",,237.0,236.0,Left
2025-12-05 20:00:00,135626,warning,"[0, 207, 294, 302, 308, 309, 315, 321]",322.0,,,Global
2025-12-06 00:00:00,52178,drift,"[0, 25, 36, 43, 49, 100, 148, 151]",,,,Right
2025-12-06 00:00:00,52178,promotion,"[0, 25, 36, 43, 49, 100, 151, 152]",,152.0,148.0,Right
2025-12-06 00:00:00,87984,warning,"[0, 106, 117, 184, 222, 225, 231, 237]",238.0,,,Left
2025-12-06 15:00:00,135898,drift,"[0, 207, 294, 302, 308, 309, 315, 321]",,,,Global
2025-12-06 15:00:00,135898,promotion,"[0, 207, 294, 302, 308, 309, 315, 322]",,322.0,321.0,Global
2025-12-06 15:00:00,52274,warning,"[0, 25, 36, 43, 49, 100, 151, 152]",153.0,,,Right
2025-12-06 19:00:00,135994,warning,"[0, 207, 294, 302, 308, 309, 315, 322]",323.0,,,Global
2025-12-07 01:00:00,88300,drift,"[0, 106, 117, 184, 222, 225, 231, 237]",,,,Left
2025-12-07 01:00:00,88300,promotion,"[0, 106, 117, 184, 222, 225, 231, 238]",,238.0,237.0,Left
2025-12-07 10:00:00,136298,drift,"[0, 207, 294, 302, 308, 309, 315, 322]",,,,Global
2025-12-07 10:00:00,136298,promotion,"[0, 207, 294, 302, 308, 309, 322, 323]",,323.0,315.0,Global
2025-12-07 14:00:00,88428,warning,"[0, 106, 117, 184, 222, 225, 231, 238]",239.0,,,Left
2025-12-07 18:00:00,52458,drift,"[0, 25, 36, 43, 49, 100, 151, 152]",,,,Right
2025-12-07 18:00:00,52458,promotion,"[0, 25, 36, 43, 49, 100, 152, 153]",,153.0,151.0,Right
2025-12-07 20:00:00,88522,drift,"[0, 106, 117, 184, 222, 225, 231, 238]",,,,Left
2025-12-07 20:00:00,88522,promotion,"[0, 106, 117, 184, 222, 225, 238, 239]",,239.0,231.0,Left
2025-12-07 21:00:00,136522,warning,"[0, 207, 294, 302, 308, 309, 322, 323]",324.0,,,Global
2025-12-08 09:00:00,136698,drift,"[0, 207, 294, 302, 308, 309, 322, 323]",,,,Global
2025-12-08 09:00:00,136698,promotion,"[0, 207, 294, 302, 309, 322, 323, 324]",,324.0,308.0,Global
2025-12-08 10:00:00,88682,warning,"[0, 106, 117, 184, 222, 225, 238, 239]",240.0,,,Left
2025-12-08 15:00:00,88744,drift,"[0, 106, 117, 184, 222, 225, 238, 239]",,,,Left
2025-12-08 15:00:00,88744,promotion,"[0, 106, 117, 184, 222, 225, 238, 240]",,240.0,239.0,Left
2025-12-08 18:00:00,136890,warning,"[0, 207, 294, 302, 309, 322, 323, 324]",325.0,,,Global
2025-12-09 07:00:00,88872,warning,"[0, 106, 117, 184, 222, 225, 238, 240]",241.0,,,Left
2025-12-09 07:00:00,52682,warning,"[0, 25, 36, 43, 49, 100, 152, 153]",154.0,,,Right
2025-12-09 10:00:00,137098,drift,"[0, 207, 294, 302, 309, 322, 323, 324]",,,,Global
2025-12-09 10:00:00,137098,promotion,"[0, 207, 294, 302, 309, 322, 323, 325]",,325.0,324.0,Global
2025-12-09 13:00:00,52738,drift,"[0, 25, 36, 43, 49, 100, 152, 153]",,,,Right
2025-12-09 13:00:00,52738,promotion,"[0, 25, 36, 43, 49, 100, 152, 154]",,154.0,153.0,Right
2025-12-09 16:00:00,137194,warning,"[0, 207, 294, 302, 309, 322, 323, 325]",326.0,,,Global
2025-12-10 09:00:00,89188,drift,"[0, 106, 117, 184, 222, 225, 238, 240]",,,,Left
2025-12-10 09:00:00,89188,promotion,"[0, 106, 117, 184, 222, 225, 238, 241]",,241.0,240.0,Left
2025-12-10 10:00:00,137498,drift,"[0, 207, 294, 302, 309, 322, 323, 325]",,,,Global
2025-12-10 10:00:00,137498,promotion,"[0, 207, 294, 302, 309, 322, 323, 326]",,326.0,325.0,Global
2025-12-10 12:00:00,52898,warning,"[0, 25, 36, 43, 49, 100, 152, 154]",155.0,,,Right
2025-12-10 18:00:00,137658,warning,"[0, 207, 294, 302, 309, 322, 323, 326]",327.0,,,Global
2025-12-11 07:00:00,89380,warning,"[0, 106, 117, 184, 222, 225, 238, 241]",242.0,,,Left
2025-12-11 11:00:00,137898,drift,"[0, 207, 294, 302, 309, 322, 323, 326]",,,,Global
2025-12-11 11:00:00,137898,promotion,"[0, 207, 294, 302, 309, 322, 323, 327]",,327.0,326.0,Global
2025-12-11 16:00:00,137994,warning,"[0, 207, 294, 302, 309, 322, 323, 327]",328.0,,,Global
2025-12-11 23:00:00,89632,drift,"[0, 106, 117, 184, 222, 225, 238, 241]",,,,Left
2025-12-11 23:00:00,89632,promotion,"[0, 106, 117, 184, 222, 225, 238, 242]",,242.0,241.0,Left
2025-12-12 10:00:00,138298,drift,"[0, 207, 294, 302, 309, 322, 323, 327]",,,,Global
2025-12-12 10:00:00,138298,promotion,"[0, 207, 294, 302, 309, 322, 323, 328]",,328.0,327.0,Global
2025-12-12 15:00:00,138426,warning,"[0, 207, 294, 302, 309, 322, 323, 328]",329.0,,,Global
2025-12-13 02:00:00,138698,drift,"[0, 207, 294, 302, 309, 322, 323, 328]",,,,Global
2025-12-13 02:00:00,138698,promotion,"[0, 207, 294, 302, 309, 322, 323, 329]",,329.0,328.0,Global
2025-12-13 08:00:00,89984,warning,"[0, 106, 117, 184, 222, 225, 238, 242]",243.0,,,Left
2025-12-13 13:00:00,138826,warning,"[0, 207, 294, 302, 309, 322, 323, 329]",330.0,,,Global
2025-12-13 17:00:00,90076,drift,"[0, 106, 117, 184, 222, 225, 238, 242]",,,,Left
2025-12-13 17:00:00,90076,promotion,"[0, 106, 117, 184, 222, 225, 238, 243]",,243.0,242.0,Left
2025-12-13 20:00:00,53438,drift,"[0, 25, 36, 43, 49, 100, 152, 154]",,,,Right
2025-12-13 20:00:00,53438,promotion,"[0, 25, 36, 43, 49, 100, 152, 155]",,155.0,154.0,Right
2025-12-13 23:00:00,139098,drift,"[0, 207, 294, 302, 309, 322, 323, 329]",,,,Global
2025-12-13 23:00:00,139098,promotion,"[0, 207, 294, 302, 309, 322, 323, 330]",,330.0,329.0,Global
2025-12-14 01:00:00,90236,warning,"[0, 106, 117, 184, 222, 225, 238, 243]",244.0,,,Left
2025-12-14 06:00:00,139194,warning,"[0, 207, 294, 302, 309, 322, 323, 330]",331.0,,,Global
2025-12-14 11:00:00,90298,drift,"[0, 106, 117, 184, 222, 225, 238, 243]",,,,Left
2025-12-14 11:00:00,90298,promotion,"[0, 106, 117, 184, 222, 225, 243, 244]",,244.0,238.0,Left
2025-12-14 15:00:00,53566,warning,"[0, 25, 36, 43, 49, 100, 152, 155]",156.0,,,Right
2025-12-14 22:00:00,139498,drift,"[0, 207, 294, 302, 309, 322, 323, 330]",,,,Global
2025-12-14 22:00:00,139498,promotion,"[0, 207, 294, 302, 322, 323, 330, 331]",,331.0,309.0,Global
2025-12-15 08:00:00,139594,warning,"[0, 207, 294, 302, 322, 323, 330, 331]",332.0,,,Global
2025-12-15 11:00:00,90554,warning,"[0, 106, 117, 184, 222, 225, 243, 244]",245.0,,,Left
2025-12-15 13:00:00,53718,drift,"[0, 25, 36, 43, 49, 100, 152, 155]",,,,Right
2025-12-15 13:00:00,53718,promotion,"[0, 25, 36, 43, 49, 100, 155, 156]",,156.0,152.0,Right
2025-12-16 05:00:00,139898,drift,"[0, 207, 294, 302, 322, 323, 330, 331]",,,,Global
2025-12-16 05:00:00,139898,promotion,"[0, 207, 294, 302, 322, 323, 330, 332]",,332.0,331.0,Global
2025-12-16 07:00:00,53814,warning,"[0, 25, 36, 43, 49, 100, 155, 156]",157.0,,,Right
2025-12-16 07:00:00,90742,drift,"[0, 106, 117, 184, 222, 225, 243, 244]",,,,Left
2025-12-16 07:00:00,90742,promotion,"[0, 106, 117, 184, 222, 225, 243, 245]",,245.0,244.0,Left
2025-12-16 08:00:00,139962,warning,"[0, 207, 294, 302, 322, 323, 330, 332]",333.0,,,Global
2025-12-16 19:00:00,90934,warning,"[0, 106, 117, 184, 222, 225, 243, 245]",246.0,,,Left
2025-12-17 00:00:00,90964,drift,"[0, 106, 117, 184, 222, 225, 243, 245]",,,,Left
2025-12-17 00:00:00,90964,promotion,"[0, 106, 117, 184, 222, 225, 243, 246]",,246.0,245.0,Left
2025-12-17 07:00:00,140298,drift,"[0, 207, 294, 302, 322, 323, 330, 332]",,,,Global
2025-12-17 07:00:00,140298,promotion,"[0, 207, 294, 302, 322, 323, 330, 333]",,333.0,332.0,Global
2025-12-17 09:00:00,53998,drift,"[0, 25, 36, 43, 49, 100, 155, 156]",,,,Right
2025-12-17 09:00:00,53998,promotion,"[0, 25, 36, 43, 49, 100, 155, 157]",,157.0,156.0,Right
2025-12-17 09:00:00,91060,warning,"[0, 106, 117, 184, 222, 225, 243, 246]",247.0,,,Left
2025-12-17 13:00:00,140458,warning,"[0, 207, 294, 302, 322, 323, 330, 333]",334.0,,,Global
2025-12-17 19:00:00,54094,warning,"[0, 25, 36, 43, 49, 100, 155, 157]",158.0,,,Right
2025-12-18 06:00:00,140698,drift,"[0, 207, 294, 302, 322, 323, 330, 333]",,,,Global
2025-12-18 06:00:00,140698,promotion,"[0, 207, 294, 302, 322, 323, 330, 334]",,334.0,333.0,Global
2025-12-18 07:00:00,54138,drift,"[0, 25, 36, 43, 49, 100, 155, 157]",,,,Right
2025-12-18 07:00:00,54138,promotion,"[0, 25, 36, 43, 49, 100, 155, 158]",,158.0,157.0,Right
2025-12-18 12:00:00,140858,warning,"[0, 207, 294, 302, 322, 323, 330, 334]",335.0,,,Global
2025-12-18 17:00:00,91408,drift,"[0, 106, 117, 184, 222, 225, 243, 246]",,,,Left
2025-12-18 17:00:00,91408,promotion,"[0, 106, 117, 184, 222, 225, 243, 247]",,247.0,246.0,Left
2025-12-18 23:00:00,141098,drift,"[0, 207, 294, 302, 322, 323, 330, 334]",,,,Global
2025-12-18 23:00:00,141098,promotion,"[0, 207, 294, 322, 323, 330, 334, 335]",,335.0,302.0,Global
2025-12-19 07:00:00,54266,warning,"[0, 25, 36, 43, 49, 100, 155, 158]",159.0,,,Right
2025-12-19 08:00:00,91536,warning,"[0, 106, 117, 184, 222, 225, 243, 247]",248.0,,,Left
2025-12-19 09:00:00,141290,warning,"[0, 207, 294, 322, 323, 330, 334, 335]",336.0,,,Global
2025-12-19 15:00:00,91630,drift,"[0, 106, 117, 184, 222, 225, 243, 247]",,,,Left
2025-12-19 15:00:00,91630,promotion,"[0, 106, 117, 184, 222, 225, 243, 248]",,248.0,247.0,Left
2025-12-19 18:00:00,141498,drift,"[0, 207, 294, 322, 323, 330, 334, 335]",,,,Global
2025-12-19 18:00:00,141498,promotion,"[0, 207, 294, 322, 323, 330, 334, 336]",,336.0,335.0,Global
2025-12-19 19:00:00,54418,drift,"[0, 25, 36, 43, 49, 100, 155, 158]",,,,Right
2025-12-19 19:00:00,54418,promotion,"[0, 25, 36, 43, 49, 100, 155, 159]",,159.0,158.0,Right
2025-12-19 22:00:00,141626,warning,"[0, 207, 294, 322, 323, 330, 334, 336]",337.0,,,Global
2025-12-20 01:00:00,91790,warning,"[0, 106, 117, 184, 222, 225, 243, 248]",249.0,,,Left
2025-12-20 10:00:00,91852,drift,"[0, 106, 117, 184, 222, 225, 243, 248]",,,,Left
2025-12-20 10:00:00,91852,promotion,"[0, 106, 117, 184, 222, 225, 243, 249]",,249.0,248.0,Left
2025-12-20 13:00:00,54514,warning,"[0, 25, 36, 43, 49, 100, 155, 159]",160.0,,,Right
2025-12-20 16:00:00,141898,drift,"[0, 207, 294, 322, 323, 330, 334, 336]",,,,Global
2025-12-20 16:00:00,141898,promotion,"[0, 207, 294, 322, 323, 334, 336, 337]",,337.0,330.0,Global
2025-12-20 20:00:00,92012,warning,"[0, 106, 117, 184, 222, 225, 243, 249]",250.0,,,Left
2025-12-20 21:00:00,142058,warning,"[0, 207, 294, 322, 323, 334, 336, 337]",338.0,,,Global
2025-12-20 23:00:00,92074,drift,"[0, 106, 117, 184, 222, 225, 243, 249]",,,,Left
2025-12-20 23:00:00,92074,promotion,"[0, 106, 117, 184, 222, 225, 249, 250]",,250.0,243.0,Left
2025-12-21 14:00:00,142298,drift,"[0, 207, 294, 322, 323, 334, 336, 337]",,,,Global
2025-12-21 14:00:00,142298,promotion,"[0, 207, 294, 322, 334, 336, 337, 338]",,338.0,323.0,Global
2025-12-21 15:00:00,54698,drift,"[0, 25, 36, 43, 49, 100, 155, 159]",,,,Right
2025-12-21 15:00:00,54698,promotion,"[0, 25, 36, 43, 49, 100, 155, 160]",,160.0,159.0,Right
2025-12-21 15:00:00,92202,warning,"[0, 106, 117, 184, 222, 225, 249, 250]",251.0,,,Left
2025-12-21 20:00:00,142394,warning,"[0, 207, 294, 322, 334, 336, 337, 338]",339.0,,,Global
2025-12-21 21:00:00,92296,drift,"[0, 106, 117, 184, 222, 225, 249, 250]",,,,Left
2025-12-21 21:00:00,92296,promotion,"[0, 106, 117, 184, 222, 225, 249, 251]",,251.0,250.0,Left
2025-12-22 08:00:00,54826,warning,"[0, 25, 36, 43, 49, 100, 155, 160]",161.0,,,Right
2025-12-22 09:00:00,92424,warning,"[0, 106, 117, 184, 222, 225, 249, 251]",252.0,,,Left
2025-12-22 14:00:00,142698,drift,"[0, 207, 294, 322, 334, 336, 337, 338]",,,,Global
2025-12-22 14:00:00,142698,promotion,"[0, 207, 294, 322, 336, 337, 338, 339]",,339.0,334.0,Global
2025-12-22 18:00:00,142794,warning,"[0, 207, 294, 322, 336, 337, 338, 339]",340.0,,,Global
2025-12-23 12:00:00,143098,drift,"[0, 207, 294, 322, 336, 337, 338, 339]",,,,Global
2025-12-23 12:00:00,143098,promotion,"[0, 207, 294, 322, 336, 337, 338, 340]",,340.0,339.0,Global
2025-12-23 15:00:00,92740,drift,"[0, 106, 117, 184, 222, 225, 249, 251]",,,,Left
2025-12-23 15:00:00,92740,promotion,"[0, 106, 117, 184, 222, 225, 249, 252]",,252.0,251.0,Left
2025-12-23 19:00:00,143258,warning,"[0, 207, 294, 322, 336, 337, 338, 340]",341.0,,,Global
2025-12-23 23:00:00,92836,warning,"[0, 106, 117, 184, 222, 225, 249, 252]",253.0,,,Left
2025-12-24 07:00:00,55118,drift,"[0, 25, 36, 43, 49, 100, 155, 160]",,,,Right
2025-12-24 07:00:00,55118,promotion,"[0, 25, 36, 43, 49, 100, 155, 161]",,161.0,160.0,Right
2025-12-25 04:00:00,55246,warning,"[0, 25, 36, 43, 49, 100, 155, 161]",162.0,,,Right
2025-12-25 13:00:00,143898,drift,"[0, 207, 294, 322, 336, 337, 338, 340]",,,,Global
2025-12-25 13:00:00,143898,promotion,"[0, 207, 294, 322, 336, 337, 338, 341]",,341.0,340.0,Global
2025-12-25 17:00:00,144026,warning,"[0, 207, 294, 322, 336, 337, 338, 341]",342.0,,,Global
2025-12-26 08:00:00,144298,drift,"[0, 207, 294, 322, 336, 337, 338, 341]",,,,Global
2025-12-26 08:00:00,144298,promotion,"[0, 207, 294, 322, 336, 337, 338, 342]",,342.0,341.0,Global
2025-12-26 09:00:00,93406,drift,"[0, 106, 117, 184, 222, 225, 249, 252]",,,,Left
2025-12-26 09:00:00,93406,promotion,"[0, 106, 117, 184, 222, 225, 249, 253]",,253.0,252.0,Left
2025-12-26 13:00:00,144426,warning,"[0, 207, 294, 322, 336, 337, 338, 342]",343.0,,,Global
2025-12-26 16:00:00,55538,drift,"[0, 25, 36, 43, 49, 100, 155, 161]",,,,Right
2025-12-26 16:00:00,55538,promotion,"[0, 25, 36, 43, 49, 100, 155, 162]",,162.0,161.0,Right
2025-12-26 17:00:00,93566,warning,"[0, 106, 117, 184, 222, 225, 249, 253]",254.0,,,Left
2025-12-26 21:00:00,93628,drift,"[0, 106, 117, 184, 222, 225, 249, 253]",,,,Left
2025-12-26 21:00:00,93628,promotion,"[0, 106, 117, 184, 222, 225, 253, 254]",,254.0,249.0,Left
2025-12-27 01:00:00,144698,drift,"[0, 207, 294, 322, 336, 337, 338, 342]",,,,Global
2025-12-27 01:00:00,144698,promotion,"[0, 207, 294, 322, 336, 337, 338, 343]",,343.0,342.0,Global
2025-12-27 13:00:00,93788,warning,"[0, 106, 117, 184, 222, 225, 253, 254]",255.0,,,Left
2025-12-27 15:00:00,144890,warning,"[0, 207, 294, 322, 336, 337, 338, 343]",344.0,,,Global
2025-12-27 18:00:00,93850,drift,"[0, 106, 117, 184, 222, 225, 253, 254]",,,,Left
2025-12-27 18:00:00,93850,promotion,"[0, 106, 117, 184, 222, 225, 254, 255]",,255.0,253.0,Left
2025-12-27 19:00:00,55730,warning,"[0, 25, 36, 43, 49, 100, 155, 162]",163.0,,,Right
2025-12-27 22:00:00,145098,drift,"[0, 207, 294, 322, 336, 337, 338, 343]",,,,Global
2025-12-27 22:00:00,145098,promotion,"[0, 207, 294, 336, 337, 338, 343, 344]",,344.0,322.0,Global
2025-12-27 23:00:00,93978,warning,"[0, 106, 117, 184, 222, 225, 254, 255]",256.0,,,Left
2025-12-28 06:00:00,145226,warning,"[0, 207, 294, 336, 337, 338, 343, 344]",345.0,,,Global
2025-12-28 08:00:00,55818,drift,"[0, 25, 36, 43, 49, 100, 155, 162]",,,,Right
2025-12-28 08:00:00,55818,promotion,"[0, 25, 36, 43, 49, 100, 162, 163]",,163.0,155.0,Right
2025-12-28 20:00:00,145498,drift,"[0, 207, 294, 336, 337, 338, 343, 344]",,,,Global
2025-12-28 20:00:00,145498,promotion,"[0, 207, 336, 337, 338, 343, 344, 345]",,345.0,294.0,Global
2025-12-29 07:00:00,145658,warning,"[0, 207, 336, 337, 338, 343, 344, 345]",346.0,,,Global
2025-12-29 08:00:00,94294,drift,"[0, 106, 117, 184, 222, 225, 254, 255]",,,,Left
2025-12-29 08:00:00,94294,promotion,"[0, 106, 117, 184, 222, 225, 254, 256]",,256.0,255.0,Left
2025-12-29 12:00:00,56010,warning,"[0, 25, 36, 43, 49, 100, 162, 163]",164.0,,,Right
2025-12-29 17:00:00,145898,drift,"[0, 207, 336, 337, 338, 343, 344, 345]",,,,Global
2025-12-29 17:00:00,145898,promotion,"[0, 207, 336, 337, 338, 343, 344, 346]",,346.0,345.0,Global
2025-12-29 17:00:00,94454,warning,"[0, 106, 117, 184, 222, 225, 254, 256]",257.0,,,Left
2025-12-29 21:00:00,145994,warning,"[0, 207, 336, 337, 338, 343, 344, 346]",347.0,,,Global
2025-12-30 01:00:00,56098,drift,"[0, 25, 36, 43, 49, 100, 162, 163]",,,,Right
2025-12-30 01:00:00,56098,promotion,"[0, 25, 36, 43, 49, 100, 162, 164]",,164.0,163.0,Right
2025-12-30 01:00:00,94516,drift,"[0, 106, 117, 184, 222, 225, 254, 256]",,,,Left
2025-12-30 01:00:00,94516,promotion,"[0, 106, 117, 184, 222, 225, 254, 257]",,257.0,256.0,Left
2025-12-30 16:00:00,146298,drift,"[0, 207, 336, 337, 338, 343, 344, 346]",,,,Global
2025-12-30 16:00:00,146298,promotion,"[0, 207, 336, 337, 338, 343, 344, 347]",,347.0,346.0,Global
2025-12-30 18:00:00,94740,warning,"[0, 106, 117, 184, 222, 225, 254, 257]",258.0,,,Left
2025-12-30 19:00:00,146394,warning,"[0, 207, 336, 337, 338, 343, 344, 347]",348.0,,,Global
2025-12-31 06:00:00,56258,warning,"[0, 25, 36, 43, 49, 100, 162, 164]",165.0,,,Right
2025-12-31 16:00:00,94960,drift,"[0, 106, 117, 184, 222, 225, 254, 257]",,,,Left
2025-12-31 16:00:00,94960,promotion,"[0, 106, 117, 184, 222, 225, 257, 258]",,258.0,254.0,Left
2025-12-31 17:00:00,146698,drift,"[0, 207, 336, 337, 338, 343, 344, 347]",,,,Global
2025-12-31 17:00:00,146698,promotion,"[0, 207, 336, 337, 338, 343, 344, 348]",,348.0,347.0,Global
2025-12-31 18:00:00,56378,drift,"[0, 25, 36, 43, 49, 100, 162, 164]",,,,Right
2025-12-31 18:00:00,56378,promotion,"[0, 25, 36, 43, 49, 100, 162, 165]",,165.0,164.0,Right
